"0","download_ssurgo(""areasymbol IN ('NJ003',"
"0","                'NJ013',"
"0","                'NJ027',"
"0","                'NJ031',"
"0","                'NJ039',"
"0","                'NY005',"
"0","                'NY047',"
"0","                'NY059',"
"0","                'NY061',"
"0","                'NY081',"
"0","                'NY085',"
"0","                'NY103',"
"0","                'NY119',"
"0","                'CT601')"","
"0","                exdir = td)"
"2","Loading required namespace: soilDB
"
"2","Registered S3 method overwritten by 'data.table':
  method           from
  print.data.table     
"
"2","single result set, returning a data.frame
"
"2"," [0%] Downloaded 4064 bytes..."
"2"," [0%] Downloaded 12752 bytes..."
"2"," [0%] Downloaded 29136 bytes..."
"2"," [0%] Downloaded 30128 bytes..."
"2"," [0%] Downloaded 46512 bytes..."
"2"," [0%] Downloaded 59088 bytes..."
"2"," [0%] Downloaded 75472 bytes..."
"2"," [0%] Downloaded 91856 bytes..."
"2"," [0%] Downloaded 99632 bytes..."
"2"," [0%] Downloaded 116016 bytes..."
"2"," [0%] Downloaded 132400 bytes..."
"2"," [0%] Downloaded 151760 bytes..."
"2"," [0%] Downloaded 168144 bytes..."
"2"," [0%] Downloaded 184528 bytes..."
"2"," [0%] Downloaded 215472 bytes..."
"2"," [0%] Downloaded 248240 bytes..."
"2"," [0%] Downloaded 264624 bytes..."
"2"," [0%] Downloaded 281008 bytes..."
"2"," [0%] Downloaded 313776 bytes..."
"2"," [0%] Downloaded 330160 bytes..."
"2"," [0%] Downloaded 346544 bytes..."
"2"," [0%] Downloaded 395696 bytes..."
"2"," [0%] Downloaded 410952 bytes..."
"2"," [0%] Downloaded 427336 bytes..."
"2"," [0%] Downloaded 460104 bytes..."
"2"," [0%] Downloaded 476488 bytes..."
"2"," [0%] Downloaded 525640 bytes..."
"2"," [0%] Downloaded 591176 bytes..."
"2"," [0%] Downloaded 622816 bytes..."
"2"," [0%] Downloaded 655584 bytes..."
"2"," [0%] Downloaded 721120 bytes..."
"2"," [0%] Downloaded 786656 bytes..."
"2"," [0%] Downloaded 834680 bytes..."
"2"," [0%] Downloaded 851064 bytes..."
"2"," [0%] Downloaded 900216 bytes..."
"2"," [0%] Downloaded 916600 bytes..."
"2"," [0%] Downloaded 965752 bytes..."
"2"," [0%] Downloaded 982136 bytes..."
"2"," [0%] Downloaded 1030160 bytes..."
"2"," [0%] Downloaded 1046544 bytes..."
"2"," [0%] Downloaded 1112080 bytes..."
"2"," [0%] Downloaded 1161232 bytes..."
"2"," [0%] Downloaded 1177616 bytes..."
"2"," [0%] Downloaded 1225640 bytes..."
"2"," [0%] Downloaded 1242024 bytes..."
"2"," [0%] Downloaded 1291176 bytes..."
"2"," [0%] Downloaded 1307560 bytes..."
"2"," [0%] Downloaded 1356712 bytes..."
"2"," [0%] Downloaded 1373096 bytes..."
"2"," [0%] Downloaded 1421120 bytes..."
"2"," [0%] Downloaded 1437504 bytes..."
"2"," [0%] Downloaded 1453888 bytes..."
"2"," [0%] Downloaded 1470272 bytes..."
"2"," [0%] Downloaded 1486656 bytes..."
"2"," [0%] Downloaded 1503040 bytes..."
"2"," [0%] Downloaded 1519424 bytes..."
"2"," [0%] Downloaded 1535808 bytes..."
"2"," [0%] Downloaded 1552192 bytes..."
"2"," [0%] Downloaded 1583832 bytes..."
"2"," [0%] Downloaded 1600216 bytes..."
"2"," [0%] Downloaded 1616600 bytes..."
"2"," [1%] Downloaded 1682136 bytes..."
"2"," [1%] Downloaded 1747672 bytes..."
"2"," [1%] Downloaded 1812080 bytes..."
"2"," [1%] Downloaded 1877616 bytes..."
"2"," [1%] Downloaded 1943152 bytes..."
"2"," [1%] Downloaded 1974792 bytes..."
"2"," [1%] Downloaded 2007560 bytes..."
"2"," [1%] Downloaded 2073096 bytes..."
"2"," [1%] Downloaded 2138632 bytes..."
"2"," [1%] Downloaded 2186656 bytes..."
"2"," [1%] Downloaded 2203040 bytes..."
"2"," [1%] Downloaded 2252192 bytes..."
"2"," [1%] Downloaded 2268576 bytes..."
"2"," [1%] Downloaded 2317728 bytes..."
"2"," [1%] Downloaded 2334112 bytes..."
"2"," [1%] Downloaded 2398520 bytes..."
"2"," [1%] Downloaded 2431288 bytes..."
"2"," [1%] Downloaded 2464056 bytes..."
"2"," [1%] Downloaded 2529592 bytes..."
"2"," [1%] Downloaded 2577616 bytes..."
"2"," [1%] Downloaded 2594000 bytes..."
"2"," [1%] Downloaded 2626768 bytes..."
"2"," [1%] Downloaded 2659536 bytes..."
"2"," [1%] Downloaded 2708688 bytes..."
"2"," [1%] Downloaded 2725072 bytes..."
"2"," [1%] Downloaded 2789480 bytes..."
"2"," [1%] Downloaded 2838632 bytes..."
"2"," [1%] Downloaded 2855016 bytes..."
"2"," [1%] Downloaded 2904168 bytes..."
"2"," [1%] Downloaded 2920552 bytes..."
"2"," [1%] Downloaded 2952192 bytes..."
"2"," [1%] Downloaded 2968576 bytes..."
"2"," [1%] Downloaded 2984960 bytes..."
"2"," [1%] Downloaded 3017728 bytes..."
"2"," [1%] Downloaded 3034112 bytes..."
"2"," [1%] Downloaded 3099648 bytes..."
"2"," [1%] Downloaded 3164056 bytes..."
"2"," [1%] Downloaded 3229592 bytes..."
"2"," [1%] Downloaded 3245976 bytes..."
"2"," [2%] Downloaded 3295128 bytes..."
"2"," [2%] Downloaded 3359536 bytes..."
"2"," [2%] Downloaded 3425072 bytes..."
"2"," [2%] Downloaded 3490608 bytes..."
"2"," [2%] Downloaded 3506992 bytes..."
"2"," [2%] Downloaded 3555391 bytes..."
"2"," [2%] Downloaded 3620927 bytes..."
"2"," [2%] Downloaded 3686463 bytes..."
"2"," [2%] Downloaded 3750871 bytes..."
"2"," [2%] Downloaded 3816407 bytes..."
"2"," [2%] Downloaded 3881943 bytes..."
"2"," [2%] Downloaded 3946351 bytes..."
"2"," [2%] Downloaded 3995503 bytes..."
"2"," [2%] Downloaded 4011887 bytes..."
"2"," [2%] Downloaded 4061039 bytes..."
"2"," [2%] Downloaded 4077423 bytes..."
"2"," [2%] Downloaded 4125447 bytes..."
"2"," [2%] Downloaded 4141831 bytes..."
"2"," [2%] Downloaded 4190983 bytes..."
"2"," [2%] Downloaded 4207367 bytes..."
"2"," [2%] Downloaded 4240135 bytes..."
"2"," [2%] Downloaded 4256519 bytes..."
"2"," [2%] Downloaded 4272903 bytes..."
"2"," [2%] Downloaded 4305671 bytes..."
"2"," [2%] Downloaded 4320927 bytes..."
"2"," [2%] Downloaded 4370079 bytes..."
"2"," [2%] Downloaded 4386463 bytes..."
"2"," [2%] Downloaded 4451999 bytes..."
"2"," [2%] Downloaded 4501151 bytes..."
"2"," [2%] Downloaded 4516407 bytes..."
"2"," [2%] Downloaded 4581943 bytes..."
"2"," [2%] Downloaded 4647479 bytes..."
"2"," [2%] Downloaded 4711887 bytes..."
"2"," [2%] Downloaded 4777423 bytes..."
"2"," [2%] Downloaded 4842959 bytes..."
"2"," [3%] Downloaded 4892111 bytes..."
"2"," [3%] Downloaded 4907367 bytes..."
"2"," [3%] Downloaded 4972903 bytes..."
"2"," [3%] Downloaded 5038439 bytes..."
"2"," [3%] Downloaded 5102847 bytes..."
"2"," [3%] Downloaded 5135615 bytes..."
"2"," [3%] Downloaded 5168383 bytes..."
"2"," [3%] Downloaded 5217535 bytes..."
"2"," [3%] Downloaded 5233919 bytes..."
"2"," [3%] Downloaded 5250303 bytes..."
"2"," [3%] Downloaded 5298327 bytes..."
"2"," [3%] Downloaded 5314711 bytes..."
"2"," [3%] Downloaded 5347479 bytes..."
"2"," [3%] Downloaded 5363863 bytes..."
"2"," [3%] Downloaded 5380247 bytes..."
"2"," [3%] Downloaded 5413015 bytes..."
"2"," [3%] Downloaded 5429399 bytes..."
"2"," [3%] Downloaded 5445783 bytes..."
"2"," [3%] Downloaded 5478551 bytes..."
"2"," [3%] Downloaded 5493807 bytes..."
"2"," [3%] Downloaded 5510191 bytes..."
"2"," [3%] Downloaded 5542959 bytes..."
"2"," [3%] Downloaded 5575727 bytes..."
"2"," [3%] Downloaded 5608495 bytes..."
"2"," [3%] Downloaded 5641263 bytes..."
"2"," [3%] Downloaded 5674031 bytes..."
"2"," [3%] Downloaded 5705671 bytes..."
"2"," [3%] Downloaded 5738439 bytes..."
"2"," [3%] Downloaded 5771207 bytes..."
"2"," [3%] Downloaded 5803975 bytes..."
"2"," [3%] Downloaded 5836743 bytes..."
"2"," [3%] Downloaded 5869511 bytes..."
"2"," [3%] Downloaded 5901151 bytes..."
"2"," [3%] Downloaded 5933919 bytes..."
"2"," [3%] Downloaded 5966687 bytes..."
"2"," [3%] Downloaded 5999455 bytes..."
"2"," [3%] Downloaded 6032223 bytes..."
"2"," [3%] Downloaded 6048607 bytes..."
"2"," [3%] Downloaded 6064991 bytes..."
"2"," [3%] Downloaded 6096631 bytes..."
"2"," [3%] Downloaded 6129399 bytes..."
"2"," [3%] Downloaded 6145783 bytes..."
"2"," [3%] Downloaded 6194935 bytes..."
"2"," [3%] Downloaded 6211319 bytes..."
"2"," [3%] Downloaded 6227703 bytes..."
"2"," [3%] Downloaded 6260471 bytes..."
"2"," [3%] Downloaded 6292111 bytes..."
"2"," [3%] Downloaded 6324879 bytes..."
"2"," [3%] Downloaded 6357647 bytes..."
"2"," [3%] Downloaded 6390415 bytes..."
"2"," [3%] Downloaded 6423183 bytes..."
"2"," [3%] Downloaded 6455951 bytes..."
"2"," [3%] Downloaded 6471207 bytes..."
"2"," [3%] Downloaded 6487591 bytes..."
"2"," [3%] Downloaded 6503975 bytes..."
"2"," [4%] Downloaded 6520359 bytes..."
"2"," [4%] Downloaded 6553127 bytes..."
"2"," [4%] Downloaded 6569511 bytes..."
"2"," [4%] Downloaded 6585895 bytes..."
"2"," [4%] Downloaded 6618663 bytes..."
"2"," [4%] Downloaded 6635047 bytes..."
"2"," [4%] Downloaded 6651431 bytes..."
"2"," [4%] Downloaded 6683071 bytes..."
"2"," [4%] Downloaded 6715839 bytes..."
"2"," [4%] Downloaded 6748607 bytes..."
"2"," [4%] Downloaded 6764991 bytes..."
"2"," [4%] Downloaded 6781375 bytes..."
"2"," [4%] Downloaded 6814143 bytes..."
"2"," [4%] Downloaded 6830527 bytes..."
"2"," [4%] Downloaded 6846911 bytes..."
"2"," [4%] Downloaded 6878551 bytes..."
"2"," [4%] Downloaded 6894935 bytes..."
"2"," [4%] Downloaded 6911319 bytes..."
"2"," [4%] Downloaded 6944087 bytes..."
"2"," [4%] Downloaded 6960471 bytes..."
"2"," [4%] Downloaded 6976855 bytes..."
"2"," [4%] Downloaded 7009623 bytes..."
"2"," [4%] Downloaded 7026007 bytes..."
"2"," [4%] Downloaded 7042391 bytes..."
"2"," [4%] Downloaded 7074031 bytes..."
"2"," [4%] Downloaded 7090415 bytes..."
"2"," [4%] Downloaded 7106799 bytes..."
"2"," [4%] Downloaded 7139567 bytes..."
"2"," [4%] Downloaded 7155951 bytes..."
"2"," [4%] Downloaded 7205103 bytes..."
"2"," [4%] Downloaded 7221487 bytes..."
"2"," [4%] Downloaded 7269511 bytes..."
"2"," [4%] Downloaded 7285895 bytes..."
"2"," [4%] Downloaded 7335047 bytes..."
"2"," [4%] Downloaded 7351431 bytes..."
"2"," [4%] Downloaded 7384199 bytes..."
"2"," [4%] Downloaded 7400583 bytes..."
"2"," [4%] Downloaded 7416967 bytes..."
"2"," [4%] Downloaded 7464991 bytes..."
"2"," [4%] Downloaded 7481375 bytes..."
"2"," [4%] Downloaded 7530527 bytes..."
"2"," [4%] Downloaded 7546911 bytes..."
"2"," [4%] Downloaded 7563295 bytes..."
"2"," [4%] Downloaded 7596063 bytes..."
"2"," [4%] Downloaded 7612447 bytes..."
"2"," [4%] Downloaded 7660471 bytes..."
"2"," [4%] Downloaded 7676855 bytes..."
"2"," [4%] Downloaded 7726007 bytes..."
"2"," [4%] Downloaded 7742391 bytes..."
"2"," [4%] Downloaded 7775159 bytes..."
"2"," [4%] Downloaded 7791543 bytes..."
"2"," [4%] Downloaded 7807927 bytes..."
"2"," [4%] Downloaded 7855951 bytes..."
"2"," [4%] Downloaded 7872335 bytes..."
"2"," [4%] Downloaded 7905103 bytes..."
"2"," [4%] Downloaded 7921487 bytes..."
"2"," [4%] Downloaded 7937871 bytes..."
"2"," [4%] Downloaded 7970639 bytes..."
"2"," [4%] Downloaded 7987023 bytes..."
"2"," [4%] Downloaded 8003407 bytes..."
"2"," [4%] Downloaded 8051431 bytes..."
"2"," [4%] Downloaded 8067815 bytes..."
"2"," [5%] Downloaded 8133351 bytes..."
"2"," [5%] Downloaded 8198887 bytes..."
"2"," [5%] Downloaded 8263295 bytes..."
"2"," [5%] Downloaded 8312447 bytes..."
"2"," [5%] Downloaded 8328831 bytes..."
"2"," [5%] Downloaded 8377983 bytes..."
"2"," [5%] Downloaded 8394367 bytes..."
"2"," [5%] Downloaded 8442391 bytes..."
"2"," [5%] Downloaded 8458775 bytes..."
"2"," [5%] Downloaded 8491543 bytes..."
"2"," [5%] Downloaded 8507927 bytes..."
"2"," [5%] Downloaded 8524311 bytes..."
"2"," [5%] Downloaded 8573463 bytes..."
"2"," [5%] Downloaded 8589847 bytes..."
"2"," [5%] Downloaded 8621487 bytes..."
"2"," [5%] Downloaded 8637871 bytes..."
"2"," [5%] Downloaded 8654255 bytes..."
"2"," [5%] Downloaded 8670639 bytes..."
"2"," [5%] Downloaded 8703407 bytes..."
"2"," [5%] Downloaded 8719791 bytes..."
"2"," [5%] Downloaded 8768943 bytes..."
"2"," [5%] Downloaded 8785327 bytes..."
"2"," [5%] Downloaded 8833351 bytes..."
"2"," [5%] Downloaded 8849735 bytes..."
"2"," [5%] Downloaded 8898887 bytes..."
"2"," [5%] Downloaded 8915271 bytes..."
"2"," [5%] Downloaded 8964423 bytes..."
"2"," [5%] Downloaded 8980807 bytes..."
"2"," [5%] Downloaded 9028831 bytes..."
"2"," [5%] Downloaded 9045215 bytes..."
"2"," [5%] Downloaded 9077983 bytes..."
"2"," [5%] Downloaded 9094367 bytes..."
"2"," [5%] Downloaded 9110751 bytes..."
"2"," [5%] Downloaded 9143519 bytes..."
"2"," [5%] Downloaded 9159903 bytes..."
"2"," [5%] Downloaded 9207927 bytes..."
"2"," [5%] Downloaded 9224311 bytes..."
"2"," [5%] Downloaded 9257079 bytes..."
"2"," [5%] Downloaded 9273463 bytes..."
"2"," [5%] Downloaded 9289847 bytes..."
"2"," [5%] Downloaded 9338999 bytes..."
"2"," [5%] Downloaded 9355383 bytes..."
"2"," [5%] Downloaded 9403407 bytes..."
"2"," [5%] Downloaded 9419791 bytes..."
"2"," [5%] Downloaded 9485327 bytes..."
"2"," [5%] Downloaded 9501711 bytes..."
"2"," [5%] Downloaded 9534479 bytes..."
"2"," [5%] Downloaded 9550863 bytes..."
"2"," [5%] Downloaded 9598887 bytes..."
"2"," [5%] Downloaded 9615271 bytes..."
"2"," [5%] Downloaded 9664423 bytes..."
"2"," [5%] Downloaded 9680807 bytes..."
"2"," [5%] Downloaded 9729959 bytes..."
"2"," [5%] Downloaded 9746343 bytes..."
"2"," [6%] Downloaded 9779111 bytes..."
"2"," [6%] Downloaded 9794367 bytes..."
"2"," [6%] Downloaded 9810751 bytes..."
"2"," [6%] Downloaded 9843519 bytes..."
"2"," [6%] Downloaded 9859903 bytes..."
"2"," [6%] Downloaded 9876287 bytes..."
"2"," [6%] Downloaded 9909055 bytes..."
"2"," [6%] Downloaded 9925439 bytes..."
"2"," [6%] Downloaded 9941823 bytes..."
"2"," [6%] Downloaded 9958207 bytes..."
"2"," [6%] Downloaded 9974591 bytes..."
"2"," [6%] Downloaded 9989847 bytes..."
"2"," [6%] Downloaded 10006231 bytes..."
"2"," [6%] Downloaded 10038999 bytes..."
"2"," [6%] Downloaded 10055383 bytes..."
"2"," [6%] Downloaded 10071767 bytes..."
"2"," [6%] Downloaded 10104535 bytes..."
"2"," [6%] Downloaded 10120919 bytes..."
"2"," [6%] Downloaded 10137303 bytes..."
"2"," [6%] Downloaded 10170071 bytes..."
"2"," [6%] Downloaded 10185327 bytes..."
"2"," [6%] Downloaded 10201711 bytes..."
"2"," [6%] Downloaded 10234479 bytes..."
"2"," [6%] Downloaded 10250863 bytes..."
"2"," [6%] Downloaded 10267247 bytes..."
"2"," [6%] Downloaded 10300015 bytes..."
"2"," [6%] Downloaded 10316399 bytes..."
"2"," [6%] Downloaded 10332783 bytes..."
"2"," [6%] Downloaded 10349167 bytes..."
"2"," [6%] Downloaded 10365551 bytes..."
"2"," [6%] Downloaded 10380807 bytes..."
"2"," [6%] Downloaded 10397191 bytes..."
"2"," [6%] Downloaded 10413575 bytes..."
"2"," [6%] Downloaded 10446343 bytes..."
"2"," [6%] Downloaded 10462727 bytes..."
"2"," [6%] Downloaded 10479111 bytes..."
"2"," [6%] Downloaded 10511879 bytes..."
"2"," [6%] Downloaded 10544647 bytes..."
"2"," [6%] Downloaded 10576287 bytes..."
"2"," [6%] Downloaded 10592671 bytes..."
"2"," [6%] Downloaded 10609055 bytes..."
"2"," [6%] Downloaded 10641823 bytes..."
"2"," [6%] Downloaded 10658207 bytes..."
"2"," [6%] Downloaded 10674591 bytes..."
"2"," [6%] Downloaded 10707359 bytes..."
"2"," [6%] Downloaded 10740127 bytes..."
"2"," [6%] Downloaded 10771767 bytes..."
"2"," [6%] Downloaded 10788151 bytes..."
"2"," [6%] Downloaded 10804535 bytes..."
"2"," [6%] Downloaded 10837303 bytes..."
"2"," [6%] Downloaded 10853687 bytes..."
"2"," [6%] Downloaded 10870071 bytes..."
"2"," [6%] Downloaded 10886455 bytes..."
"2"," [6%] Downloaded 10902839 bytes..."
"2"," [6%] Downloaded 10919223 bytes..."
"2"," [6%] Downloaded 10935607 bytes..."
"2"," [6%] Downloaded 10951991 bytes..."
"2"," [6%] Downloaded 10967247 bytes..."
"2"," [6%] Downloaded 10983631 bytes..."
"2"," [6%] Downloaded 11000015 bytes..."
"2"," [6%] Downloaded 11016399 bytes..."
"2"," [6%] Downloaded 11032783 bytes..."
"2"," [6%] Downloaded 11049167 bytes..."
"2"," [6%] Downloaded 11065551 bytes..."
"2"," [6%] Downloaded 11098319 bytes..."
"2"," [6%] Downloaded 11114703 bytes..."
"2"," [6%] Downloaded 11131087 bytes..."
"2"," [6%] Downloaded 11162727 bytes..."
"2"," [6%] Downloaded 11179111 bytes..."
"2"," [6%] Downloaded 11211879 bytes..."
"2"," [6%] Downloaded 11228263 bytes..."
"2"," [6%] Downloaded 11244647 bytes..."
"2"," [6%] Downloaded 11293799 bytes..."
"2"," [6%] Downloaded 11310183 bytes..."
"2"," [6%] Downloaded 11358207 bytes..."
"2"," [6%] Downloaded 11374591 bytes..."
"2"," [7%] Downloaded 11407359 bytes..."
"2"," [7%] Downloaded 11423743 bytes..."
"2"," [7%] Downloaded 11440127 bytes..."
"2"," [7%] Downloaded 11472895 bytes..."
"2"," [7%] Downloaded 11489279 bytes..."
"2"," [7%] Downloaded 11505663 bytes..."
"2"," [7%] Downloaded 11553687 bytes..."
"2"," [7%] Downloaded 11570071 bytes..."
"2"," [7%] Downloaded 11619223 bytes..."
"2"," [7%] Downloaded 11635607 bytes..."
"2"," [7%] Downloaded 11668375 bytes..."
"2"," [7%] Downloaded 11684759 bytes..."
"2"," [7%] Downloaded 11701143 bytes..."
"2"," [7%] Downloaded 11749167 bytes..."
"2"," [7%] Downloaded 11765551 bytes..."
"2"," [7%] Downloaded 11814703 bytes..."
"2"," [7%] Downloaded 11831087 bytes..."
"2"," [7%] Downloaded 11863855 bytes..."
"2"," [7%] Downloaded 11880239 bytes..."
"2"," [7%] Downloaded 11896623 bytes..."
"2"," [7%] Downloaded 11944647 bytes..."
"2"," [7%] Downloaded 11961031 bytes..."
"2"," [7%] Downloaded 12010183 bytes..."
"2"," [7%] Downloaded 12026567 bytes..."
"2"," [7%] Downloaded 12042951 bytes..."
"2"," [7%] Downloaded 12059335 bytes..."
"2"," [7%] Downloaded 12092103 bytes..."
"2"," [7%] Downloaded 12124871 bytes..."
"2"," [7%] Downloaded 12140127 bytes..."
"2"," [7%] Downloaded 12156511 bytes..."
"2"," [7%] Downloaded 12189279 bytes..."
"2"," [7%] Downloaded 12222047 bytes..."
"2"," [7%] Downloaded 12254815 bytes..."
"2"," [7%] Downloaded 12287583 bytes..."
"2"," [7%] Downloaded 12320351 bytes..."
"2"," [7%] Downloaded 12351991 bytes..."
"2"," [7%] Downloaded 12384759 bytes..."
"2"," [7%] Downloaded 12417527 bytes..."
"2"," [7%] Downloaded 12450295 bytes..."
"2"," [7%] Downloaded 12466679 bytes..."
"2"," [7%] Downloaded 12483063 bytes..."
"2"," [7%] Downloaded 12499447 bytes..."
"2"," [7%] Downloaded 12515831 bytes..."
"2"," [7%] Downloaded 12531087 bytes..."
"2"," [7%] Downloaded 12547471 bytes..."
"2"," [7%] Downloaded 12580239 bytes..."
"2"," [7%] Downloaded 12596623 bytes..."
"2"," [7%] Downloaded 12645775 bytes..."
"2"," [7%] Downloaded 12662159 bytes..."
"2"," [7%] Downloaded 12694927 bytes..."
"2"," [7%] Downloaded 12711311 bytes..."
"2"," [7%] Downloaded 12726567 bytes..."
"2"," [7%] Downloaded 12775719 bytes..."
"2"," [7%] Downloaded 12792103 bytes..."
"2"," [7%] Downloaded 12808487 bytes..."
"2"," [7%] Downloaded 12841255 bytes..."
"2"," [7%] Downloaded 12857639 bytes..."
"2"," [7%] Downloaded 12906791 bytes..."
"2"," [7%] Downloaded 12922047 bytes..."
"2"," [7%] Downloaded 12971199 bytes..."
"2"," [7%] Downloaded 12987583 bytes..."
"2"," [8%] Downloaded 13036735 bytes..."
"2"," [8%] Downloaded 13053119 bytes..."
"2"," [8%] Downloaded 13102271 bytes..."
"2"," [8%] Downloaded 13117527 bytes..."
"2"," [8%] Downloaded 13166679 bytes..."
"2"," [8%] Downloaded 13183063 bytes..."
"2"," [8%] Downloaded 13232215 bytes..."
"2"," [8%] Downloaded 13248599 bytes..."
"2"," [8%] Downloaded 13297751 bytes..."
"2"," [8%] Downloaded 13313007 bytes..."
"2"," [8%] Downloaded 13362159 bytes..."
"2"," [8%] Downloaded 13378543 bytes..."
"2"," [8%] Downloaded 13411311 bytes..."
"2"," [8%] Downloaded 13427695 bytes..."
"2"," [8%] Downloaded 13444079 bytes..."
"2"," [8%] Downloaded 13476847 bytes..."
"2"," [8%] Downloaded 13508487 bytes..."
"2"," [8%] Downloaded 13541255 bytes..."
"2"," [8%] Downloaded 13574023 bytes..."
"2"," [8%] Downloaded 13606791 bytes..."
"2"," [8%] Downloaded 13639559 bytes..."
"2"," [8%] Downloaded 13672327 bytes..."
"2"," [8%] Downloaded 13703967 bytes..."
"2"," [8%] Downloaded 13736735 bytes..."
"2"," [8%] Downloaded 13769503 bytes..."
"2"," [8%] Downloaded 13802271 bytes..."
"2"," [8%] Downloaded 13818655 bytes..."
"2"," [8%] Downloaded 13835039 bytes..."
"2"," [8%] Downloaded 13867807 bytes..."
"2"," [8%] Downloaded 13884191 bytes..."
"2"," [8%] Downloaded 13899447 bytes..."
"2"," [8%] Downloaded 13932215 bytes..."
"2"," [8%] Downloaded 13948599 bytes..."
"2"," [8%] Downloaded 13997751 bytes..."
"2"," [8%] Downloaded 14014135 bytes..."
"2"," [8%] Downloaded 14063287 bytes..."
"2"," [8%] Downloaded 14079671 bytes..."
"2"," [8%] Downloaded 14127695 bytes..."
"2"," [8%] Downloaded 14144079 bytes..."
"2"," [8%] Downloaded 14193231 bytes..."
"2"," [8%] Downloaded 14209615 bytes..."
"2"," [8%] Downloaded 14225999 bytes..."
"2"," [8%] Downloaded 14258767 bytes..."
"2"," [8%] Downloaded 14275151 bytes..."
"2"," [8%] Downloaded 14323175 bytes..."
"2"," [8%] Downloaded 14339559 bytes..."
"2"," [8%] Downloaded 14388711 bytes..."
"2"," [8%] Downloaded 14405095 bytes..."
"2"," [8%] Downloaded 14437863 bytes..."
"2"," [8%] Downloaded 14454247 bytes..."
"2"," [8%] Downloaded 14470631 bytes..."
"2"," [8%] Downloaded 14518655 bytes..."
"2"," [8%] Downloaded 14535039 bytes..."
"2"," [8%] Downloaded 14584191 bytes..."
"2"," [8%] Downloaded 14600575 bytes..."
"2"," [8%] Downloaded 14633343 bytes..."
"2"," [9%] Downloaded 14666111 bytes..."
"2"," [9%] Downloaded 14697751 bytes..."
"2"," [9%] Downloaded 14714135 bytes..."
"2"," [9%] Downloaded 14730519 bytes..."
"2"," [9%] Downloaded 14763287 bytes..."
"2"," [9%] Downloaded 14796055 bytes..."
"2"," [9%] Downloaded 14828823 bytes..."
"2"," [9%] Downloaded 14861591 bytes..."
"2"," [9%] Downloaded 14893231 bytes..."
"2"," [9%] Downloaded 14925999 bytes..."
"2"," [9%] Downloaded 14958767 bytes..."
"2"," [9%] Downloaded 14991535 bytes..."
"2"," [9%] Downloaded 15024303 bytes..."
"2"," [9%] Downloaded 15057071 bytes..."
"2"," [9%] Downloaded 15088711 bytes..."
"2"," [9%] Downloaded 15121479 bytes..."
"2"," [9%] Downloaded 15154247 bytes..."
"2"," [9%] Downloaded 15187015 bytes..."
"2"," [9%] Downloaded 15203399 bytes..."
"2"," [9%] Downloaded 15219783 bytes..."
"2"," [9%] Downloaded 15252551 bytes..."
"2"," [9%] Downloaded 15284191 bytes..."
"2"," [9%] Downloaded 15316959 bytes..."
"2"," [9%] Downloaded 15349727 bytes..."
"2"," [9%] Downloaded 15382495 bytes..."
"2"," [9%] Downloaded 15415263 bytes..."
"2"," [9%] Downloaded 15431647 bytes..."
"2"," [9%] Downloaded 15448031 bytes..."
"2"," [9%] Downloaded 15479671 bytes..."
"2"," [9%] Downloaded 15496055 bytes..."
"2"," [9%] Downloaded 15512439 bytes..."
"2"," [9%] Downloaded 15545207 bytes..."
"2"," [9%] Downloaded 15561591 bytes..."
"2"," [9%] Downloaded 15577975 bytes..."
"2"," [9%] Downloaded 15610743 bytes..."
"2"," [9%] Downloaded 15627127 bytes..."
"2"," [9%] Downloaded 15675151 bytes..."
"2"," [9%] Downloaded 15691535 bytes..."
"2"," [9%] Downloaded 15724303 bytes..."
"2"," [9%] Downloaded 15740687 bytes..."
"2"," [9%] Downloaded 15773455 bytes..."
"2"," [9%] Downloaded 15789839 bytes..."
"2"," [9%] Downloaded 15838991 bytes..."
"2"," [9%] Downloaded 15854247 bytes..."
"2"," [9%] Downloaded 15870631 bytes..."
"2"," [9%] Downloaded 15903399 bytes..."
"2"," [9%] Downloaded 15919783 bytes..."
"2"," [9%] Downloaded 15985319 bytes..."
"2"," [9%] Downloaded 16001703 bytes..."
"2"," [9%] Downloaded 16049727 bytes..."
"2"," [9%] Downloaded 16115263 bytes..."
"2"," [9%] Downloaded 16180799 bytes..."
"2"," [9%] Downloaded 16245207 bytes..."
"2"," [10%] Downloaded 16277975 bytes..."
"2"," [10%] Downloaded 16310743 bytes..."
"2"," [10%] Downloaded 16376279 bytes..."
"2"," [10%] Downloaded 16440687 bytes..."
"2"," [10%] Downloaded 16457071 bytes..."
"2"," [10%] Downloaded 16506223 bytes..."
"2"," [10%] Downloaded 16571759 bytes..."
"2"," [10%] Downloaded 16620911 bytes..."
"2"," [10%] Downloaded 16636167 bytes..."
"2"," [10%] Downloaded 16685319 bytes..."
"2"," [10%] Downloaded 16701703 bytes..."
"2"," [10%] Downloaded 16767239 bytes..."
"2"," [10%] Downloaded 16831647 bytes..."
"2"," [10%] Downloaded 16880799 bytes..."
"2"," [10%] Downloaded 16913567 bytes..."
"2"," [10%] Downloaded 16946335 bytes..."
"2"," [10%] Downloaded 17011871 bytes..."
"2"," [10%] Downloaded 17027127 bytes..."
"2"," [10%] Downloaded 17076279 bytes..."
"2"," [10%] Downloaded 17125431 bytes..."
"2"," [10%] Downloaded 17141815 bytes..."
"2"," [10%] Downloaded 17207351 bytes..."
"2"," [10%] Downloaded 17271759 bytes..."
"2"," [10%] Downloaded 17304527 bytes..."
"2"," [10%] Downloaded 17337295 bytes..."
"2"," [10%] Downloaded 17402831 bytes..."
"2"," [10%] Downloaded 17450855 bytes..."
"2"," [10%] Downloaded 17467239 bytes..."
"2"," [10%] Downloaded 17516391 bytes..."
"2"," [10%] Downloaded 17532775 bytes..."
"2"," [10%] Downloaded 17565543 bytes..."
"2"," [10%] Downloaded 17598311 bytes..."
"2"," [10%] Downloaded 17662719 bytes..."
"2"," [10%] Downloaded 17728255 bytes..."
"2"," [10%] Downloaded 17744639 bytes..."
"2"," [10%] Downloaded 17793791 bytes..."
"2"," [10%] Downloaded 17825431 bytes..."
"2"," [10%] Downloaded 17858199 bytes..."
"2"," [11%] Downloaded 17923735 bytes..."
"2"," [11%] Downloaded 17972887 bytes..."
"2"," [11%] Downloaded 18053679 bytes..."
"2"," [11%] Downloaded 18086447 bytes..."
"2"," [11%] Downloaded 18102831 bytes..."
"2"," [11%] Downloaded 18151983 bytes..."
"2"," [11%] Downloaded 18168367 bytes..."
"2"," [11%] Downloaded 18232775 bytes..."
"2"," [11%] Downloaded 18281927 bytes..."
"2"," [11%] Downloaded 18298311 bytes..."
"2"," [11%] Downloaded 18363847 bytes..."
"2"," [11%] Downloaded 18411871 bytes..."
"2"," [11%] Downloaded 18428255 bytes..."
"2"," [11%] Downloaded 18444639 bytes..."
"2"," [11%] Downloaded 18493791 bytes..."
"2"," [11%] Downloaded 18559327 bytes..."
"2"," [11%] Downloaded 18590967 bytes..."
"2"," [11%] Downloaded 18623735 bytes..."
"2"," [11%] Downloaded 18672887 bytes..."
"2"," [11%] Downloaded 18689271 bytes..."
"2"," [11%] Downloaded 18754807 bytes..."
"2"," [11%] Downloaded 18802831 bytes..."
"2"," [11%] Downloaded 18819215 bytes..."
"2"," [11%] Downloaded 18851983 bytes..."
"2"," [11%] Downloaded 18884751 bytes..."
"2"," [11%] Downloaded 18917519 bytes..."
"2"," [11%] Downloaded 18950287 bytes..."
"2"," [11%] Downloaded 19014695 bytes..."
"2"," [11%] Downloaded 19063847 bytes..."
"2"," [11%] Downloaded 19080231 bytes..."
"2"," [11%] Downloaded 19145767 bytes..."
"2"," [11%] Downloaded 19210175 bytes..."
"2"," [11%] Downloaded 19259327 bytes..."
"2"," [11%] Downloaded 19275711 bytes..."
"2"," [11%] Downloaded 19324863 bytes..."
"2"," [11%] Downloaded 19341247 bytes..."
"2"," [11%] Downloaded 19389271 bytes..."
"2"," [11%] Downloaded 19405655 bytes..."
"2"," [11%] Downloaded 19454807 bytes..."
"2"," [11%] Downloaded 19471191 bytes..."
"2"," [12%] Downloaded 19520343 bytes..."
"2"," [12%] Downloaded 19553111 bytes..."
"2"," [12%] Downloaded 19584751 bytes..."
"2"," [12%] Downloaded 19601135 bytes..."
"2"," [12%] Downloaded 19633903 bytes..."
"2"," [12%] Downloaded 19650287 bytes..."
"2"," [12%] Downloaded 19715823 bytes..."
"2"," [12%] Downloaded 19763847 bytes..."
"2"," [12%] Downloaded 19780231 bytes..."
"2"," [12%] Downloaded 19812999 bytes..."
"2"," [12%] Downloaded 19845767 bytes..."
"2"," [12%] Downloaded 19894919 bytes..."
"2"," [12%] Downloaded 19911303 bytes..."
"2"," [12%] Downloaded 19975711 bytes..."
"2"," [12%] Downloaded 20024863 bytes..."
"2"," [12%] Downloaded 20041247 bytes..."
"2"," [12%] Downloaded 20090399 bytes..."
"2"," [12%] Downloaded 20106783 bytes..."
"2"," [12%] Downloaded 20123167 bytes..."
"2"," [12%] Downloaded 20171191 bytes..."
"2"," [12%] Downloaded 20236727 bytes..."
"2"," [12%] Downloaded 20269495 bytes..."
"2"," [12%] Downloaded 20302263 bytes..."
"2"," [12%] Downloaded 20350287 bytes..."
"2"," [12%] Downloaded 20366671 bytes..."
"2"," [12%] Downloaded 20432207 bytes..."
"2"," [12%] Downloaded 20497743 bytes..."
"2"," [12%] Downloaded 20545767 bytes..."
"2"," [12%] Downloaded 20562151 bytes..."
"2"," [12%] Downloaded 20611303 bytes..."
"2"," [12%] Downloaded 20627687 bytes..."
"2"," [12%] Downloaded 20644071 bytes..."
"2"," [12%] Downloaded 20676839 bytes..."
"2"," [12%] Downloaded 20741247 bytes..."
"2"," [12%] Downloaded 20757631 bytes..."
"2"," [12%] Downloaded 20806783 bytes..."
"2"," [12%] Downloaded 20872319 bytes..."
"2"," [12%] Downloaded 20905087 bytes..."
"2"," [12%] Downloaded 20946327 bytes..."
"2"," [12%] Downloaded 20995479 bytes..."
"2"," [12%] Downloaded 21011863 bytes..."
"2"," [12%] Downloaded 21061015 bytes..."
"2"," [12%] Downloaded 21077399 bytes..."
"2"," [12%] Downloaded 21125423 bytes..."
"2"," [12%] Downloaded 21141807 bytes..."
"2"," [13%] Downloaded 21190959 bytes..."
"2"," [13%] Downloaded 21207343 bytes..."
"2"," [13%] Downloaded 21240111 bytes..."
"2"," [13%] Downloaded 21256495 bytes..."
"2"," [13%] Downloaded 21272879 bytes..."
"2"," [13%] Downloaded 21320903 bytes..."
"2"," [13%] Downloaded 21386439 bytes..."
"2"," [13%] Downloaded 21451975 bytes..."
"2"," [13%] Downloaded 21499999 bytes..."
"2"," [13%] Downloaded 21516383 bytes..."
"2"," [13%] Downloaded 21565535 bytes..."
"2"," [13%] Downloaded 21581919 bytes..."
"2"," [13%] Downloaded 21631071 bytes..."
"2"," [13%] Downloaded 21647455 bytes..."
"2"," [13%] Downloaded 21663839 bytes..."
"2"," [13%] Downloaded 21695479 bytes..."
"2"," [13%] Downloaded 21711863 bytes..."
"2"," [13%] Downloaded 21744631 bytes..."
"2"," [13%] Downloaded 21761015 bytes..."
"2"," [13%] Downloaded 21777399 bytes..."
"2"," [13%] Downloaded 21826551 bytes..."
"2"," [13%] Downloaded 21842935 bytes..."
"2"," [13%] Downloaded 21890959 bytes..."
"2"," [13%] Downloaded 21907343 bytes..."
"2"," [13%] Downloaded 21940111 bytes..."
"2"," [13%] Downloaded 21956495 bytes..."
"2"," [13%] Downloaded 21972879 bytes..."
"2"," [13%] Downloaded 22005647 bytes..."
"2"," [13%] Downloaded 22022031 bytes..."
"2"," [13%] Downloaded 22038415 bytes..."
"2"," [13%] Downloaded 22086439 bytes..."
"2"," [13%] Downloaded 22102823 bytes..."
"2"," [13%] Downloaded 22151975 bytes..."
"2"," [13%] Downloaded 22168359 bytes..."
"2"," [13%] Downloaded 22217511 bytes..."
"2"," [13%] Downloaded 22233895 bytes..."
"2"," [13%] Downloaded 22282294 bytes..."
"2"," [13%] Downloaded 22298678 bytes..."
"2"," [13%] Downloaded 22347830 bytes..."
"2"," [13%] Downloaded 22364214 bytes..."
"2"," [13%] Downloaded 22429750 bytes..."
"2"," [13%] Downloaded 22477774 bytes..."
"2"," [13%] Downloaded 22494158 bytes..."
"2"," [13%] Downloaded 22559694 bytes..."
"2"," [13%] Downloaded 22625230 bytes..."
"2"," [13%] Downloaded 22689638 bytes..."
"2"," [13%] Downloaded 22738790 bytes..."
"2"," [13%] Downloaded 22755174 bytes..."
"2"," [14%] Downloaded 22787942 bytes..."
"2"," [14%] Downloaded 22804326 bytes..."
"2"," [14%] Downloaded 22820710 bytes..."
"2"," [14%] Downloaded 22837094 bytes..."
"2"," [14%] Downloaded 22853478 bytes..."
"2"," [14%] Downloaded 22868734 bytes..."
"2"," [14%] Downloaded 22885118 bytes..."
"2"," [14%] Downloaded 22901502 bytes..."
"2"," [14%] Downloaded 22917886 bytes..."
"2"," [14%] Downloaded 22950654 bytes..."
"2"," [14%] Downloaded 22983422 bytes..."
"2"," [14%] Downloaded 22999806 bytes..."
"2"," [14%] Downloaded 23048958 bytes..."
"2"," [14%] Downloaded 23064214 bytes..."
"2"," [14%] Downloaded 23080598 bytes..."
"2"," [14%] Downloaded 23113366 bytes..."
"2"," [14%] Downloaded 23129750 bytes..."
"2"," [14%] Downloaded 23162518 bytes..."
"2"," [14%] Downloaded 23178902 bytes..."
"2"," [14%] Downloaded 23195286 bytes..."
"2"," [14%] Downloaded 23228054 bytes..."
"2"," [14%] Downloaded 23244438 bytes..."
"2"," [14%] Downloaded 23263046 bytes..."
"2"," [14%] Downloaded 23295814 bytes..."
"2"," [14%] Downloaded 23328582 bytes..."
"2"," [14%] Downloaded 23361350 bytes..."
"2"," [14%] Downloaded 23394118 bytes..."
"2"," [14%] Downloaded 23426886 bytes..."
"2"," [14%] Downloaded 23458526 bytes..."
"2"," [14%] Downloaded 23491294 bytes..."
"2"," [14%] Downloaded 23524062 bytes..."
"2"," [14%] Downloaded 23556830 bytes..."
"2"," [14%] Downloaded 23589598 bytes..."
"2"," [14%] Downloaded 23622366 bytes..."
"2"," [14%] Downloaded 23637622 bytes..."
"2"," [14%] Downloaded 23654006 bytes..."
"2"," [14%] Downloaded 23686774 bytes..."
"2"," [14%] Downloaded 23703158 bytes..."
"2"," [14%] Downloaded 23719542 bytes..."
"2"," [14%] Downloaded 23752310 bytes..."
"2"," [14%] Downloaded 23768694 bytes..."
"2"," [14%] Downloaded 23785078 bytes..."
"2"," [14%] Downloaded 23817846 bytes..."
"2"," [14%] Downloaded 23833102 bytes..."
"2"," [14%] Downloaded 23849486 bytes..."
"2"," [14%] Downloaded 23865870 bytes..."
"2"," [14%] Downloaded 23898638 bytes..."
"2"," [14%] Downloaded 23915022 bytes..."
"2"," [14%] Downloaded 23964174 bytes..."
"2"," [14%] Downloaded 23980558 bytes..."
"2"," [14%] Downloaded 24028582 bytes..."
"2"," [14%] Downloaded 24044966 bytes..."
"2"," [14%] Downloaded 24094118 bytes..."
"2"," [14%] Downloaded 24110502 bytes..."
"2"," [14%] Downloaded 24159654 bytes..."
"2"," [14%] Downloaded 24176038 bytes..."
"2"," [14%] Downloaded 24208806 bytes..."
"2"," [14%] Downloaded 24224062 bytes..."
"2"," [14%] Downloaded 24273214 bytes..."
"2"," [14%] Downloaded 24289598 bytes..."
"2"," [14%] Downloaded 24338750 bytes..."
"2"," [14%] Downloaded 24355134 bytes..."
"2"," [15%] Downloaded 24404286 bytes..."
"2"," [15%] Downloaded 24419542 bytes..."
"2"," [15%] Downloaded 24435926 bytes..."
"2"," [15%] Downloaded 24485078 bytes..."
"2"," [15%] Downloaded 24550614 bytes..."
"2"," [15%] Downloaded 24615022 bytes..."
"2"," [15%] Downloaded 24680558 bytes..."
"2"," [15%] Downloaded 24729710 bytes..."
"2"," [15%] Downloaded 24746094 bytes..."
"2"," [15%] Downloaded 24810502 bytes..."
"2"," [15%] Downloaded 24859654 bytes..."
"2"," [15%] Downloaded 24876038 bytes..."
"2"," [15%] Downloaded 24941574 bytes..."
"2"," [15%] Downloaded 25005982 bytes..."
"2"," [15%] Downloaded 25038750 bytes..."
"2"," [15%] Downloaded 25071518 bytes..."
"2"," [15%] Downloaded 25104286 bytes..."
"2"," [15%] Downloaded 25137054 bytes..."
"2"," [15%] Downloaded 25186206 bytes..."
"2"," [15%] Downloaded 25201462 bytes..."
"2"," [15%] Downloaded 25250614 bytes..."
"2"," [15%] Downloaded 25266998 bytes..."
"2"," [15%] Downloaded 25316150 bytes..."
"2"," [15%] Downloaded 25332534 bytes..."
"2"," [15%] Downloaded 25365302 bytes..."
"2"," [15%] Downloaded 25381686 bytes..."
"2"," [15%] Downloaded 25396942 bytes..."
"2"," [15%] Downloaded 25446094 bytes..."
"2"," [15%] Downloaded 25495246 bytes..."
"2"," [15%] Downloaded 25511630 bytes..."
"2"," [15%] Downloaded 25544398 bytes..."
"2"," [15%] Downloaded 25577166 bytes..."
"2"," [15%] Downloaded 25592422 bytes..."
"2"," [15%] Downloaded 25641574 bytes..."
"2"," [15%] Downloaded 25707110 bytes..."
"2"," [15%] Downloaded 25772646 bytes..."
"2"," [15%] Downloaded 25787902 bytes..."
"2"," [15%] Downloaded 25837054 bytes..."
"2"," [15%] Downloaded 25886206 bytes..."
"2"," [15%] Downloaded 25902590 bytes..."
"2"," [15%] Downloaded 25951742 bytes..."
"2"," [15%] Downloaded 25968126 bytes..."
"2"," [15%] Downloaded 25999766 bytes..."
"2"," [15%] Downloaded 26016150 bytes..."
"2"," [16%] Downloaded 26032534 bytes..."
"2"," [16%] Downloaded 26065302 bytes..."
"2"," [16%] Downloaded 26081686 bytes..."
"2"," [16%] Downloaded 26098070 bytes..."
"2"," [16%] Downloaded 26147222 bytes..."
"2"," [16%] Downloaded 26163606 bytes..."
"2"," [16%] Downloaded 26211630 bytes..."
"2"," [16%] Downloaded 26228014 bytes..."
"2"," [16%] Downloaded 26277166 bytes..."
"2"," [16%] Downloaded 26293550 bytes..."
"2"," [16%] Downloaded 26309934 bytes..."
"2"," [16%] Downloaded 26342702 bytes..."
"2"," [16%] Downloaded 26359086 bytes..."
"2"," [16%] Downloaded 26390726 bytes..."
"2"," [16%] Downloaded 26407110 bytes..."
"2"," [16%] Downloaded 26423494 bytes..."
"2"," [16%] Downloaded 26456262 bytes..."
"2"," [16%] Downloaded 26472646 bytes..."
"2"," [16%] Downloaded 26489030 bytes..."
"2"," [16%] Downloaded 26505414 bytes..."
"2"," [16%] Downloaded 26521798 bytes..."
"2"," [16%] Downloaded 26538182 bytes..."
"2"," [16%] Downloaded 26554566 bytes..."
"2"," [16%] Downloaded 26586206 bytes..."
"2"," [16%] Downloaded 26602590 bytes..."
"2"," [16%] Downloaded 26618974 bytes..."
"2"," [16%] Downloaded 26635358 bytes..."
"2"," [16%] Downloaded 26651742 bytes..."
"2"," [16%] Downloaded 26668126 bytes..."
"2"," [16%] Downloaded 26717278 bytes..."
"2"," [16%] Downloaded 26733662 bytes..."
"2"," [16%] Downloaded 26765302 bytes..."
"2"," [16%] Downloaded 26781686 bytes..."
"2"," [16%] Downloaded 26798070 bytes..."
"2"," [16%] Downloaded 26847222 bytes..."
"2"," [16%] Downloaded 26863606 bytes..."
"2"," [16%] Downloaded 26912758 bytes..."
"2"," [16%] Downloaded 26929142 bytes..."
"2"," [16%] Downloaded 26977166 bytes..."
"2"," [16%] Downloaded 26993550 bytes..."
"2"," [16%] Downloaded 27042702 bytes..."
"2"," [16%] Downloaded 27059086 bytes..."
"2"," [16%] Downloaded 27108238 bytes..."
"2"," [16%] Downloaded 27124622 bytes..."
"2"," [16%] Downloaded 27156262 bytes..."
"2"," [16%] Downloaded 27172646 bytes..."
"2"," [16%] Downloaded 27189030 bytes..."
"2"," [16%] Downloaded 27238182 bytes..."
"2"," [16%] Downloaded 27254566 bytes..."
"2"," [16%] Downloaded 27303718 bytes..."
"2"," [16%] Downloaded 27320102 bytes..."
"2"," [16%] Downloaded 27368126 bytes..."
"2"," [16%] Downloaded 27384510 bytes..."
"2"," [16%] Downloaded 27417278 bytes..."
"2"," [16%] Downloaded 27433662 bytes..."
"2"," [16%] Downloaded 27450046 bytes..."
"2"," [16%] Downloaded 27482814 bytes..."
"2"," [16%] Downloaded 27499198 bytes..."
"2"," [16%] Downloaded 27515582 bytes..."
"2"," [16%] Downloaded 27547222 bytes..."
"2"," [16%] Downloaded 27563606 bytes..."
"2"," [16%] Downloaded 27579990 bytes..."
"2"," [16%] Downloaded 27596374 bytes..."
"2"," [16%] Downloaded 27629142 bytes..."
"2"," [16%] Downloaded 27645526 bytes..."
"2"," [17%] Downloaded 27661910 bytes..."
"2"," [17%] Downloaded 27678294 bytes..."
"2"," [17%] Downloaded 27711062 bytes..."
"2"," [17%] Downloaded 27727446 bytes..."
"2"," [17%] Downloaded 27742702 bytes..."
"2"," [17%] Downloaded 27775470 bytes..."
"2"," [17%] Downloaded 27791854 bytes..."
"2"," [17%] Downloaded 27808238 bytes..."
"2"," [17%] Downloaded 27841006 bytes..."
"2"," [17%] Downloaded 27857390 bytes..."
"2"," [17%] Downloaded 27873774 bytes..."
"2"," [17%] Downloaded 27890158 bytes..."
"2"," [17%] Downloaded 27906542 bytes..."
"2"," [17%] Downloaded 27922926 bytes..."
"2"," [17%] Downloaded 27938182 bytes..."
"2"," [17%] Downloaded 27970950 bytes..."
"2"," [17%] Downloaded 27987334 bytes..."
"2"," [17%] Downloaded 28003718 bytes..."
"2"," [17%] Downloaded 28036486 bytes..."
"2"," [17%] Downloaded 28052870 bytes..."
"2"," [17%] Downloaded 28069254 bytes..."
"2"," [17%] Downloaded 28085638 bytes..."
"2"," [17%] Downloaded 28102022 bytes..."
"2"," [17%] Downloaded 28118406 bytes..."
"2"," [17%] Downloaded 28133662 bytes..."
"2"," [17%] Downloaded 28150046 bytes..."
"2"," [17%] Downloaded 28166430 bytes..."
"2"," [17%] Downloaded 28182814 bytes..."
"2"," [17%] Downloaded 28199198 bytes..."
"2"," [17%] Downloaded 28215582 bytes..."
"2"," [17%] Downloaded 28231966 bytes..."
"2"," [17%] Downloaded 28248350 bytes..."
"2"," [17%] Downloaded 28264734 bytes..."
"2"," [17%] Downloaded 28297502 bytes..."
"2"," [17%] Downloaded 28313886 bytes..."
"2"," [17%] Downloaded 28329142 bytes..."
"2"," [17%] Downloaded 28345526 bytes..."
"2"," [17%] Downloaded 28361910 bytes..."
"2"," [17%] Downloaded 28378294 bytes..."
"2"," [17%] Downloaded 28394678 bytes..."
"2"," [17%] Downloaded 28427446 bytes..."
"2"," [17%] Downloaded 28443830 bytes..."
"2"," [17%] Downloaded 28460214 bytes..."
"2"," [17%] Downloaded 28509366 bytes..."
"2"," [17%] Downloaded 28524622 bytes..."
"2"," [17%] Downloaded 28573774 bytes..."
"2"," [17%] Downloaded 28590158 bytes..."
"2"," [17%] Downloaded 28606542 bytes..."
"2"," [17%] Downloaded 28639310 bytes..."
"2"," [17%] Downloaded 28655694 bytes..."
"2"," [17%] Downloaded 28672078 bytes..."
"2"," [17%] Downloaded 28704846 bytes..."
"2"," [17%] Downloaded 28720102 bytes..."
"2"," [17%] Downloaded 28736486 bytes..."
"2"," [17%] Downloaded 28769254 bytes..."
"2"," [17%] Downloaded 28785638 bytes..."
"2"," [17%] Downloaded 28802022 bytes..."
"2"," [17%] Downloaded 28834790 bytes..."
"2"," [17%] Downloaded 28851174 bytes..."
"2"," [17%] Downloaded 28867558 bytes..."
"2"," [17%] Downloaded 28900326 bytes..."
"2"," [17%] Downloaded 28915582 bytes..."
"2"," [17%] Downloaded 28931966 bytes..."
"2"," [17%] Downloaded 28964734 bytes..."
"2"," [17%] Downloaded 28981118 bytes..."
"2"," [17%] Downloaded 28997502 bytes..."
"2"," [17%] Downloaded 29030270 bytes..."
"2"," [17%] Downloaded 29046654 bytes..."
"2"," [17%] Downloaded 29063038 bytes..."
"2"," [17%] Downloaded 29095806 bytes..."
"2"," [17%] Downloaded 29111062 bytes..."
"2"," [17%] Downloaded 29127446 bytes..."
"2"," [17%] Downloaded 29160214 bytes..."
"2"," [17%] Downloaded 29176598 bytes..."
"2"," [17%] Downloaded 29192982 bytes..."
"2"," [17%] Downloaded 29209366 bytes..."
"2"," [17%] Downloaded 29225750 bytes..."
"2"," [17%] Downloaded 29242134 bytes..."
"2"," [17%] Downloaded 29258518 bytes..."
"2"," [17%] Downloaded 29274902 bytes..."
"2"," [18%] Downloaded 29291286 bytes..."
"2"," [18%] Downloaded 29306542 bytes..."
"2"," [18%] Downloaded 29322926 bytes..."
"2"," [18%] Downloaded 29339310 bytes..."
"2"," [18%] Downloaded 29372078 bytes..."
"2"," [18%] Downloaded 29404846 bytes..."
"2"," [18%] Downloaded 29437614 bytes..."
"2"," [18%] Downloaded 29453998 bytes..."
"2"," [18%] Downloaded 29470382 bytes..."
"2"," [18%] Downloaded 29502022 bytes..."
"2"," [18%] Downloaded 29534790 bytes..."
"2"," [18%] Downloaded 29551174 bytes..."
"2"," [18%] Downloaded 29567558 bytes..."
"2"," [18%] Downloaded 29600326 bytes..."
"2"," [18%] Downloaded 29616710 bytes..."
"2"," [18%] Downloaded 29633094 bytes..."
"2"," [18%] Downloaded 29665862 bytes..."
"2"," [18%] Downloaded 29682246 bytes..."
"2"," [18%] Downloaded 29730270 bytes..."
"2"," [18%] Downloaded 29746654 bytes..."
"2"," [18%] Downloaded 29795806 bytes..."
"2"," [18%] Downloaded 29812190 bytes..."
"2"," [18%] Downloaded 29861342 bytes..."
"2"," [18%] Downloaded 29877726 bytes..."
"2"," [18%] Downloaded 29942134 bytes..."
"2"," [18%] Downloaded 30007670 bytes..."
"2"," [18%] Downloaded 30073206 bytes..."
"2"," [18%] Downloaded 30104846 bytes..."
"2"," [18%] Downloaded 30137614 bytes..."
"2"," [18%] Downloaded 30203150 bytes..."
"2"," [18%] Downloaded 30252302 bytes..."
"2"," [18%] Downloaded 30268686 bytes..."
"2"," [18%] Downloaded 30333094 bytes..."
"2"," [18%] Downloaded 30398630 bytes..."
"2"," [18%] Downloaded 30464166 bytes..."
"2"," [18%] Downloaded 30528574 bytes..."
"2"," [18%] Downloaded 30561342 bytes..."
"2"," [18%] Downloaded 30594110 bytes..."
"2"," [18%] Downloaded 30643262 bytes..."
"2"," [18%] Downloaded 30659646 bytes..."
"2"," [18%] Downloaded 30707670 bytes..."
"2"," [18%] Downloaded 30724054 bytes..."
"2"," [18%] Downloaded 30773206 bytes..."
"2"," [18%] Downloaded 30789590 bytes..."
"2"," [18%] Downloaded 30838742 bytes..."
"2"," [18%] Downloaded 30855126 bytes..."
"2"," [18%] Downloaded 30886766 bytes..."
"2"," [18%] Downloaded 30903150 bytes..."
"2"," [19%] Downloaded 30919534 bytes..."
"2"," [19%] Downloaded 30968686 bytes..."
"2"," [19%] Downloaded 31034222 bytes..."
"2"," [19%] Downloaded 31082246 bytes..."
"2"," [19%] Downloaded 31098630 bytes..."
"2"," [19%] Downloaded 31164166 bytes..."
"2"," [19%] Downloaded 31196934 bytes..."
"2"," [19%] Downloaded 31229702 bytes..."
"2"," [19%] Downloaded 31294110 bytes..."
"2"," [19%] Downloaded 31343262 bytes..."
"2"," [19%] Downloaded 31359646 bytes..."
"2"," [19%] Downloaded 31408798 bytes..."
"2"," [19%] Downloaded 31425182 bytes..."
"2"," [19%] Downloaded 31489965 bytes..."
"2"," [19%] Downloaded 31555501 bytes..."
"2"," [19%] Downloaded 31621037 bytes..."
"2"," [19%] Downloaded 31652677 bytes..."
"2"," [19%] Downloaded 31685445 bytes..."
"2"," [19%] Downloaded 31718213 bytes..."
"2"," [19%] Downloaded 31750981 bytes..."
"2"," [19%] Downloaded 31783749 bytes..."
"2"," [19%] Downloaded 31816517 bytes..."
"2"," [19%] Downloaded 31848157 bytes..."
"2"," [19%] Downloaded 31880925 bytes..."
"2"," [19%] Downloaded 31913693 bytes..."
"2"," [19%] Downloaded 31946461 bytes..."
"2"," [19%] Downloaded 31995613 bytes..."
"2"," [19%] Downloaded 32043637 bytes..."
"2"," [19%] Downloaded 32060021 bytes..."
"2"," [19%] Downloaded 32076405 bytes..."
"2"," [19%] Downloaded 32109173 bytes..."
"2"," [19%] Downloaded 32125557 bytes..."
"2"," [19%] Downloaded 32141941 bytes..."
"2"," [19%] Downloaded 32174709 bytes..."
"2"," [19%] Downloaded 32191093 bytes..."
"2"," [19%] Downloaded 32255501 bytes..."
"2"," [19%] Downloaded 32271885 bytes..."
"2"," [19%] Downloaded 32304653 bytes..."
"2"," [19%] Downloaded 32321037 bytes..."
"2"," [19%] Downloaded 32386573 bytes..."
"2"," [19%] Downloaded 32419341 bytes..."
"2"," [19%] Downloaded 32450981 bytes..."
"2"," [19%] Downloaded 32516517 bytes..."
"2"," [20%] Downloaded 32582053 bytes..."
"2"," [20%] Downloaded 32630077 bytes..."
"2"," [20%] Downloaded 32646461 bytes..."
"2"," [20%] Downloaded 32695613 bytes..."
"2"," [20%] Downloaded 32711997 bytes..."
"2"," [20%] Downloaded 32744765 bytes..."
"2"," [20%] Downloaded 32761149 bytes..."
"2"," [20%] Downloaded 32777533 bytes..."
"2"," [20%] Downloaded 32810301 bytes..."
"2"," [20%] Downloaded 32825557 bytes..."
"2"," [20%] Downloaded 32841941 bytes..."
"2"," [20%] Downloaded 32858325 bytes..."
"2"," [20%] Downloaded 32891093 bytes..."
"2"," [20%] Downloaded 32907477 bytes..."
"2"," [20%] Downloaded 32956629 bytes..."
"2"," [20%] Downloaded 32973013 bytes..."
"2"," [20%] Downloaded 33021037 bytes..."
"2"," [20%] Downloaded 33037421 bytes..."
"2"," [20%] Downloaded 33053805 bytes..."
"2"," [20%] Downloaded 33086573 bytes..."
"2"," [20%] Downloaded 33102957 bytes..."
"2"," [20%] Downloaded 33119341 bytes..."
"2"," [20%] Downloaded 33135725 bytes..."
"2"," [20%] Downloaded 33152109 bytes..."
"2"," [20%] Downloaded 33201261 bytes..."
"2"," [20%] Downloaded 33232901 bytes..."
"2"," [20%] Downloaded 33249285 bytes..."
"2"," [20%] Downloaded 33265669 bytes..."
"2"," [20%] Downloaded 33282053 bytes..."
"2"," [20%] Downloaded 33314821 bytes..."
"2"," [20%] Downloaded 33331205 bytes..."
"2"," [20%] Downloaded 33347589 bytes..."
"2"," [20%] Downloaded 33380357 bytes..."
"2"," [20%] Downloaded 33396741 bytes..."
"2"," [20%] Downloaded 33411997 bytes..."
"2"," [20%] Downloaded 33444765 bytes..."
"2"," [20%] Downloaded 33461149 bytes..."
"2"," [20%] Downloaded 33477533 bytes..."
"2"," [20%] Downloaded 33526685 bytes..."
"2"," [20%] Downloaded 33543069 bytes..."
"2"," [20%] Downloaded 33592221 bytes..."
"2"," [20%] Downloaded 33597341 bytes..."
"2"," [20%] Downloaded 33613725 bytes..."
"2"," [20%] Downloaded 33646493 bytes..."
"2"," [20%] Downloaded 33662877 bytes..."
"2"," [20%] Downloaded 33679261 bytes..."
"2"," [20%] Downloaded 33712029 bytes..."
"2"," [20%] Downloaded 33728413 bytes..."
"2"," [20%] Downloaded 33744797 bytes..."
"2"," [20%] Downloaded 33777565 bytes..."
"2"," [20%] Downloaded 33792821 bytes..."
"2"," [20%] Downloaded 33809205 bytes..."
"2"," [20%] Downloaded 33825589 bytes..."
"2"," [20%] Downloaded 33841973 bytes..."
"2"," [20%] Downloaded 33874741 bytes..."
"2"," [20%] Downloaded 33907509 bytes..."
"2"," [20%] Downloaded 33923893 bytes..."
"2"," [20%] Downloaded 33940277 bytes..."
"2"," [20%] Downloaded 33973045 bytes..."
"2"," [20%] Downloaded 33988301 bytes..."
"2"," [20%] Downloaded 34004685 bytes..."
"2"," [20%] Downloaded 34037453 bytes..."
"2"," [20%] Downloaded 34053837 bytes..."
"2"," [20%] Downloaded 34102989 bytes..."
"2"," [20%] Downloaded 34119373 bytes..."
"2"," [21%] Downloaded 34168525 bytes..."
"2"," [21%] Downloaded 34183781 bytes..."
"2"," [21%] Downloaded 34200165 bytes..."
"2"," [21%] Downloaded 34232933 bytes..."
"2"," [21%] Downloaded 34249317 bytes..."
"2"," [21%] Downloaded 34282085 bytes..."
"2"," [21%] Downloaded 34298469 bytes..."
"2"," [21%] Downloaded 34314853 bytes..."
"2"," [21%] Downloaded 34364005 bytes..."
"2"," [21%] Downloaded 34379261 bytes..."
"2"," [21%] Downloaded 34428413 bytes..."
"2"," [21%] Downloaded 34444797 bytes..."
"2"," [21%] Downloaded 34493949 bytes..."
"2"," [21%] Downloaded 34510333 bytes..."
"2"," [21%] Downloaded 34526717 bytes..."
"2"," [21%] Downloaded 34543101 bytes..."
"2"," [21%] Downloaded 34559485 bytes..."
"2"," [21%] Downloaded 34574741 bytes..."
"2"," [21%] Downloaded 34591125 bytes..."
"2"," [21%] Downloaded 34607509 bytes..."
"2"," [21%] Downloaded 34640277 bytes..."
"2"," [21%] Downloaded 34673045 bytes..."
"2"," [21%] Downloaded 34705813 bytes..."
"2"," [21%] Downloaded 34738581 bytes..."
"2"," [21%] Downloaded 34770221 bytes..."
"2"," [21%] Downloaded 34802989 bytes..."
"2"," [21%] Downloaded 34835757 bytes..."
"2"," [21%] Downloaded 34868525 bytes..."
"2"," [21%] Downloaded 34884909 bytes..."
"2"," [21%] Downloaded 34901293 bytes..."
"2"," [21%] Downloaded 34934061 bytes..."
"2"," [21%] Downloaded 34950445 bytes..."
"2"," [21%] Downloaded 34965701 bytes..."
"2"," [21%] Downloaded 34998469 bytes..."
"2"," [21%] Downloaded 35014853 bytes..."
"2"," [21%] Downloaded 35064005 bytes..."
"2"," [21%] Downloaded 35080389 bytes..."
"2"," [21%] Downloaded 35113157 bytes..."
"2"," [21%] Downloaded 35129541 bytes..."
"2"," [21%] Downloaded 35145925 bytes..."
"2"," [21%] Downloaded 35193949 bytes..."
"2"," [21%] Downloaded 35210333 bytes..."
"2"," [21%] Downloaded 35259485 bytes..."
"2"," [21%] Downloaded 35275869 bytes..."
"2"," [21%] Downloaded 35341405 bytes..."
"2"," [21%] Downloaded 35405000 bytes..."
"2"," [21%] Downloaded 35454152 bytes..."
"2"," [21%] Downloaded 35470536 bytes..."
"2"," [21%] Downloaded 35519688 bytes..."
"2"," [21%] Downloaded 35536072 bytes..."
"2"," [21%] Downloaded 35584096 bytes..."
"2"," [21%] Downloaded 35600480 bytes..."
"2"," [21%] Downloaded 35649632 bytes..."
"2"," [21%] Downloaded 35666016 bytes..."
"2"," [21%] Downloaded 35698784 bytes..."
"2"," [21%] Downloaded 35731552 bytes..."
"2"," [22%] Downloaded 35795960 bytes..."
"2"," [22%] Downloaded 35861496 bytes..."
"2"," [22%] Downloaded 35910648 bytes..."
"2"," [22%] Downloaded 35927032 bytes..."
"2"," [22%] Downloaded 35975056 bytes..."
"2"," [22%] Downloaded 35991440 bytes..."
"2"," [22%] Downloaded 36007824 bytes..."
"2"," [22%] Downloaded 36040592 bytes..."
"2"," [22%] Downloaded 36056976 bytes..."
"2"," [22%] Downloaded 36106128 bytes..."
"2"," [22%] Downloaded 36122512 bytes..."
"2"," [22%] Downloaded 36170536 bytes..."
"2"," [22%] Downloaded 36186920 bytes..."
"2"," [22%] Downloaded 36252456 bytes..."
"2"," [22%] Downloaded 36285224 bytes..."
"2"," [22%] Downloaded 36301608 bytes..."
"2"," [22%] Downloaded 36317992 bytes..."
"2"," [22%] Downloaded 36366016 bytes..."
"2"," [22%] Downloaded 36382400 bytes..."
"2"," [22%] Downloaded 36431552 bytes..."
"2"," [22%] Downloaded 36497088 bytes..."
"2"," [22%] Downloaded 36545112 bytes..."
"2"," [22%] Downloaded 36561496 bytes..."
"2"," [22%] Downloaded 36627032 bytes..."
"2"," [22%] Downloaded 36692568 bytes..."
"2"," [22%] Downloaded 36756976 bytes..."
"2"," [22%] Downloaded 36773360 bytes..."
"2"," [22%] Downloaded 36822512 bytes..."
"2"," [22%] Downloaded 36888048 bytes..."
"2"," [22%] Downloaded 36952456 bytes..."
"2"," [22%] Downloaded 37017992 bytes..."
"2"," [22%] Downloaded 37083528 bytes..."
"2"," [22%] Downloaded 37147936 bytes..."
"2"," [22%] Downloaded 37213472 bytes..."
"2"," [22%] Downloaded 37279008 bytes..."
"2"," [22%] Downloaded 37310648 bytes..."
"2"," [22%] Downloaded 37343416 bytes..."
"2"," [22%] Downloaded 37408952 bytes..."
"2"," [23%] Downloaded 37425336 bytes..."
"2"," [23%] Downloaded 37458104 bytes..."
"2"," [23%] Downloaded 37474488 bytes..."
"2"," [23%] Downloaded 37506128 bytes..."
"2"," [23%] Downloaded 37522512 bytes..."
"2"," [23%] Downloaded 37538896 bytes..."
"2"," [23%] Downloaded 37588048 bytes..."
"2"," [23%] Downloaded 37604432 bytes..."
"2"," [23%] Downloaded 37653584 bytes..."
"2"," [23%] Downloaded 37669968 bytes..."
"2"," [23%] Downloaded 37717992 bytes..."
"2"," [23%] Downloaded 37783528 bytes..."
"2"," [23%] Downloaded 37849064 bytes..."
"2"," [23%] Downloaded 37881832 bytes..."
"2"," [23%] Downloaded 37913472 bytes..."
"2"," [23%] Downloaded 37962624 bytes..."
"2"," [23%] Downloaded 37979008 bytes..."
"2"," [23%] Downloaded 38028160 bytes..."
"2"," [23%] Downloaded 38044544 bytes..."
"2"," [23%] Downloaded 38077312 bytes..."
"2"," [23%] Downloaded 38092568 bytes..."
"2"," [23%] Downloaded 38108952 bytes..."
"2"," [23%] Downloaded 38141720 bytes..."
"2"," [23%] Downloaded 38158104 bytes..."
"2"," [23%] Downloaded 38174488 bytes..."
"2"," [23%] Downloaded 38223640 bytes..."
"2"," [23%] Downloaded 38240024 bytes..."
"2"," [23%] Downloaded 38288048 bytes..."
"2"," [23%] Downloaded 38304432 bytes..."
"2"," [23%] Downloaded 38353584 bytes..."
"2"," [23%] Downloaded 38369968 bytes..."
"2"," [23%] Downloaded 38402736 bytes..."
"2"," [23%] Downloaded 38419120 bytes..."
"2"," [23%] Downloaded 38435504 bytes..."
"2"," [23%] Downloaded 38468272 bytes..."
"2"," [23%] Downloaded 38483528 bytes..."
"2"," [23%] Downloaded 38499912 bytes..."
"2"," [23%] Downloaded 38532680 bytes..."
"2"," [23%] Downloaded 38549064 bytes..."
"2"," [23%] Downloaded 38565448 bytes..."
"2"," [23%] Downloaded 38598216 bytes..."
"2"," [23%] Downloaded 38614600 bytes..."
"2"," [23%] Downloaded 38630984 bytes..."
"2"," [23%] Downloaded 38663752 bytes..."
"2"," [23%] Downloaded 38679008 bytes..."
"2"," [23%] Downloaded 38695392 bytes..."
"2"," [23%] Downloaded 38728160 bytes..."
"2"," [23%] Downloaded 38744544 bytes..."
"2"," [23%] Downloaded 38793696 bytes..."
"2"," [23%] Downloaded 38810080 bytes..."
"2"," [23%] Downloaded 38859232 bytes..."
"2"," [23%] Downloaded 38874488 bytes..."
"2"," [23%] Downloaded 38923640 bytes..."
"2"," [23%] Downloaded 38940024 bytes..."
"2"," [23%] Downloaded 38972792 bytes..."
"2"," [23%] Downloaded 38989176 bytes..."
"2"," [23%] Downloaded 39005560 bytes..."
"2"," [23%] Downloaded 39038328 bytes..."
"2"," [24%] Downloaded 39054712 bytes..."
"2"," [24%] Downloaded 39069968 bytes..."
"2"," [24%] Downloaded 39119120 bytes..."
"2"," [24%] Downloaded 39135504 bytes..."
"2"," [24%] Downloaded 39184656 bytes..."
"2"," [24%] Downloaded 39201040 bytes..."
"2"," [24%] Downloaded 39233808 bytes..."
"2"," [24%] Downloaded 39264840 bytes..."
"2"," [24%] Downloaded 39297608 bytes..."
"2"," [24%] Downloaded 39313992 bytes..."
"2"," [24%] Downloaded 39330376 bytes..."
"2"," [24%] Downloaded 39346760 bytes..."
"2"," [24%] Downloaded 39379528 bytes..."
"2"," [24%] Downloaded 39395912 bytes..."
"2"," [24%] Downloaded 39428680 bytes..."
"2"," [24%] Downloaded 39460320 bytes..."
"2"," [24%] Downloaded 39509472 bytes..."
"2"," [24%] Downloaded 39525856 bytes..."
"2"," [24%] Downloaded 39575008 bytes..."
"2"," [24%] Downloaded 39591392 bytes..."
"2"," [24%] Downloaded 39624160 bytes..."
"2"," [24%] Downloaded 39640544 bytes..."
"2"," [24%] Downloaded 39655800 bytes..."
"2"," [24%] Downloaded 39704952 bytes..."
"2"," [24%] Downloaded 39721336 bytes..."
"2"," [24%] Downloaded 39770488 bytes..."
"2"," [24%] Downloaded 39786872 bytes..."
"2"," [24%] Downloaded 39836024 bytes..."
"2"," [24%] Downloaded 39851280 bytes..."
"2"," [24%] Downloaded 39900432 bytes..."
"2"," [24%] Downloaded 39916816 bytes..."
"2"," [24%] Downloaded 39949584 bytes..."
"2"," [24%] Downloaded 39965968 bytes..."
"2"," [24%] Downloaded 39982352 bytes..."
"2"," [24%] Downloaded 40015120 bytes..."
"2"," [24%] Downloaded 40031504 bytes..."
"2"," [24%] Downloaded 40046760 bytes..."
"2"," [24%] Downloaded 40079528 bytes..."
"2"," [24%] Downloaded 40112296 bytes..."
"2"," [24%] Downloaded 40128680 bytes..."
"2"," [24%] Downloaded 40145064 bytes..."
"2"," [24%] Downloaded 40177832 bytes..."
"2"," [24%] Downloaded 40194216 bytes..."
"2"," [24%] Downloaded 40226984 bytes..."
"2"," [24%] Downloaded 40242240 bytes..."
"2"," [24%] Downloaded 40258624 bytes..."
"2"," [24%] Downloaded 40291392 bytes..."
"2"," [24%] Downloaded 40307776 bytes..."
"2"," [24%] Downloaded 40324160 bytes..."
"2"," [24%] Downloaded 40356928 bytes..."
"2"," [24%] Downloaded 40373312 bytes..."
"2"," [24%] Downloaded 40389696 bytes..."
"2"," [24%] Downloaded 40422464 bytes..."
"2"," [24%] Downloaded 40437720 bytes..."
"2"," [24%] Downloaded 40454104 bytes..."
"2"," [24%] Downloaded 40486872 bytes..."
"2"," [24%] Downloaded 40503256 bytes..."
"2"," [24%] Downloaded 40519640 bytes..."
"2"," [24%] Downloaded 40552408 bytes..."
"2"," [24%] Downloaded 40585176 bytes..."
"2"," [24%] Downloaded 40601560 bytes..."
"2"," [24%] Downloaded 40617944 bytes..."
"2"," [24%] Downloaded 40633200 bytes..."
"2"," [24%] Downloaded 40649584 bytes..."
"2"," [25%] Downloaded 40665968 bytes..."
"2"," [25%] Downloaded 40682352 bytes..."
"2"," [25%] Downloaded 40715120 bytes..."
"2"," [25%] Downloaded 40731504 bytes..."
"2"," [25%] Downloaded 40747888 bytes..."
"2"," [25%] Downloaded 40780656 bytes..."
"2"," [25%] Downloaded 40813424 bytes..."
"2"," [25%] Downloaded 40845064 bytes..."
"2"," [25%] Downloaded 40877832 bytes..."
"2"," [25%] Downloaded 40910600 bytes..."
"2"," [25%] Downloaded 40943368 bytes..."
"2"," [25%] Downloaded 40976136 bytes..."
"2"," [25%] Downloaded 40992520 bytes..."
"2"," [25%] Downloaded 41008904 bytes..."
"2"," [25%] Downloaded 41040544 bytes..."
"2"," [25%] Downloaded 41073312 bytes..."
"2"," [25%] Downloaded 41122464 bytes..."
"2"," [25%] Downloaded 41138848 bytes..."
"2"," [25%] Downloaded 41155232 bytes..."
"2"," [25%] Downloaded 41171616 bytes..."
"2"," [25%] Downloaded 41204384 bytes..."
"2"," [25%] Downloaded 41252408 bytes..."
"2"," [25%] Downloaded 41268792 bytes..."
"2"," [25%] Downloaded 41317944 bytes..."
"2"," [25%] Downloaded 41334328 bytes..."
"2"," [25%] Downloaded 41399864 bytes..."
"2"," [25%] Downloaded 41447888 bytes..."
"2"," [25%] Downloaded 41464272 bytes..."
"2"," [25%] Downloaded 41513424 bytes..."
"2"," [25%] Downloaded 41529808 bytes..."
"2"," [25%] Downloaded 41578960 bytes..."
"2"," [25%] Downloaded 41595344 bytes..."
"2"," [25%] Downloaded 41659752 bytes..."
"2"," [25%] Downloaded 41725288 bytes..."
"2"," [25%] Downloaded 41758056 bytes..."
"2"," [25%] Downloaded 41790824 bytes..."
"2"," [25%] Downloaded 41838848 bytes..."
"2"," [25%] Downloaded 41855232 bytes..."
"2"," [25%] Downloaded 41871616 bytes..."
"2"," [25%] Downloaded 41904384 bytes..."
"2"," [25%] Downloaded 41920768 bytes..."
"2"," [25%] Downloaded 41969920 bytes..."
"2"," [25%] Downloaded 41986304 bytes..."
"2"," [25%] Downloaded 42050712 bytes..."
"2"," [25%] Downloaded 42083480 bytes..."
"2"," [25%] Downloaded 42099864 bytes..."
"2"," [25%] Downloaded 42165400 bytes..."
"2"," [25%] Downloaded 42181784 bytes..."
"2"," [25%] Downloaded 42229808 bytes..."
"2"," [25%] Downloaded 42246192 bytes..."
"2"," [25%] Downloaded 42278960 bytes..."
"2"," [26%] Downloaded 42295344 bytes..."
"2"," [26%] Downloaded 42311728 bytes..."
"2"," [26%] Downloaded 42360880 bytes..."
"2"," [26%] Downloaded 42408904 bytes..."
"2"," [26%] Downloaded 42425288 bytes..."
"2"," [26%] Downloaded 42474440 bytes..."
"2"," [26%] Downloaded 42490824 bytes..."
"2"," [26%] Downloaded 42556360 bytes..."
"2"," [26%] Downloaded 42620768 bytes..."
"2"," [26%] Downloaded 42686304 bytes..."
"2"," [26%] Downloaded 42719072 bytes..."
"2"," [26%] Downloaded 42751840 bytes..."
"2"," [26%] Downloaded 42816248 bytes..."
"2"," [26%] Downloaded 42849016 bytes..."
"2"," [26%] Downloaded 42881784 bytes..."
"2"," [26%] Downloaded 42930936 bytes..."
"2"," [26%] Downloaded 42947320 bytes..."
"2"," [26%] Downloaded 42995344 bytes..."
"2"," [26%] Downloaded 43011728 bytes..."
"2"," [26%] Downloaded 43077264 bytes..."
"2"," [26%] Downloaded 43142800 bytes..."
"2"," [26%] Downloaded 43159184 bytes..."
"2"," [26%] Downloaded 43207208 bytes..."
"2"," [26%] Downloaded 43256360 bytes..."
"2"," [26%] Downloaded 43272744 bytes..."
"2"," [26%] Downloaded 43305512 bytes..."
"2"," [26%] Downloaded 43321896 bytes..."
"2"," [26%] Downloaded 43338280 bytes..."
"2"," [26%] Downloaded 43386304 bytes..."
"2"," [26%] Downloaded 43402688 bytes..."
"2"," [26%] Downloaded 43419072 bytes..."
"2"," [26%] Downloaded 43451840 bytes..."
"2"," [26%] Downloaded 43468224 bytes..."
"2"," [26%] Downloaded 43500992 bytes..."
"2"," [26%] Downloaded 43517376 bytes..."
"2"," [26%] Downloaded 43533760 bytes..."
"2"," [26%] Downloaded 43565400 bytes..."
"2"," [26%] Downloaded 43581784 bytes..."
"2"," [26%] Downloaded 43598168 bytes..."
"2"," [26%] Downloaded 43630936 bytes..."
"2"," [26%] Downloaded 43647320 bytes..."
"2"," [26%] Downloaded 43680088 bytes..."
"2"," [26%] Downloaded 43712856 bytes..."
"2"," [26%] Downloaded 43745624 bytes..."
"2"," [26%] Downloaded 43777264 bytes..."
"2"," [26%] Downloaded 43810032 bytes..."
"2"," [26%] Downloaded 43842800 bytes..."
"2"," [26%] Downloaded 43875568 bytes..."
"2"," [26%] Downloaded 43908336 bytes..."
"2"," [27%] Downloaded 43924720 bytes..."
"2"," [27%] Downloaded 43956360 bytes..."
"2"," [27%] Downloaded 43972744 bytes..."
"2"," [27%] Downloaded 44038280 bytes..."
"2"," [27%] Downloaded 44103816 bytes..."
"2"," [27%] Downloaded 44151840 bytes..."
"2"," [27%] Downloaded 44168224 bytes..."
"2"," [27%] Downloaded 44217376 bytes..."
"2"," [27%] Downloaded 44233760 bytes..."
"2"," [27%] Downloaded 44299296 bytes..."
"2"," [27%] Downloaded 44363704 bytes..."
"2"," [27%] Downloaded 44396472 bytes..."
"2"," [27%] Downloaded 44429240 bytes..."
"2"," [27%] Downloaded 44462008 bytes..."
"2"," [27%] Downloaded 44494776 bytes..."
"2"," [27%] Downloaded 44527544 bytes..."
"2"," [27%] Downloaded 44558856 bytes..."
"2"," [27%] Downloaded 44591624 bytes..."
"2"," [27%] Downloaded 44624392 bytes..."
"2"," [27%] Downloaded 44673544 bytes..."
"2"," [27%] Downloaded 44689928 bytes..."
"2"," [27%] Downloaded 44737952 bytes..."
"2"," [27%] Downloaded 44754336 bytes..."
"2"," [27%] Downloaded 44803488 bytes..."
"2"," [27%] Downloaded 44819872 bytes..."
"2"," [27%] Downloaded 44869024 bytes..."
"2"," [27%] Downloaded 44885408 bytes..."
"2"," [27%] Downloaded 44949816 bytes..."
"2"," [27%] Downloaded 45015352 bytes..."
"2"," [27%] Downloaded 45080888 bytes..."
"2"," [27%] Downloaded 45128912 bytes..."
"2"," [27%] Downloaded 45145296 bytes..."
"2"," [27%] Downloaded 45210832 bytes..."
"2"," [27%] Downloaded 45276368 bytes..."
"2"," [27%] Downloaded 45340776 bytes..."
"2"," [27%] Downloaded 45389928 bytes..."
"2"," [27%] Downloaded 45406312 bytes..."
"2"," [27%] Downloaded 45455464 bytes..."
"2"," [27%] Downloaded 45471848 bytes..."
"2"," [27%] Downloaded 45519872 bytes..."
"2"," [27%] Downloaded 45536256 bytes..."
"2"," [28%] Downloaded 45585408 bytes..."
"2"," [28%] Downloaded 45650944 bytes..."
"2"," [28%] Downloaded 45715352 bytes..."
"2"," [28%] Downloaded 45731736 bytes..."
"2"," [28%] Downloaded 45764504 bytes..."
"2"," [28%] Downloaded 45780888 bytes..."
"2"," [28%] Downloaded 45797272 bytes..."
"2"," [28%] Downloaded 45830040 bytes..."
"2"," [28%] Downloaded 45846424 bytes..."
"2"," [28%] Downloaded 45862808 bytes..."
"2"," [28%] Downloaded 45879192 bytes..."
"2"," [28%] Downloaded 45910832 bytes..."
"2"," [28%] Downloaded 45927216 bytes..."
"2"," [28%] Downloaded 45976368 bytes..."
"2"," [28%] Downloaded 46041904 bytes..."
"2"," [28%] Downloaded 46091056 bytes..."
"2"," [28%] Downloaded 46106312 bytes..."
"2"," [28%] Downloaded 46122696 bytes..."
"2"," [28%] Downloaded 46139080 bytes..."
"2"," [28%] Downloaded 46155464 bytes..."
"2"," [28%] Downloaded 46171848 bytes..."
"2"," [28%] Downloaded 46221000 bytes..."
"2"," [28%] Downloaded 46237384 bytes..."
"2"," [28%] Downloaded 46301792 bytes..."
"2"," [28%] Downloaded 46350944 bytes..."
"2"," [28%] Downloaded 46367328 bytes..."
"2"," [28%] Downloaded 46416480 bytes..."
"2"," [28%] Downloaded 46432864 bytes..."
"2"," [28%] Downloaded 46482016 bytes..."
"2"," [28%] Downloaded 46497272 bytes..."
"2"," [28%] Downloaded 46562808 bytes..."
"2"," [28%] Downloaded 46611960 bytes..."
"2"," [28%] Downloaded 46628344 bytes..."
"2"," [28%] Downloaded 46677496 bytes..."
"2"," [28%] Downloaded 46692752 bytes..."
"2"," [28%] Downloaded 46725520 bytes..."
"2"," [28%] Downloaded 46758288 bytes..."
"2"," [28%] Downloaded 46791056 bytes..."
"2"," [28%] Downloaded 46807440 bytes..."
"2"," [28%] Downloaded 46823824 bytes..."
"2"," [28%] Downloaded 46856592 bytes..."
"2"," [28%] Downloaded 46888232 bytes..."
"2"," [28%] Downloaded 46921000 bytes..."
"2"," [28%] Downloaded 46937384 bytes..."
"2"," [28%] Downloaded 46953768 bytes..."
"2"," [28%] Downloaded 46970152 bytes..."
"2"," [28%] Downloaded 47002920 bytes..."
"2"," [28%] Downloaded 47019304 bytes..."
"2"," [28%] Downloaded 47068456 bytes..."
"2"," [28%] Downloaded 47083712 bytes..."
"2"," [28%] Downloaded 47132864 bytes..."
"2"," [28%] Downloaded 47149248 bytes..."
"2"," [28%] Downloaded 47165632 bytes..."
"2"," [29%] Downloaded 47198400 bytes..."
"2"," [29%] Downloaded 47214784 bytes..."
"2"," [29%] Downloaded 47263936 bytes..."
"2"," [29%] Downloaded 47279192 bytes..."
"2"," [29%] Downloaded 47328344 bytes..."
"2"," [29%] Downloaded 47344728 bytes..."
"2"," [29%] Downloaded 47377496 bytes..."
"2"," [29%] Downloaded 47393880 bytes..."
"2"," [29%] Downloaded 47410264 bytes..."
"2"," [29%] Downloaded 47459416 bytes..."
"2"," [29%] Downloaded 47474672 bytes..."
"2"," [29%] Downloaded 47523824 bytes..."
"2"," [29%] Downloaded 47540208 bytes..."
"2"," [29%] Downloaded 47589360 bytes..."
"2"," [29%] Downloaded 47605744 bytes..."
"2"," [29%] Downloaded 47638512 bytes..."
"2"," [29%] Downloaded 47654896 bytes..."
"2"," [29%] Downloaded 47670152 bytes..."
"2"," [29%] Downloaded 47719304 bytes..."
"2"," [29%] Downloaded 47735688 bytes..."
"2"," [29%] Downloaded 47784840 bytes..."
"2"," [29%] Downloaded 47833992 bytes..."
"2"," [29%] Downloaded 47850376 bytes..."
"2"," [29%] Downloaded 47898400 bytes..."
"2"," [29%] Downloaded 47914784 bytes..."
"2"," [29%] Downloaded 47980320 bytes..."
"2"," [29%] Downloaded 48045856 bytes..."
"2"," [29%] Downloaded 48093880 bytes..."
"2"," [29%] Downloaded 48110264 bytes..."
"2"," [29%] Downloaded 48175800 bytes..."
"2"," [29%] Downloaded 48208568 bytes..."
"2"," [29%] Downloaded 48224952 bytes..."
"2"," [29%] Downloaded 48241336 bytes..."
"2"," [29%] Downloaded 48305744 bytes..."
"2"," [29%] Downloaded 48354896 bytes..."
"2"," [29%] Downloaded 48371280 bytes..."
"2"," [29%] Downloaded 48420432 bytes..."
"2"," [29%] Downloaded 48467848 bytes..."
"2"," [29%] Downloaded 48484232 bytes..."
"2"," [29%] Downloaded 48500616 bytes..."
"2"," [29%] Downloaded 48533384 bytes..."
"2"," [29%] Downloaded 48549768 bytes..."
"2"," [29%] Downloaded 48566152 bytes..."
"2"," [29%] Downloaded 48615304 bytes..."
"2"," [29%] Downloaded 48631688 bytes..."
"2"," [29%] Downloaded 48646944 bytes..."
"2"," [29%] Downloaded 48679712 bytes..."
"2"," [29%] Downloaded 48696096 bytes..."
"2"," [29%] Downloaded 48712480 bytes..."
"2"," [29%] Downloaded 48745248 bytes..."
"2"," [29%] Downloaded 48761632 bytes..."
"2"," [29%] Downloaded 48794400 bytes..."
"2"," [30%] Downloaded 48810784 bytes..."
"2"," [30%] Downloaded 48827168 bytes..."
"2"," [30%] Downloaded 48875192 bytes..."
"2"," [30%] Downloaded 48891576 bytes..."
"2"," [30%] Downloaded 48940728 bytes..."
"2"," [30%] Downloaded 48957112 bytes..."
"2"," [30%] Downloaded 49006264 bytes..."
"2"," [30%] Downloaded 49022648 bytes..."
"2"," [30%] Downloaded 49070672 bytes..."
"2"," [30%] Downloaded 49087056 bytes..."
"2"," [30%] Downloaded 49103440 bytes..."
"2"," [30%] Downloaded 49119824 bytes..."
"2"," [30%] Downloaded 49136208 bytes..."
"2"," [30%] Downloaded 49152592 bytes..."
"2"," [30%] Downloaded 49185360 bytes..."
"2"," [30%] Downloaded 49201744 bytes..."
"2"," [30%] Downloaded 49218128 bytes..."
"2"," [30%] Downloaded 49266152 bytes..."
"2"," [30%] Downloaded 49282536 bytes..."
"2"," [30%] Downloaded 49315304 bytes..."
"2"," [30%] Downloaded 49331688 bytes..."
"2"," [30%] Downloaded 49348072 bytes..."
"2"," [30%] Downloaded 49397224 bytes..."
"2"," [30%] Downloaded 49413608 bytes..."
"2"," [30%] Downloaded 49461632 bytes..."
"2"," [30%] Downloaded 49478016 bytes..."
"2"," [30%] Downloaded 49510784 bytes..."
"2"," [30%] Downloaded 49527168 bytes..."
"2"," [30%] Downloaded 49543552 bytes..."
"2"," [30%] Downloaded 49592704 bytes..."
"2"," [30%] Downloaded 49609088 bytes..."
"2"," [30%] Downloaded 49640728 bytes..."
"2"," [30%] Downloaded 49657112 bytes..."
"2"," [30%] Downloaded 49673496 bytes..."
"2"," [30%] Downloaded 49706264 bytes..."
"2"," [30%] Downloaded 49722648 bytes..."
"2"," [30%] Downloaded 49771800 bytes..."
"2"," [30%] Downloaded 49819824 bytes..."
"2"," [30%] Downloaded 49836208 bytes..."
"2"," [30%] Downloaded 49868976 bytes..."
"2"," [30%] Downloaded 49885360 bytes..."
"2"," [30%] Downloaded 49901744 bytes..."
"2"," [30%] Downloaded 49950896 bytes..."
"2"," [30%] Downloaded 49967280 bytes..."
"2"," [30%] Downloaded 50015304 bytes..."
"2"," [30%] Downloaded 50031688 bytes..."
"2"," [30%] Downloaded 50080840 bytes..."
"2"," [30%] Downloaded 50097224 bytes..."
"2"," [30%] Downloaded 50162760 bytes..."
"2"," [30%] Downloaded 50210784 bytes..."
"2"," [30%] Downloaded 50227168 bytes..."
"2"," [30%] Downloaded 50276320 bytes..."
"2"," [30%] Downloaded 50292704 bytes..."
"2"," [30%] Downloaded 50341856 bytes..."
"2"," [30%] Downloaded 50358240 bytes..."
"2"," [30%] Downloaded 50406264 bytes..."
"2"," [30%] Downloaded 50422648 bytes..."
"2"," [31%] Downloaded 50488184 bytes..."
"2"," [31%] Downloaded 50520952 bytes..."
"2"," [31%] Downloaded 50553720 bytes..."
"2"," [31%] Downloaded 50586488 bytes..."
"2"," [31%] Downloaded 50618128 bytes..."
"2"," [31%] Downloaded 50650896 bytes..."
"2"," [31%] Downloaded 50683664 bytes..."
"2"," [31%] Downloaded 50716432 bytes..."
"2"," [31%] Downloaded 50732816 bytes..."
"2"," [31%] Downloaded 50749200 bytes..."
"2"," [31%] Downloaded 50781968 bytes..."
"2"," [31%] Downloaded 50813608 bytes..."
"2"," [31%] Downloaded 50846376 bytes..."
"2"," [31%] Downloaded 50862760 bytes..."
"2"," [31%] Downloaded 50879144 bytes..."
"2"," [31%] Downloaded 50911912 bytes..."
"2"," [31%] Downloaded 50928296 bytes..."
"2"," [31%] Downloaded 50944680 bytes..."
"2"," [31%] Downloaded 50992704 bytes..."
"2"," [31%] Downloaded 51009088 bytes..."
"2"," [31%] Downloaded 51041856 bytes..."
"2"," [31%] Downloaded 51058240 bytes..."
"2"," [31%] Downloaded 51074624 bytes..."
"2"," [31%] Downloaded 51123776 bytes..."
"2"," [31%] Downloaded 51188184 bytes..."
"2"," [31%] Downloaded 51204568 bytes..."
"2"," [31%] Downloaded 51253720 bytes..."
"2"," [31%] Downloaded 51286488 bytes..."
"2"," [31%] Downloaded 51302872 bytes..."
"2"," [31%] Downloaded 51319256 bytes..."
"2"," [31%] Downloaded 51368408 bytes..."
"2"," [31%] Downloaded 51383664 bytes..."
"2"," [31%] Downloaded 51432816 bytes..."
"2"," [31%] Downloaded 51449200 bytes..."
"2"," [31%] Downloaded 51498352 bytes..."
"2"," [31%] Downloaded 51514736 bytes..."
"2"," [31%] Downloaded 51579144 bytes..."
"2"," [31%] Downloaded 51644680 bytes..."
"2"," [31%] Downloaded 51710216 bytes..."
"2"," [31%] Downloaded 51774624 bytes..."
"2"," [31%] Downloaded 51840160 bytes..."
"2"," [31%] Downloaded 51905696 bytes..."
"2"," [31%] Downloaded 51922080 bytes..."
"2"," [31%] Downloaded 51970104 bytes..."
"2"," [31%] Downloaded 52035640 bytes..."
"2"," [32%] Downloaded 52084792 bytes..."
"2"," [32%] Downloaded 52101176 bytes..."
"2"," [32%] Downloaded 52150328 bytes..."
"2"," [32%] Downloaded 52165584 bytes..."
"2"," [32%] Downloaded 52198352 bytes..."
"2"," [32%] Downloaded 52231120 bytes..."
"2"," [32%] Downloaded 52263888 bytes..."
"2"," [32%] Downloaded 52280272 bytes..."
"2"," [32%] Downloaded 52296656 bytes..."
"2"," [32%] Downloaded 52361064 bytes..."
"2"," [32%] Downloaded 52377448 bytes..."
"2"," [32%] Downloaded 52410216 bytes..."
"2"," [32%] Downloaded 52426600 bytes..."
"2"," [32%] Downloaded 52475752 bytes..."
"2"," [32%] Downloaded 52492136 bytes..."
"2"," [32%] Downloaded 52541288 bytes..."
"2"," [32%] Downloaded 52556544 bytes..."
"2"," [32%] Downloaded 52589312 bytes..."
"2"," [32%] Downloaded 52605696 bytes..."
"2"," [32%] Downloaded 52622080 bytes..."
"2"," [32%] Downloaded 52736768 bytes..."
"2"," [32%] Downloaded 52752024 bytes..."
"2"," [32%] Downloaded 52768408 bytes..."
"2"," [32%] Downloaded 52801176 bytes..."
"2"," [32%] Downloaded 52817560 bytes..."
"2"," [32%] Downloaded 52833944 bytes..."
"2"," [32%] Downloaded 52866712 bytes..."
"2"," [32%] Downloaded 52899480 bytes..."
"2"," [32%] Downloaded 52932248 bytes..."
"2"," [32%] Downloaded 52963888 bytes..."
"2"," [32%] Downloaded 52996656 bytes..."
"2"," [32%] Downloaded 53029424 bytes..."
"2"," [32%] Downloaded 53062192 bytes..."
"2"," [32%] Downloaded 53094960 bytes..."
"2"," [32%] Downloaded 53127728 bytes..."
"2"," [32%] Downloaded 53159368 bytes..."
"2"," [32%] Downloaded 53192136 bytes..."
"2"," [32%] Downloaded 53224904 bytes..."
"2"," [32%] Downloaded 53257672 bytes..."
"2"," [32%] Downloaded 53290440 bytes..."
"2"," [32%] Downloaded 53323208 bytes..."
"2"," [32%] Downloaded 53354848 bytes..."
"2"," [32%] Downloaded 53387616 bytes..."
"2"," [32%] Downloaded 53404000 bytes..."
"2"," [32%] Downloaded 53420384 bytes..."
"2"," [32%] Downloaded 53453152 bytes..."
"2"," [32%] Downloaded 53469536 bytes..."
"2"," [32%] Downloaded 53485920 bytes..."
"2"," [32%] Downloaded 53518688 bytes..."
"2"," [32%] Downloaded 53533944 bytes..."
"2"," [32%] Downloaded 53583096 bytes..."
"2"," [32%] Downloaded 53599480 bytes..."
"2"," [32%] Downloaded 53615864 bytes..."
"2"," [32%] Downloaded 53648632 bytes..."
"2"," [32%] Downloaded 53665016 bytes..."
"2"," [33%] Downloaded 53714168 bytes..."
"2"," [33%] Downloaded 53729424 bytes..."
"2"," [33%] Downloaded 53778576 bytes..."
"2"," [33%] Downloaded 53794960 bytes..."
"2"," [33%] Downloaded 53844112 bytes..."
"2"," [33%] Downloaded 53860496 bytes..."
"2"," [33%] Downloaded 53909648 bytes..."
"2"," [33%] Downloaded 53924904 bytes..."
"2"," [33%] Downloaded 53957672 bytes..."
"2"," [33%] Downloaded 53974056 bytes..."
"2"," [33%] Downloaded 53990440 bytes..."
"2"," [33%] Downloaded 54023208 bytes..."
"2"," [33%] Downloaded 54039592 bytes..."
"2"," [33%] Downloaded 54055976 bytes..."
"2"," [33%] Downloaded 54088744 bytes..."
"2"," [33%] Downloaded 54120384 bytes..."
"2"," [33%] Downloaded 54153152 bytes..."
"2"," [33%] Downloaded 54185920 bytes..."
"2"," [33%] Downloaded 54218688 bytes..."
"2"," [33%] Downloaded 54251456 bytes..."
"2"," [33%] Downloaded 54284224 bytes..."
"2"," [33%] Downloaded 54315864 bytes..."
"2"," [33%] Downloaded 54348632 bytes..."
"2"," [33%] Downloaded 54381400 bytes..."
"2"," [33%] Downloaded 54414168 bytes..."
"2"," [33%] Downloaded 54446936 bytes..."
"2"," [33%] Downloaded 54479704 bytes..."
"2"," [33%] Downloaded 54511344 bytes..."
"2"," [33%] Downloaded 54544112 bytes..."
"2"," [33%] Downloaded 54576880 bytes..."
"2"," [33%] Downloaded 54609648 bytes..."
"2"," [33%] Downloaded 54642416 bytes..."
"2"," [33%] Downloaded 54675184 bytes..."
"2"," [33%] Downloaded 54706824 bytes..."
"2"," [33%] Downloaded 54739592 bytes..."
"2"," [33%] Downloaded 54755976 bytes..."
"2"," [33%] Downloaded 54805128 bytes..."
"2"," [33%] Downloaded 54821512 bytes..."
"2"," [33%] Downloaded 54837896 bytes..."
"2"," [33%] Downloaded 54870664 bytes..."
"2"," [33%] Downloaded 54887048 bytes..."
"2"," [33%] Downloaded 54902304 bytes..."
"2"," [33%] Downloaded 54951456 bytes..."
"2"," [33%] Downloaded 55000608 bytes..."
"2"," [33%] Downloaded 55049760 bytes..."
"2"," [33%] Downloaded 55082528 bytes..."
"2"," [33%] Downloaded 55130552 bytes..."
"2"," [33%] Downloaded 55146936 bytes..."
"2"," [33%] Downloaded 55163320 bytes..."
"2"," [33%] Downloaded 55179704 bytes..."
"2"," [33%] Downloaded 55196088 bytes..."
"2"," [33%] Downloaded 55212472 bytes..."
"2"," [33%] Downloaded 55228856 bytes..."
"2"," [33%] Downloaded 55245240 bytes..."
"2"," [33%] Downloaded 55261624 bytes..."
"2"," [33%] Downloaded 55278008 bytes..."
"2"," [33%] Downloaded 55293264 bytes..."
"2"," [34%] Downloaded 55309648 bytes..."
"2"," [34%] Downloaded 55326032 bytes..."
"2"," [34%] Downloaded 55342416 bytes..."
"2"," [34%] Downloaded 55375184 bytes..."
"2"," [34%] Downloaded 55391568 bytes..."
"2"," [34%] Downloaded 55407952 bytes..."
"2"," [34%] Downloaded 55440720 bytes..."
"2"," [34%] Downloaded 55457104 bytes..."
"2"," [34%] Downloaded 55473488 bytes..."
"2"," [34%] Downloaded 55488744 bytes..."
"2"," [34%] Downloaded 55505128 bytes..."
"2"," [34%] Downloaded 55521512 bytes..."
"2"," [34%] Downloaded 55537896 bytes..."
"2"," [34%] Downloaded 55570664 bytes..."
"2"," [34%] Downloaded 55587048 bytes..."
"2"," [34%] Downloaded 55603432 bytes..."
"2"," [34%] Downloaded 55636200 bytes..."
"2"," [34%] Downloaded 55652584 bytes..."
"2"," [34%] Downloaded 55668968 bytes..."
"2"," [34%] Downloaded 55700608 bytes..."
"2"," [34%] Downloaded 55733376 bytes..."
"2"," [34%] Downloaded 55766144 bytes..."
"2"," [34%] Downloaded 55798912 bytes..."
"2"," [34%] Downloaded 55831680 bytes..."
"2"," [34%] Downloaded 55864448 bytes..."
"2"," [34%] Downloaded 55896088 bytes..."
"2"," [34%] Downloaded 55928856 bytes..."
"2"," [34%] Downloaded 55961624 bytes..."
"2"," [34%] Downloaded 55994392 bytes..."
"2"," [34%] Downloaded 56027160 bytes..."
"2"," [34%] Downloaded 56059928 bytes..."
"2"," [34%] Downloaded 56091568 bytes..."
"2"," [34%] Downloaded 56124336 bytes..."
"2"," [34%] Downloaded 56157104 bytes..."
"2"," [34%] Downloaded 56189872 bytes..."
"2"," [34%] Downloaded 56222640 bytes..."
"2"," [34%] Downloaded 56255408 bytes..."
"2"," [34%] Downloaded 56287048 bytes..."
"2"," [34%] Downloaded 56319816 bytes..."
"2"," [34%] Downloaded 56352584 bytes..."
"2"," [34%] Downloaded 56385352 bytes..."
"2"," [34%] Downloaded 56418120 bytes..."
"2"," [34%] Downloaded 56450888 bytes..."
"2"," [34%] Downloaded 56482528 bytes..."
"2"," [34%] Downloaded 56515296 bytes..."
"2"," [34%] Downloaded 56548064 bytes..."
"2"," [34%] Downloaded 56580832 bytes..."
"2"," [34%] Downloaded 56613600 bytes..."
"2"," [34%] Downloaded 56629984 bytes..."
"2"," [34%] Downloaded 56646368 bytes..."
"2"," [34%] Downloaded 56678008 bytes..."
"2"," [34%] Downloaded 56710776 bytes..."
"2"," [34%] Downloaded 56727160 bytes..."
"2"," [34%] Downloaded 56743544 bytes..."
"2"," [34%] Downloaded 56776312 bytes..."
"2"," [34%] Downloaded 56792696 bytes..."
"2"," [34%] Downloaded 56841848 bytes..."
"2"," [34%] Downloaded 56857104 bytes..."
"2"," [34%] Downloaded 56906256 bytes..."
"2"," [34%] Downloaded 56922640 bytes..."
"2"," [35%] Downloaded 56971792 bytes..."
"2"," [35%] Downloaded 56988176 bytes..."
"2"," [35%] Downloaded 57037328 bytes..."
"2"," [35%] Downloaded 57052584 bytes..."
"2"," [35%] Downloaded 57101736 bytes..."
"2"," [35%] Downloaded 57118120 bytes..."
"2"," [35%] Downloaded 57167272 bytes..."
"2"," [35%] Downloaded 57183656 bytes..."
"2"," [35%] Downloaded 57232808 bytes..."
"2"," [35%] Downloaded 57248064 bytes..."
"2"," [35%] Downloaded 57280832 bytes..."
"2"," [35%] Downloaded 57297216 bytes..."
"2"," [35%] Downloaded 57313600 bytes..."
"2"," [35%] Downloaded 57346368 bytes..."
"2"," [35%] Downloaded 57362752 bytes..."
"2"," [35%] Downloaded 57379136 bytes..."
"2"," [35%] Downloaded 57411904 bytes..."
"2"," [35%] Downloaded 57443544 bytes..."
"2"," [35%] Downloaded 57476312 bytes..."
"2"," [35%] Downloaded 57509080 bytes..."
"2"," [35%] Downloaded 57541848 bytes..."
"2"," [35%] Downloaded 57574616 bytes..."
"2"," [35%] Downloaded 57607384 bytes..."
"2"," [35%] Downloaded 57639024 bytes..."
"2"," [35%] Downloaded 57671792 bytes..."
"2"," [35%] Downloaded 57704560 bytes..."
"2"," [35%] Downloaded 57737328 bytes..."
"2"," [35%] Downloaded 57770096 bytes..."
"2"," [35%] Downloaded 57802864 bytes..."
"2"," [35%] Downloaded 57834504 bytes..."
"2"," [35%] Downloaded 57867272 bytes..."
"2"," [35%] Downloaded 57883656 bytes..."
"2"," [35%] Downloaded 57900040 bytes..."
"2"," [35%] Downloaded 57932808 bytes..."
"2"," [35%] Downloaded 57965576 bytes..."
"2"," [35%] Downloaded 57998344 bytes..."
"2"," [35%] Downloaded 58029984 bytes..."
"2"," [35%] Downloaded 58062752 bytes..."
"2"," [35%] Downloaded 58079136 bytes..."
"2"," [35%] Downloaded 58095520 bytes..."
"2"," [35%] Downloaded 58128288 bytes..."
"2"," [35%] Downloaded 58144672 bytes..."
"2"," [35%] Downloaded 58193824 bytes..."
"2"," [35%] Downloaded 58210208 bytes..."
"2"," [35%] Downloaded 58241848 bytes..."
"2"," [35%] Downloaded 58258232 bytes..."
"2"," [35%] Downloaded 58274616 bytes..."
"2"," [35%] Downloaded 58307384 bytes..."
"2"," [35%] Downloaded 58323768 bytes..."
"2"," [35%] Downloaded 58340152 bytes..."
"2"," [35%] Downloaded 58372920 bytes..."
"2"," [35%] Downloaded 58389304 bytes..."
"2"," [35%] Downloaded 58405688 bytes..."
"2"," [35%] Downloaded 58437328 bytes..."
"2"," [35%] Downloaded 58453712 bytes..."
"2"," [35%] Downloaded 58470096 bytes..."
"2"," [35%] Downloaded 58502864 bytes..."
"2"," [35%] Downloaded 58535632 bytes..."
"2"," [36%] Downloaded 58568400 bytes..."
"2"," [36%] Downloaded 58601168 bytes..."
"2"," [36%] Downloaded 58632808 bytes..."
"2"," [36%] Downloaded 58665576 bytes..."
"2"," [36%] Downloaded 58698344 bytes..."
"2"," [36%] Downloaded 58731112 bytes..."
"2"," [36%] Downloaded 58763880 bytes..."
"2"," [36%] Downloaded 58828288 bytes..."
"2"," [36%] Downloaded 58877440 bytes..."
"2"," [36%] Downloaded 58893824 bytes..."
"2"," [36%] Downloaded 58959360 bytes..."
"2"," [36%] Downloaded 58975744 bytes..."
"2"," [36%] Downloaded 59023768 bytes..."
"2"," [36%] Downloaded 59089304 bytes..."
"2"," [36%] Downloaded 59154840 bytes..."
"2"," [36%] Downloaded 59219248 bytes..."
"2"," [36%] Downloaded 59284784 bytes..."
"2"," [36%] Downloaded 59333936 bytes..."
"2"," [36%] Downloaded 59350320 bytes..."
"2"," [36%] Downloaded 59414728 bytes..."
"2"," [36%] Downloaded 59480264 bytes..."
"2"," [36%] Downloaded 59513032 bytes..."
"2"," [36%] Downloaded 59529416 bytes..."
"2"," [36%] Downloaded 59545800 bytes..."
"2"," [36%] Downloaded 59578568 bytes..."
"2"," [36%] Downloaded 59593824 bytes..."
"2"," [36%] Downloaded 59659360 bytes..."
"2"," [36%] Downloaded 59675744 bytes..."
"2"," [36%] Downloaded 59708512 bytes..."
"2"," [36%] Downloaded 59724896 bytes..."
"2"," [36%] Downloaded 59757664 bytes..."
"2"," [36%] Downloaded 59789304 bytes..."
"2"," [36%] Downloaded 59805688 bytes..."
"2"," [36%] Downloaded 59854840 bytes..."
"2"," [36%] Downloaded 59920376 bytes..."
"2"," [36%] Downloaded 59984784 bytes..."
"2"," [36%] Downloaded 60050320 bytes..."
"2"," [36%] Downloaded 60083088 bytes..."
"2"," [36%] Downloaded 60115856 bytes..."
"2"," [36%] Downloaded 60148624 bytes..."
"2"," [36%] Downloaded 60180264 bytes..."
"2"," [37%] Downloaded 60245800 bytes..."
"2"," [37%] Downloaded 60311336 bytes..."
"2"," [37%] Downloaded 60375744 bytes..."
"2"," [37%] Downloaded 60392128 bytes..."
"2"," [37%] Downloaded 60441280 bytes..."
"2"," [37%] Downloaded 60506816 bytes..."
"2"," [37%] Downloaded 60571224 bytes..."
"2"," [37%] Downloaded 60620376 bytes..."
"2"," [37%] Downloaded 60636760 bytes..."
"2"," [37%] Downloaded 60669528 bytes..."
"2"," [37%] Downloaded 60685912 bytes..."
"2"," [37%] Downloaded 60735064 bytes..."
"2"," [37%] Downloaded 60751448 bytes..."
"2"," [37%] Downloaded 60766704 bytes..."
"2"," [37%] Downloaded 60783088 bytes..."
"2"," [37%] Downloaded 60815856 bytes..."
"2"," [37%] Downloaded 60832240 bytes..."
"2"," [37%] Downloaded 60848624 bytes..."
"2"," [37%] Downloaded 60881392 bytes..."
"2"," [37%] Downloaded 60914160 bytes..."
"2"," [37%] Downloaded 60946928 bytes..."
"2"," [37%] Downloaded 60962184 bytes..."
"2"," [37%] Downloaded 60978568 bytes..."
"2"," [37%] Downloaded 60994952 bytes..."
"2"," [37%] Downloaded 61027720 bytes..."
"2"," [37%] Downloaded 61044104 bytes..."
"2"," [37%] Downloaded 61060488 bytes..."
"2"," [37%] Downloaded 61109640 bytes..."
"2"," [37%] Downloaded 61157664 bytes..."
"2"," [37%] Downloaded 61174048 bytes..."
"2"," [37%] Downloaded 61190432 bytes..."
"2"," [37%] Downloaded 61206816 bytes..."
"2"," [37%] Downloaded 61239584 bytes..."
"2"," [37%] Downloaded 61255968 bytes..."
"2"," [37%] Downloaded 61288736 bytes..."
"2"," [37%] Downloaded 61353144 bytes..."
"2"," [37%] Downloaded 61369528 bytes..."
"2"," [37%] Downloaded 61402296 bytes..."
"2"," [37%] Downloaded 61451448 bytes..."
"2"," [37%] Downloaded 61484216 bytes..."
"2"," [37%] Downloaded 61500600 bytes..."
"2"," [37%] Downloaded 61565008 bytes..."
"2"," [37%] Downloaded 61614160 bytes..."
"2"," [37%] Downloaded 61679696 bytes..."
"2"," [37%] Downloaded 61728848 bytes..."
"2"," [37%] Downloaded 61793256 bytes..."
"2"," [38%] Downloaded 61842408 bytes..."
"2"," [38%] Downloaded 61858792 bytes..."
"2"," [38%] Downloaded 61924328 bytes..."
"2"," [38%] Downloaded 61988736 bytes..."
"2"," [38%] Downloaded 62054272 bytes..."
"2"," [38%] Downloaded 62119808 bytes..."
"2"," [38%] Downloaded 62184216 bytes..."
"2"," [38%] Downloaded 62249752 bytes..."
"2"," [38%] Downloaded 62266136 bytes..."
"2"," [38%] Downloaded 62282520 bytes..."
"2"," [38%] Downloaded 62315288 bytes..."
"2"," [38%] Downloaded 62363312 bytes..."
"2"," [38%] Downloaded 62379696 bytes..."
"2"," [38%] Downloaded 62445232 bytes..."
"2"," [38%] Downloaded 62494384 bytes..."
"2"," [38%] Downloaded 62510768 bytes..."
"2"," [38%] Downloaded 62575176 bytes..."
"2"," [38%] Downloaded 62591560 bytes..."
"2"," [38%] Downloaded 62624328 bytes..."
"2"," [38%] Downloaded 62689864 bytes..."
"2"," [38%] Downloaded 62706248 bytes..."
"2"," [38%] Downloaded 62754272 bytes..."
"2"," [38%] Downloaded 62819808 bytes..."
"2"," [38%] Downloaded 62852576 bytes..."
"2"," [38%] Downloaded 62885344 bytes..."
"2"," [38%] Downloaded 62916984 bytes..."
"2"," [38%] Downloaded 62949752 bytes..."
"2"," [38%] Downloaded 62998904 bytes..."
"2"," [38%] Downloaded 63015288 bytes..."
"2"," [38%] Downloaded 63048056 bytes..."
"2"," [38%] Downloaded 63080824 bytes..."
"2"," [38%] Downloaded 63129223 bytes..."
"2"," [38%] Downloaded 63145607 bytes..."
"2"," [38%] Downloaded 63194759 bytes..."
"2"," [38%] Downloaded 63211143 bytes..."
"2"," [38%] Downloaded 63260295 bytes..."
"2"," [38%] Downloaded 63276679 bytes..."
"2"," [38%] Downloaded 63341087 bytes..."
"2"," [38%] Downloaded 63390239 bytes..."
"2"," [38%] Downloaded 63406623 bytes..."
"2"," [39%] Downloaded 63455775 bytes..."
"2"," [39%] Downloaded 63472159 bytes..."
"2"," [39%] Downloaded 63520183 bytes..."
"2"," [39%] Downloaded 63536567 bytes..."
"2"," [39%] Downloaded 63602103 bytes..."
"2"," [39%] Downloaded 63667639 bytes..."
"2"," [39%] Downloaded 63732047 bytes..."
"2"," [39%] Downloaded 63764815 bytes..."
"2"," [39%] Downloaded 63797583 bytes..."
"2"," [39%] Downloaded 63863119 bytes..."
"2"," [39%] Downloaded 63911143 bytes..."
"2"," [39%] Downloaded 63927527 bytes..."
"2"," [39%] Downloaded 63993063 bytes..."
"2"," [39%] Downloaded 64042215 bytes..."
"2"," [39%] Downloaded 64058599 bytes..."
"2"," [39%] Downloaded 64123007 bytes..."
"2"," [39%] Downloaded 64139391 bytes..."
"2"," [39%] Downloaded 64188543 bytes..."
"2"," [39%] Downloaded 64221311 bytes..."
"2"," [39%] Downloaded 64237695 bytes..."
"2"," [39%] Downloaded 64254079 bytes..."
"2"," [39%] Downloaded 64285719 bytes..."
"2"," [39%] Downloaded 64302103 bytes..."
"2"," [39%] Downloaded 64318487 bytes..."
"2"," [39%] Downloaded 64351255 bytes..."
"2"," [39%] Downloaded 64367639 bytes..."
"2"," [39%] Downloaded 64384023 bytes..."
"2"," [39%] Downloaded 64433175 bytes..."
"2"," [39%] Downloaded 64481199 bytes..."
"2"," [39%] Downloaded 64497583 bytes..."
"2"," [39%] Downloaded 64513967 bytes..."
"2"," [39%] Downloaded 64563119 bytes..."
"2"," [39%] Downloaded 64638039 bytes..."
"2"," [39%] Downloaded 64654423 bytes..."
"2"," [39%] Downloaded 64703575 bytes..."
"2"," [39%] Downloaded 64752727 bytes..."
"2"," [39%] Downloaded 64769111 bytes..."
"2"," [39%] Downloaded 64816640 bytes..."
"2"," [39%] Downloaded 64833024 bytes..."
"2"," [39%] Downloaded 64882176 bytes..."
"2"," [39%] Downloaded 64898560 bytes..."
"2"," [39%] Downloaded 64947712 bytes..."
"2"," [39%] Downloaded 65012120 bytes..."
"2"," [40%] Downloaded 65077656 bytes..."
"2"," [40%] Downloaded 65110424 bytes..."
"2"," [40%] Downloaded 65143192 bytes..."
"2"," [40%] Downloaded 65207600 bytes..."
"2"," [40%] Downloaded 65273136 bytes..."
"2"," [40%] Downloaded 65305904 bytes..."
"2"," [40%] Downloaded 65338672 bytes..."
"2"," [40%] Downloaded 65355056 bytes..."
"2"," [40%] Downloaded 65387824 bytes..."
"2"," [40%] Downloaded 65403080 bytes..."
"2"," [40%] Downloaded 65452232 bytes..."
"2"," [40%] Downloaded 65468616 bytes..."
"2"," [40%] Downloaded 65534152 bytes..."
"2"," [40%] Downloaded 65583304 bytes..."
"2"," [40%] Downloaded 65598560 bytes..."
"2"," [40%] Downloaded 65664096 bytes..."
"2"," [40%] Downloaded 65713248 bytes..."
"2"," [40%] Downloaded 65729632 bytes..."
"2"," [40%] Downloaded 65778784 bytes..."
"2"," [40%] Downloaded 65794040 bytes..."
"2"," [40%] Downloaded 65826808 bytes..."
"2"," [40%] Downloaded 65859576 bytes..."
"2"," [40%] Downloaded 65908728 bytes..."
"2"," [40%] Downloaded 65925112 bytes..."
"2"," [40%] Downloaded 65941496 bytes..."
"2"," [40%] Downloaded 65989520 bytes..."
"2"," [40%] Downloaded 66022288 bytes..."
"2"," [40%] Downloaded 66038672 bytes..."
"2"," [40%] Downloaded 66055056 bytes..."
"2"," [40%] Downloaded 66104208 bytes..."
"2"," [40%] Downloaded 66169744 bytes..."
"2"," [40%] Downloaded 66185000 bytes..."
"2"," [40%] Downloaded 66234152 bytes..."
"2"," [40%] Downloaded 66299688 bytes..."
"2"," [40%] Downloaded 66365224 bytes..."
"2"," [40%] Downloaded 66413248 bytes..."
"2"," [40%] Downloaded 66429632 bytes..."
"2"," [40%] Downloaded 66478784 bytes..."
"2"," [40%] Downloaded 66495168 bytes..."
"2"," [40%] Downloaded 66544320 bytes..."
"2"," [40%] Downloaded 66560704 bytes..."
"2"," [40%] Downloaded 66625112 bytes..."
"2"," [40%] Downloaded 66674264 bytes..."
"2"," [40%] Downloaded 66690648 bytes..."
"2"," [41%] Downloaded 66723416 bytes..."
"2"," [41%] Downloaded 66756184 bytes..."
"2"," [41%] Downloaded 66820592 bytes..."
"2"," [41%] Downloaded 66886128 bytes..."
"2"," [41%] Downloaded 66902512 bytes..."
"2"," [41%] Downloaded 66951664 bytes..."
"2"," [41%] Downloaded 66999688 bytes..."
"2"," [41%] Downloaded 67016072 bytes..."
"2"," [41%] Downloaded 67065224 bytes..."
"2"," [41%] Downloaded 67081608 bytes..."
"2"," [41%] Downloaded 67130760 bytes..."
"2"," [41%] Downloaded 67147144 bytes..."
"2"," [41%] Downloaded 67211552 bytes..."
"2"," [41%] Downloaded 67260704 bytes..."
"2"," [41%] Downloaded 67277088 bytes..."
"2"," [41%] Downloaded 67309856 bytes..."
"2"," [41%] Downloaded 67326240 bytes..."
"2"," [41%] Downloaded 67342624 bytes..."
"2"," [41%] Downloaded 67374264 bytes..."
"2"," [41%] Downloaded 67390648 bytes..."
"2"," [41%] Downloaded 67407032 bytes..."
"2"," [41%] Downloaded 67423416 bytes..."
"2"," [41%] Downloaded 67456184 bytes..."
"2"," [41%] Downloaded 67472568 bytes..."
"2"," [41%] Downloaded 67521720 bytes..."
"2"," [41%] Downloaded 67586128 bytes..."
"2"," [41%] Downloaded 67651664 bytes..."
"2"," [41%] Downloaded 67717200 bytes..."
"2"," [41%] Downloaded 67781608 bytes..."
"2"," [41%] Downloaded 67847144 bytes..."
"2"," [41%] Downloaded 67896296 bytes..."
"2"," [41%] Downloaded 67912680 bytes..."
"2"," [41%] Downloaded 67929064 bytes..."
"2"," [41%] Downloaded 67977088 bytes..."
"2"," [41%] Downloaded 68026240 bytes..."
"2"," [41%] Downloaded 68042624 bytes..."
"2"," [41%] Downloaded 68091776 bytes..."
"2"," [41%] Downloaded 68108160 bytes..."
"2"," [41%] Downloaded 68172568 bytes..."
"2"," [41%] Downloaded 68205336 bytes..."
"2"," [41%] Downloaded 68238104 bytes..."
"2"," [41%] Downloaded 68254488 bytes..."
"2"," [41%] Downloaded 68270872 bytes..."
"2"," [41%] Downloaded 68303640 bytes..."
"2"," [42%] Downloaded 68351664 bytes..."
"2"," [42%] Downloaded 68368048 bytes..."
"2"," [42%] Downloaded 68384432 bytes..."
"2"," [42%] Downloaded 68433584 bytes..."
"2"," [42%] Downloaded 68466352 bytes..."
"2"," [42%] Downloaded 68482736 bytes..."
"2"," [42%] Downloaded 68499120 bytes..."
"2"," [42%] Downloaded 68530760 bytes..."
"2"," [42%] Downloaded 68547144 bytes..."
"2"," [42%] Downloaded 68563528 bytes..."
"2"," [42%] Downloaded 68579912 bytes..."
"2"," [42%] Downloaded 68612680 bytes..."
"2"," [42%] Downloaded 68629064 bytes..."
"2"," [42%] Downloaded 68678216 bytes..."
"2"," [42%] Downloaded 68742624 bytes..."
"2"," [42%] Downloaded 68759008 bytes..."
"2"," [42%] Downloaded 68808160 bytes..."
"2"," [42%] Downloaded 68873696 bytes..."
"2"," [42%] Downloaded 68906464 bytes..."
"2"," [42%] Downloaded 68938104 bytes..."
"2"," [42%] Downloaded 69003640 bytes..."
"2"," [42%] Downloaded 69069176 bytes..."
"2"," [42%] Downloaded 69117200 bytes..."
"2"," [42%] Downloaded 69133584 bytes..."
"2"," [42%] Downloaded 69166352 bytes..."
"2"," [42%] Downloaded 69199120 bytes..."
"2"," [42%] Downloaded 69231888 bytes..."
"2"," [42%] Downloaded 69248272 bytes..."
"2"," [42%] Downloaded 69264656 bytes..."
"2"," [42%] Downloaded 69312680 bytes..."
"2"," [42%] Downloaded 69329064 bytes..."
"2"," [42%] Downloaded 69378216 bytes..."
"2"," [42%] Downloaded 69394600 bytes..."
"2"," [42%] Downloaded 69443752 bytes..."
"2"," [42%] Downloaded 69460136 bytes..."
"2"," [42%] Downloaded 69476520 bytes..."
"2"," [42%] Downloaded 69524544 bytes..."
"2"," [42%] Downloaded 69590080 bytes..."
"2"," [42%] Downloaded 69606464 bytes..."
"2"," [42%] Downloaded 69655616 bytes..."
"2"," [42%] Downloaded 69703640 bytes..."
"2"," [42%] Downloaded 69720024 bytes..."
"2"," [42%] Downloaded 69752792 bytes..."
"2"," [42%] Downloaded 69769176 bytes..."
"2"," [42%] Downloaded 69785560 bytes..."
"2"," [42%] Downloaded 69834712 bytes..."
"2"," [42%] Downloaded 69899120 bytes..."
"2"," [42%] Downloaded 69915504 bytes..."
"2"," [43%] Downloaded 69948272 bytes..."
"2"," [43%] Downloaded 69964656 bytes..."
"2"," [43%] Downloaded 70030192 bytes..."
"2"," [43%] Downloaded 70094600 bytes..."
"2"," [43%] Downloaded 70110984 bytes..."
"2"," [43%] Downloaded 70160136 bytes..."
"2"," [43%] Downloaded 70225672 bytes..."
"2"," [43%] Downloaded 70274824 bytes..."
"2"," [43%] Downloaded 70290080 bytes..."
"2"," [43%] Downloaded 70339232 bytes..."
"2"," [43%] Downloaded 70355616 bytes..."
"2"," [43%] Downloaded 70388384 bytes..."
"2"," [43%] Downloaded 70404768 bytes..."
"2"," [43%] Downloaded 70421152 bytes..."
"2"," [43%] Downloaded 70470304 bytes..."
"2"," [43%] Downloaded 70485560 bytes..."
"2"," [43%] Downloaded 70501944 bytes..."
"2"," [43%] Downloaded 70518328 bytes..."
"2"," [43%] Downloaded 70534712 bytes..."
"2"," [43%] Downloaded 70551096 bytes..."
"2"," [43%] Downloaded 70567480 bytes..."
"2"," [43%] Downloaded 70600248 bytes..."
"2"," [43%] Downloaded 70616632 bytes..."
"2"," [43%] Downloaded 70633016 bytes..."
"2"," [43%] Downloaded 70649400 bytes..."
"2"," [43%] Downloaded 70681040 bytes..."
"2"," [43%] Downloaded 70730192 bytes..."
"2"," [43%] Downloaded 70762960 bytes..."
"2"," [43%] Downloaded 70812112 bytes..."
"2"," [43%] Downloaded 70844880 bytes..."
"2"," [43%] Downloaded 70892904 bytes..."
"2"," [43%] Downloaded 70942056 bytes..."
"2"," [43%] Downloaded 70974824 bytes..."
"2"," [43%] Downloaded 71023976 bytes..."
"2"," [43%] Downloaded 71072000 bytes..."
"2"," [43%] Downloaded 71121152 bytes..."
"2"," [43%] Downloaded 71170304 bytes..."
"2"," [43%] Downloaded 71235840 bytes..."
"2"," [43%] Downloaded 71283864 bytes..."
"2"," [43%] Downloaded 71316632 bytes..."
"2"," [43%] Downloaded 71333016 bytes..."
"2"," [43%] Downloaded 71349400 bytes..."
"2"," [43%] Downloaded 71398552 bytes..."
"2"," [43%] Downloaded 71462960 bytes..."
"2"," [43%] Downloaded 71495728 bytes..."
"2"," [43%] Downloaded 71512112 bytes..."
"2"," [43%] Downloaded 71544880 bytes..."
"2"," [44%] Downloaded 71577648 bytes..."
"2"," [44%] Downloaded 71643184 bytes..."
"2"," [44%] Downloaded 71707592 bytes..."
"2"," [44%] Downloaded 71773128 bytes..."
"2"," [44%] Downloaded 71789512 bytes..."
"2"," [44%] Downloaded 71838664 bytes..."
"2"," [44%] Downloaded 71903072 bytes..."
"2"," [44%] Downloaded 71919456 bytes..."
"2"," [44%] Downloaded 71968608 bytes..."
"2"," [44%] Downloaded 72017760 bytes..."
"2"," [44%] Downloaded 72034144 bytes..."
"2"," [44%] Downloaded 72049400 bytes..."
"2"," [44%] Downloaded 72098552 bytes..."
"2"," [44%] Downloaded 72147704 bytes..."
"2"," [44%] Downloaded 72164088 bytes..."
"2"," [44%] Downloaded 72196856 bytes..."
"2"," [44%] Downloaded 72213240 bytes..."
"2"," [44%] Downloaded 72229624 bytes..."
"2"," [44%] Downloaded 72244880 bytes..."
"2"," [44%] Downloaded 72277648 bytes..."
"2"," [44%] Downloaded 72343184 bytes..."
"2"," [44%] Downloaded 72392336 bytes..."
"2"," [44%] Downloaded 72408720 bytes..."
"2"," [44%] Downloaded 72456744 bytes..."
"2"," [44%] Downloaded 72473128 bytes..."
"2"," [44%] Downloaded 72538664 bytes..."
"2"," [44%] Downloaded 72587816 bytes..."
"2"," [44%] Downloaded 72604200 bytes..."
"2"," [44%] Downloaded 72668608 bytes..."
"2"," [44%] Downloaded 72734144 bytes..."
"2"," [44%] Downloaded 72799680 bytes..."
"2"," [44%] Downloaded 72864088 bytes..."
"2"," [44%] Downloaded 72929624 bytes..."
"2"," [44%] Downloaded 72995160 bytes..."
"2"," [44%] Downloaded 73059568 bytes..."
"2"," [44%] Downloaded 73125104 bytes..."
"2"," [44%] Downloaded 73141488 bytes..."
"2"," [44%] Downloaded 73190640 bytes..."
"2"," [45%] Downloaded 73238664 bytes..."
"2"," [45%] Downloaded 73255048 bytes..."
"2"," [45%] Downloaded 73287816 bytes..."
"2"," [45%] Downloaded 73304200 bytes..."
"2"," [45%] Downloaded 73320584 bytes..."
"2"," [45%] Downloaded 73353352 bytes..."
"2"," [45%] Downloaded 73369736 bytes..."
"2"," [45%] Downloaded 73386120 bytes..."
"2"," [45%] Downloaded 73434144 bytes..."
"2"," [45%] Downloaded 73450528 bytes..."
"2"," [45%] Downloaded 73483296 bytes..."
"2"," [45%] Downloaded 73499680 bytes..."
"2"," [45%] Downloaded 73516064 bytes..."
"2"," [45%] Downloaded 73548832 bytes..."
"2"," [45%] Downloaded 73565216 bytes..."
"2"," [45%] Downloaded 73629624 bytes..."
"2"," [45%] Downloaded 73695160 bytes..."
"2"," [45%] Downloaded 73760696 bytes..."
"2"," [45%] Downloaded 73777080 bytes..."
"2"," [45%] Downloaded 73825104 bytes..."
"2"," [45%] Downloaded 73890640 bytes..."
"2"," [45%] Downloaded 73939792 bytes..."
"2"," [45%] Downloaded 73956176 bytes..."
"2"," [45%] Downloaded 74020584 bytes..."
"2"," [45%] Downloaded 74053352 bytes..."
"2"," [45%] Downloaded 74086120 bytes..."
"2"," [45%] Downloaded 74151656 bytes..."
"2"," [45%] Downloaded 74216064 bytes..."
"2"," [45%] Downloaded 74281600 bytes..."
"2"," [45%] Downloaded 74347136 bytes..."
"2"," [45%] Downloaded 74379904 bytes..."
"2"," [45%] Downloaded 74411544 bytes..."
"2"," [45%] Downloaded 74477080 bytes..."
"2"," [45%] Downloaded 74526232 bytes..."
"2"," [45%] Downloaded 74542616 bytes..."
"2"," [45%] Downloaded 74575384 bytes..."
"2"," [45%] Downloaded 74590640 bytes..."
"2"," [45%] Downloaded 74607024 bytes..."
"2"," [45%] Downloaded 74639792 bytes..."
"2"," [45%] Downloaded 74656176 bytes..."
"2"," [45%] Downloaded 74705328 bytes..."
"2"," [45%] Downloaded 74721712 bytes..."
"2"," [45%] Downloaded 74770864 bytes..."
"2"," [45%] Downloaded 74786120 bytes..."
"2"," [45%] Downloaded 74818888 bytes..."
"2"," [46%] Downloaded 74851656 bytes..."
"2"," [46%] Downloaded 74884424 bytes..."
"2"," [46%] Downloaded 74917192 bytes..."
"2"," [46%] Downloaded 74949960 bytes..."
"2"," [46%] Downloaded 74980600 bytes..."
"2"," [46%] Downloaded 74996984 bytes..."
"2"," [46%] Downloaded 75013368 bytes..."
"2"," [46%] Downloaded 75046136 bytes..."
"2"," [46%] Downloaded 75095288 bytes..."
"2"," [46%] Downloaded 75111672 bytes..."
"2"," [46%] Downloaded 75160824 bytes..."
"2"," [46%] Downloaded 75176080 bytes..."
"2"," [46%] Downloaded 75241616 bytes..."
"2"," [46%] Downloaded 75290768 bytes..."
"2"," [46%] Downloaded 75307152 bytes..."
"2"," [46%] Downloaded 75323536 bytes..."
"2"," [46%] Downloaded 75371560 bytes..."
"2"," [46%] Downloaded 75420712 bytes..."
"2"," [46%] Downloaded 75437096 bytes..."
"2"," [46%] Downloaded 75486248 bytes..."
"2"," [46%] Downloaded 75502632 bytes..."
"2"," [46%] Downloaded 75567040 bytes..."
"2"," [46%] Downloaded 75583424 bytes..."
"2"," [46%] Downloaded 75632576 bytes..."
"2"," [46%] Downloaded 75698112 bytes..."
"2"," [46%] Downloaded 75762688 bytes..."
"2"," [46%] Downloaded 75828224 bytes..."
"2"," [46%] Downloaded 75860992 bytes..."
"2"," [46%] Downloaded 75877376 bytes..."
"2"," [46%] Downloaded 75893760 bytes..."
"2"," [46%] Downloaded 75926528 bytes..."
"2"," [46%] Downloaded 75958168 bytes..."
"2"," [46%] Downloaded 76007320 bytes..."
"2"," [46%] Downloaded 76023704 bytes..."
"2"," [46%] Downloaded 76072856 bytes..."
"2"," [46%] Downloaded 76089240 bytes..."
"2"," [46%] Downloaded 76122008 bytes..."
"2"," [46%] Downloaded 76138392 bytes..."
"2"," [46%] Downloaded 76153648 bytes..."
"2"," [46%] Downloaded 76186416 bytes..."
"2"," [46%] Downloaded 76202800 bytes..."
"2"," [46%] Downloaded 76251952 bytes..."
"2"," [46%] Downloaded 76268336 bytes..."
"2"," [46%] Downloaded 76333872 bytes..."
"2"," [46%] Downloaded 76381896 bytes..."
"2"," [46%] Downloaded 76398280 bytes..."
"2"," [46%] Downloaded 76414664 bytes..."
"2"," [47%] Downloaded 76463816 bytes..."
"2"," [47%] Downloaded 76480200 bytes..."
"2"," [47%] Downloaded 76529352 bytes..."
"2"," [47%] Downloaded 76593760 bytes..."
"2"," [47%] Downloaded 76642912 bytes..."
"2"," [47%] Downloaded 76659296 bytes..."
"2"," [47%] Downloaded 76724832 bytes..."
"2"," [47%] Downloaded 76789240 bytes..."
"2"," [47%] Downloaded 76822008 bytes..."
"2"," [47%] Downloaded 76854776 bytes..."
"2"," [47%] Downloaded 76887544 bytes..."
"2"," [47%] Downloaded 76920312 bytes..."
"2"," [47%] Downloaded 76968336 bytes..."
"2"," [47%] Downloaded 76984720 bytes..."
"2"," [47%] Downloaded 77033872 bytes..."
"2"," [47%] Downloaded 77050256 bytes..."
"2"," [47%] Downloaded 77115792 bytes..."
"2"," [47%] Downloaded 77131048 bytes..."
"2"," [47%] Downloaded 77180200 bytes..."
"2"," [47%] Downloaded 77229352 bytes..."
"2"," [47%] Downloaded 77245736 bytes..."
"2"," [47%] Downloaded 77294888 bytes..."
"2"," [47%] Downloaded 77359296 bytes..."
"2"," [47%] Downloaded 77375680 bytes..."
"2"," [47%] Downloaded 77392064 bytes..."
"2"," [47%] Downloaded 77424832 bytes..."
"2"," [47%] Downloaded 77473984 bytes..."
"2"," [47%] Downloaded 77490368 bytes..."
"2"," [47%] Downloaded 77506752 bytes..."
"2"," [47%] Downloaded 77538392 bytes..."
"2"," [47%] Downloaded 77554776 bytes..."
"2"," [47%] Downloaded 77587544 bytes..."
"2"," [47%] Downloaded 77620312 bytes..."
"2"," [47%] Downloaded 77669464 bytes..."
"2"," [47%] Downloaded 77685848 bytes..."
"2"," [47%] Downloaded 77733872 bytes..."
"2"," [47%] Downloaded 77750256 bytes..."
"2"," [47%] Downloaded 77815792 bytes..."
"2"," [47%] Downloaded 77881328 bytes..."
"2"," [47%] Downloaded 77945736 bytes..."
"2"," [47%] Downloaded 78011272 bytes..."
"2"," [47%] Downloaded 78044040 bytes..."
"2"," [47%] Downloaded 78076808 bytes..."
"2"," [48%] Downloaded 78141216 bytes..."
"2"," [48%] Downloaded 78206752 bytes..."
"2"," [48%] Downloaded 78255904 bytes..."
"2"," [48%] Downloaded 78272288 bytes..."
"2"," [48%] Downloaded 78320312 bytes..."
"2"," [48%] Downloaded 78336696 bytes..."
"2"," [48%] Downloaded 78369464 bytes..."
"2"," [48%] Downloaded 78402232 bytes..."
"2"," [48%] Downloaded 78435000 bytes..."
"2"," [48%] Downloaded 78451384 bytes..."
"2"," [48%] Downloaded 78467768 bytes..."
"2"," [48%] Downloaded 78499408 bytes..."
"2"," [48%] Downloaded 78532176 bytes..."
"2"," [48%] Downloaded 78581328 bytes..."
"2"," [48%] Downloaded 78597712 bytes..."
"2"," [48%] Downloaded 78646864 bytes..."
"2"," [48%] Downloaded 78711272 bytes..."
"2"," [48%] Downloaded 78776808 bytes..."
"2"," [48%] Downloaded 78809576 bytes..."
"2"," [48%] Downloaded 78842344 bytes..."
"2"," [48%] Downloaded 78906752 bytes..."
"2"," [48%] Downloaded 78923136 bytes..."
"2"," [48%] Downloaded 78972288 bytes..."
"2"," [48%] Downloaded 79037824 bytes..."
"2"," [48%] Downloaded 79085848 bytes..."
"2"," [48%] Downloaded 79102232 bytes..."
"2"," [48%] Downloaded 79167768 bytes..."
"2"," [48%] Downloaded 79233304 bytes..."
"2"," [48%] Downloaded 79297712 bytes..."
"2"," [48%] Downloaded 79346864 bytes..."
"2"," [48%] Downloaded 79363248 bytes..."
"2"," [48%] Downloaded 79379632 bytes..."
"2"," [48%] Downloaded 79428784 bytes..."
"2"," [48%] Downloaded 79493192 bytes..."
"2"," [48%] Downloaded 79558728 bytes..."
"2"," [48%] Downloaded 79624264 bytes..."
"2"," [48%] Downloaded 79688672 bytes..."
"2"," [49%] Downloaded 79737824 bytes..."
"2"," [49%] Downloaded 79754208 bytes..."
"2"," [49%] Downloaded 79786976 bytes..."
"2"," [49%] Downloaded 79803360 bytes..."
"2"," [49%] Downloaded 79819744 bytes..."
"2"," [49%] Downloaded 79852512 bytes..."
"2"," [49%] Downloaded 79867768 bytes..."
"2"," [49%] Downloaded 79884152 bytes..."
"2"," [49%] Downloaded 79933304 bytes..."
"2"," [49%] Downloaded 79949688 bytes..."
"2"," [49%] Downloaded 79998840 bytes..."
"2"," [49%] Downloaded 80047992 bytes..."
"2"," [49%] Downloaded 80063248 bytes..."
"2"," [49%] Downloaded 80112400 bytes..."
"2"," [49%] Downloaded 80161552 bytes..."
"2"," [49%] Downloaded 80177936 bytes..."
"2"," [49%] Downloaded 80194320 bytes..."
"2"," [49%] Downloaded 80210704 bytes..."
"2"," [49%] Downloaded 80227088 bytes..."
"2"," [49%] Downloaded 80258728 bytes..."
"2"," [49%] Downloaded 80275112 bytes..."
"2"," [49%] Downloaded 80307880 bytes..."
"2"," [49%] Downloaded 80324264 bytes..."
"2"," [49%] Downloaded 80340648 bytes..."
"2"," [49%] Downloaded 80357032 bytes..."
"2"," [49%] Downloaded 80389800 bytes..."
"2"," [49%] Downloaded 80422568 bytes..."
"2"," [49%] Downloaded 80438952 bytes..."
"2"," [49%] Downloaded 80486976 bytes..."
"2"," [49%] Downloaded 80519744 bytes..."
"2"," [49%] Downloaded 80568896 bytes..."
"2"," [49%] Downloaded 80618048 bytes..."
"2"," [49%] Downloaded 80666072 bytes..."
"2"," [49%] Downloaded 80715224 bytes..."
"2"," [49%] Downloaded 80764376 bytes..."
"2"," [49%] Downloaded 80813528 bytes..."
"2"," [49%] Downloaded 80877936 bytes..."
"2"," [49%] Downloaded 80910704 bytes..."
"2"," [49%] Downloaded 80927088 bytes..."
"2"," [49%] Downloaded 80976240 bytes..."
"2"," [49%] Downloaded 80992624 bytes..."
"2"," [49%] Downloaded 81009008 bytes..."
"2"," [49%] Downloaded 81040648 bytes..."
"2"," [49%] Downloaded 81106184 bytes..."
"2"," [49%] Downloaded 81171720 bytes..."
"2"," [49%] Downloaded 81204488 bytes..."
"2"," [49%] Downloaded 81236128 bytes..."
"2"," [49%] Downloaded 81268896 bytes..."
"2"," [49%] Downloaded 81301664 bytes..."
"2"," [50%] Downloaded 81367200 bytes..."
"2"," [50%] Downloaded 81431608 bytes..."
"2"," [50%] Downloaded 81497144 bytes..."
"2"," [50%] Downloaded 81546296 bytes..."
"2"," [50%] Downloaded 81562680 bytes..."
"2"," [50%] Downloaded 81595448 bytes..."
"2"," [50%] Downloaded 81627088 bytes..."
"2"," [50%] Downloaded 81676240 bytes..."
"2"," [50%] Downloaded 81692624 bytes..."
"2"," [50%] Downloaded 81741776 bytes..."
"2"," [50%] Downloaded 81758160 bytes..."
"2"," [50%] Downloaded 81774544 bytes..."
"2"," [50%] Downloaded 81807312 bytes..."
"2"," [50%] Downloaded 81822568 bytes..."
"2"," [50%] Downloaded 81871720 bytes..."
"2"," [50%] Downloaded 81888104 bytes..."
"2"," [50%] Downloaded 81937256 bytes..."
"2"," [50%] Downloaded 82002792 bytes..."
"2"," [50%] Downloaded 82018048 bytes..."
"2"," [50%] Downloaded 82050816 bytes..."
"2"," [50%] Downloaded 82067200 bytes..."
"2"," [50%] Downloaded 82132736 bytes..."
"2"," [50%] Downloaded 82181888 bytes..."
"2"," [50%] Downloaded 82198272 bytes..."
"2"," [50%] Downloaded 82262680 bytes..."
"2"," [50%] Downloaded 82311832 bytes..."
"2"," [50%] Downloaded 82328216 bytes..."
"2"," [50%] Downloaded 82377368 bytes..."
"2"," [50%] Downloaded 82393752 bytes..."
"2"," [50%] Downloaded 82425392 bytes..."
"2"," [50%] Downloaded 82458160 bytes..."
"2"," [50%] Downloaded 82523696 bytes..."
"2"," [50%] Downloaded 82556464 bytes..."
"2"," [50%] Downloaded 82589232 bytes..."
"2"," [50%] Downloaded 82653640 bytes..."
"2"," [50%] Downloaded 82702792 bytes..."
"2"," [50%] Downloaded 82719176 bytes..."
"2"," [50%] Downloaded 82735560 bytes..."
"2"," [50%] Downloaded 82784712 bytes..."
"2"," [50%] Downloaded 82849120 bytes..."
"2"," [50%] Downloaded 82881888 bytes..."
"2"," [50%] Downloaded 82914656 bytes..."
"2"," [51%] Downloaded 82963808 bytes..."
"2"," [51%] Downloaded 82980192 bytes..."
"2"," [51%] Downloaded 83044600 bytes..."
"2"," [51%] Downloaded 83093752 bytes..."
"2"," [51%] Downloaded 83159288 bytes..."
"2"," [51%] Downloaded 83175672 bytes..."
"2"," [51%] Downloaded 83223696 bytes..."
"2"," [51%] Downloaded 83240080 bytes..."
"2"," [51%] Downloaded 83289232 bytes..."
"2"," [51%] Downloaded 83305616 bytes..."
"2"," [51%] Downloaded 83338384 bytes..."
"2"," [51%] Downloaded 83354768 bytes..."
"2"," [51%] Downloaded 83386408 bytes..."
"2"," [51%] Downloaded 83419176 bytes..."
"2"," [51%] Downloaded 83484712 bytes..."
"2"," [51%] Downloaded 83550248 bytes..."
"2"," [51%] Downloaded 83598272 bytes..."
"2"," [51%] Downloaded 83614656 bytes..."
"2"," [51%] Downloaded 83680192 bytes..."
"2"," [51%] Downloaded 83745728 bytes..."
"2"," [51%] Downloaded 83793752 bytes..."
"2"," [51%] Downloaded 83810136 bytes..."
"2"," [51%] Downloaded 83859288 bytes..."
"2"," [51%] Downloaded 83875672 bytes..."
"2"," [51%] Downloaded 83941208 bytes..."
"2"," [51%] Downloaded 84005616 bytes..."
"2"," [51%] Downloaded 84054768 bytes..."
"2"," [51%] Downloaded 84071152 bytes..."
"2"," [51%] Downloaded 84087536 bytes..."
"2"," [51%] Downloaded 84136688 bytes..."
"2"," [51%] Downloaded 84201096 bytes..."
"2"," [51%] Downloaded 84233864 bytes..."
"2"," [51%] Downloaded 84266632 bytes..."
"2"," [51%] Downloaded 84332168 bytes..."
"2"," [51%] Downloaded 84396576 bytes..."
"2"," [51%] Downloaded 84412960 bytes..."
"2"," [51%] Downloaded 84462112 bytes..."
"2"," [51%] Downloaded 84511264 bytes..."
"2"," [51%] Downloaded 84527648 bytes..."
"2"," [51%] Downloaded 84575376 bytes..."
"2"," [52%] Downloaded 84591760 bytes..."
"2"," [52%] Downloaded 84624528 bytes..."
"2"," [52%] Downloaded 84640912 bytes..."
"2"," [52%] Downloaded 84657296 bytes..."
"2"," [52%] Downloaded 84690064 bytes..."
"2"," [52%] Downloaded 84706448 bytes..."
"2"," [52%] Downloaded 84754472 bytes..."
"2"," [52%] Downloaded 84770856 bytes..."
"2"," [52%] Downloaded 84820008 bytes..."
"2"," [52%] Downloaded 84836392 bytes..."
"2"," [52%] Downloaded 84885544 bytes..."
"2"," [52%] Downloaded 84901928 bytes..."
"2"," [52%] Downloaded 84966336 bytes..."
"2"," [52%] Downloaded 85015488 bytes..."
"2"," [52%] Downloaded 85031872 bytes..."
"2"," [52%] Downloaded 85097408 bytes..."
"2"," [52%] Downloaded 85145432 bytes..."
"2"," [52%] Downloaded 85161816 bytes..."
"2"," [52%] Downloaded 85227352 bytes..."
"2"," [52%] Downloaded 85276504 bytes..."
"2"," [52%] Downloaded 85292888 bytes..."
"2"," [52%] Downloaded 85340912 bytes..."
"2"," [52%] Downloaded 85357296 bytes..."
"2"," [52%] Downloaded 85406448 bytes..."
"2"," [52%] Downloaded 85422832 bytes..."
"2"," [52%] Downloaded 85455600 bytes..."
"2"," [52%] Downloaded 85471984 bytes..."
"2"," [52%] Downloaded 85488368 bytes..."
"2"," [52%] Downloaded 85536392 bytes..."
"2"," [52%] Downloaded 85552776 bytes..."
"2"," [52%] Downloaded 85601928 bytes..."
"2"," [52%] Downloaded 85618312 bytes..."
"2"," [52%] Downloaded 85667464 bytes..."
"2"," [52%] Downloaded 85683848 bytes..."
"2"," [52%] Downloaded 85731872 bytes..."
"2"," [52%] Downloaded 85748256 bytes..."
"2"," [52%] Downloaded 85797408 bytes..."
"2"," [52%] Downloaded 85813792 bytes..."
"2"," [52%] Downloaded 85830176 bytes..."
"2"," [52%] Downloaded 85862944 bytes..."
"2"," [52%] Downloaded 85879328 bytes..."
"2"," [52%] Downloaded 85895712 bytes..."
"2"," [52%] Downloaded 85943736 bytes..."
"2"," [52%] Downloaded 85992888 bytes..."
"2"," [52%] Downloaded 86009272 bytes..."
"2"," [52%] Downloaded 86025656 bytes..."
"2"," [52%] Downloaded 86058424 bytes..."
"2"," [52%] Downloaded 86107576 bytes..."
"2"," [52%] Downloaded 86139216 bytes..."
"2"," [52%] Downloaded 86155600 bytes..."
"2"," [52%] Downloaded 86171984 bytes..."
"2"," [52%] Downloaded 86188368 bytes..."
"2"," [53%] Downloaded 86237520 bytes..."
"2"," [53%] Downloaded 86253904 bytes..."
"2"," [53%] Downloaded 86270288 bytes..."
"2"," [53%] Downloaded 86303056 bytes..."
"2"," [53%] Downloaded 86318312 bytes..."
"2"," [53%] Downloaded 86367464 bytes..."
"2"," [53%] Downloaded 86383848 bytes..."
"2"," [53%] Downloaded 86433000 bytes..."
"2"," [53%] Downloaded 86449384 bytes..."
"2"," [53%] Downloaded 86498536 bytes..."
"2"," [53%] Downloaded 86513792 bytes..."
"2"," [53%] Downloaded 86546560 bytes..."
"2"," [53%] Downloaded 86562944 bytes..."
"2"," [53%] Downloaded 86579328 bytes..."
"2"," [53%] Downloaded 86612096 bytes..."
"2"," [53%] Downloaded 86644864 bytes..."
"2"," [53%] Downloaded 86677632 bytes..."
"2"," [53%] Downloaded 86709272 bytes..."
"2"," [53%] Downloaded 86774808 bytes..."
"2"," [53%] Downloaded 86840344 bytes..."
"2"," [53%] Downloaded 86873112 bytes..."
"2"," [53%] Downloaded 86904752 bytes..."
"2"," [53%] Downloaded 86953904 bytes..."
"2"," [53%] Downloaded 86970288 bytes..."
"2"," [53%] Downloaded 87035824 bytes..."
"2"," [53%] Downloaded 87100232 bytes..."
"2"," [53%] Downloaded 87116616 bytes..."
"2"," [53%] Downloaded 87165768 bytes..."
"2"," [53%] Downloaded 87214920 bytes..."
"2"," [53%] Downloaded 87231304 bytes..."
"2"," [53%] Downloaded 87247688 bytes..."
"2"," [53%] Downloaded 87295712 bytes..."
"2"," [53%] Downloaded 87361248 bytes..."
"2"," [53%] Downloaded 87394016 bytes..."
"2"," [53%] Downloaded 87410400 bytes..."
"2"," [53%] Downloaded 87426784 bytes..."
"2"," [53%] Downloaded 87459552 bytes..."
"2"," [53%] Downloaded 87475936 bytes..."
"2"," [53%] Downloaded 87491192 bytes..."
"2"," [53%] Downloaded 87540344 bytes..."
"2"," [53%] Downloaded 87556728 bytes..."
"2"," [53%] Downloaded 87573112 bytes..."
"2"," [53%] Downloaded 87605880 bytes..."
"2"," [53%] Downloaded 87671416 bytes..."
"2"," [53%] Downloaded 87686672 bytes..."
"2"," [53%] Downloaded 87735824 bytes..."
"2"," [53%] Downloaded 87801360 bytes..."
"2"," [54%] Downloaded 87850512 bytes..."
"2"," [54%] Downloaded 87866896 bytes..."
"2"," [54%] Downloaded 87882152 bytes..."
"2"," [54%] Downloaded 87931304 bytes..."
"2"," [54%] Downloaded 87996840 bytes..."
"2"," [54%] Downloaded 88045992 bytes..."
"2"," [54%] Downloaded 88062376 bytes..."
"2"," [54%] Downloaded 88110400 bytes..."
"2"," [54%] Downloaded 88126784 bytes..."
"2"," [54%] Downloaded 88175936 bytes..."
"2"," [54%] Downloaded 88192320 bytes..."
"2"," [54%] Downloaded 88257856 bytes..."
"2"," [54%] Downloaded 88322264 bytes..."
"2"," [54%] Downloaded 88338648 bytes..."
"2"," [54%] Downloaded 88387800 bytes..."
"2"," [54%] Downloaded 88436952 bytes..."
"2"," [54%] Downloaded 88453336 bytes..."
"2"," [54%] Downloaded 88501360 bytes..."
"2"," [54%] Downloaded 88517744 bytes..."
"2"," [54%] Downloaded 88566896 bytes..."
"2"," [54%] Downloaded 88583280 bytes..."
"2"," [54%] Downloaded 88616048 bytes..."
"2"," [54%] Downloaded 88648816 bytes..."
"2"," [54%] Downloaded 88680456 bytes..."
"2"," [54%] Downloaded 88713224 bytes..."
"2"," [54%] Downloaded 88745992 bytes..."
"2"," [54%] Downloaded 88762376 bytes..."
"2"," [54%] Downloaded 88778760 bytes..."
"2"," [54%] Downloaded 88827912 bytes..."
"2"," [54%] Downloaded 88844296 bytes..."
"2"," [54%] Downloaded 88892320 bytes..."
"2"," [54%] Downloaded 88908704 bytes..."
"2"," [54%] Downloaded 88957856 bytes..."
"2"," [54%] Downloaded 88974240 bytes..."
"2"," [54%] Downloaded 89023392 bytes..."
"2"," [54%] Downloaded 89087800 bytes..."
"2"," [54%] Downloaded 89153336 bytes..."
"2"," [54%] Downloaded 89218872 bytes..."
"2"," [54%] Downloaded 89283280 bytes..."
"2"," [54%] Downloaded 89348816 bytes..."
"2"," [54%] Downloaded 89397968 bytes..."
"2"," [54%] Downloaded 89414352 bytes..."
"2"," [54%] Downloaded 89430736 bytes..."
"2"," [54%] Downloaded 89445992 bytes..."
"2"," [55%] Downloaded 89478760 bytes..."
"2"," [55%] Downloaded 89544296 bytes..."
"2"," [55%] Downloaded 89609832 bytes..."
"2"," [55%] Downloaded 89674240 bytes..."
"2"," [55%] Downloaded 89707008 bytes..."
"2"," [55%] Downloaded 89739776 bytes..."
"2"," [55%] Downloaded 89805312 bytes..."
"2"," [55%] Downloaded 89821696 bytes..."
"2"," [55%] Downloaded 89869720 bytes..."
"2"," [55%] Downloaded 89918872 bytes..."
"2"," [55%] Downloaded 89935256 bytes..."
"2"," [55%] Downloaded 89984408 bytes..."
"2"," [55%] Downloaded 90000792 bytes..."
"2"," [55%] Downloaded 90048816 bytes..."
"2"," [55%] Downloaded 90065200 bytes..."
"2"," [55%] Downloaded 90114352 bytes..."
"2"," [55%] Downloaded 90130736 bytes..."
"2"," [55%] Downloaded 90179888 bytes..."
"2"," [55%] Downloaded 90196272 bytes..."
"2"," [55%] Downloaded 90244296 bytes..."
"2"," [55%] Downloaded 90260680 bytes..."
"2"," [55%] Downloaded 90309832 bytes..."
"2"," [55%] Downloaded 90326216 bytes..."
"2"," [55%] Downloaded 90375368 bytes..."
"2"," [55%] Downloaded 90391752 bytes..."
"2"," [55%] Downloaded 90439776 bytes..."
"2"," [55%] Downloaded 90456160 bytes..."
"2"," [55%] Downloaded 90488928 bytes..."
"2"," [55%] Downloaded 90505312 bytes..."
"2"," [55%] Downloaded 90521696 bytes..."
"2"," [55%] Downloaded 90538080 bytes..."
"2"," [55%] Downloaded 90570848 bytes..."
"2"," [55%] Downloaded 90587232 bytes..."
"2"," [55%] Downloaded 90635256 bytes..."
"2"," [55%] Downloaded 90651640 bytes..."
"2"," [55%] Downloaded 90700792 bytes..."
"2"," [55%] Downloaded 90717176 bytes..."
"2"," [55%] Downloaded 90766328 bytes..."
"2"," [55%] Downloaded 90782712 bytes..."
"2"," [55%] Downloaded 90830736 bytes..."
"2"," [55%] Downloaded 90847120 bytes..."
"2"," [55%] Downloaded 90896272 bytes..."
"2"," [55%] Downloaded 90912656 bytes..."
"2"," [55%] Downloaded 90961808 bytes..."
"2"," [55%] Downloaded 90978192 bytes..."
"2"," [55%] Downloaded 91009832 bytes..."
"2"," [55%] Downloaded 91026216 bytes..."
"2"," [55%] Downloaded 91042600 bytes..."
"2"," [56%] Downloaded 91091752 bytes..."
"2"," [56%] Downloaded 91108136 bytes..."
"2"," [56%] Downloaded 91140904 bytes..."
"2"," [56%] Downloaded 91157288 bytes..."
"2"," [56%] Downloaded 91205312 bytes..."
"2"," [56%] Downloaded 91221696 bytes..."
"2"," [56%] Downloaded 91270848 bytes..."
"2"," [56%] Downloaded 91287232 bytes..."
"2"," [56%] Downloaded 91336384 bytes..."
"2"," [56%] Downloaded 91352768 bytes..."
"2"," [56%] Downloaded 91400792 bytes..."
"2"," [56%] Downloaded 91417176 bytes..."
"2"," [56%] Downloaded 91466328 bytes..."
"2"," [56%] Downloaded 91482712 bytes..."
"2"," [56%] Downloaded 91531864 bytes..."
"2"," [56%] Downloaded 91548248 bytes..."
"2"," [56%] Downloaded 91596272 bytes..."
"2"," [56%] Downloaded 91612656 bytes..."
"2"," [56%] Downloaded 91629040 bytes..."
"2"," [56%] Downloaded 91661808 bytes..."
"2"," [56%] Downloaded 91678192 bytes..."
"2"," [56%] Downloaded 91727344 bytes..."
"2"," [56%] Downloaded 91743728 bytes..."
"2"," [56%] Downloaded 91776496 bytes..."
"2"," [56%] Downloaded 91791752 bytes..."
"2"," [56%] Downloaded 91808136 bytes..."
"2"," [56%] Downloaded 91857288 bytes..."
"2"," [56%] Downloaded 91873672 bytes..."
"2"," [56%] Downloaded 91906440 bytes..."
"2"," [56%] Downloaded 91922824 bytes..."
"2"," [56%] Downloaded 91939208 bytes..."
"2"," [56%] Downloaded 91987232 bytes..."
"2"," [56%] Downloaded 92003616 bytes..."
"2"," [56%] Downloaded 92020000 bytes..."
"2"," [56%] Downloaded 92036384 bytes..."
"2"," [56%] Downloaded 92052768 bytes..."
"2"," [56%] Downloaded 92069152 bytes..."
"2"," [56%] Downloaded 92101920 bytes..."
"2"," [56%] Downloaded 92118304 bytes..."
"2"," [56%] Downloaded 92134688 bytes..."
"2"," [56%] Downloaded 92167456 bytes..."
"2"," [56%] Downloaded 92199096 bytes..."
"2"," [56%] Downloaded 92231864 bytes..."
"2"," [56%] Downloaded 92248248 bytes..."
"2"," [56%] Downloaded 92264632 bytes..."
"2"," [56%] Downloaded 92281016 bytes..."
"2"," [56%] Downloaded 92297400 bytes..."
"2"," [56%] Downloaded 92313784 bytes..."
"2"," [56%] Downloaded 92362936 bytes..."
"2"," [56%] Downloaded 92378192 bytes..."
"2"," [56%] Downloaded 92427344 bytes..."
"2"," [56%] Downloaded 92443728 bytes..."
"2"," [56%] Downloaded 92476496 bytes..."
"2"," [56%] Downloaded 92492880 bytes..."
"2"," [56%] Downloaded 92509264 bytes..."
"2"," [56%] Downloaded 92542032 bytes..."
"2"," [56%] Downloaded 92558416 bytes..."
"2"," [56%] Downloaded 92573672 bytes..."
"2"," [56%] Downloaded 92639208 bytes..."
"2"," [56%] Downloaded 92688360 bytes..."
"2"," [56%] Downloaded 92704744 bytes..."
"2"," [57%] Downloaded 92737512 bytes..."
"2"," [57%] Downloaded 92753896 bytes..."
"2"," [57%] Downloaded 92769152 bytes..."
"2"," [57%] Downloaded 92785536 bytes..."
"2"," [57%] Downloaded 92818304 bytes..."
"2"," [57%] Downloaded 92834688 bytes..."
"2"," [57%] Downloaded 92851072 bytes..."
"2"," [57%] Downloaded 92900224 bytes..."
"2"," [57%] Downloaded 92916608 bytes..."
"2"," [57%] Downloaded 92964632 bytes..."
"2"," [57%] Downloaded 93030168 bytes..."
"2"," [57%] Downloaded 93079320 bytes..."
"2"," [57%] Downloaded 93095704 bytes..."
"2"," [57%] Downloaded 93144856 bytes..."
"2"," [57%] Downloaded 93160112 bytes..."
"2"," [57%] Downloaded 93209264 bytes..."
"2"," [57%] Downloaded 93225648 bytes..."
"2"," [57%] Downloaded 93274800 bytes..."
"2"," [57%] Downloaded 93291184 bytes..."
"2"," [57%] Downloaded 93323952 bytes..."
"2"," [57%] Downloaded 93355592 bytes..."
"2"," [57%] Downloaded 93404744 bytes..."
"2"," [57%] Downloaded 93421128 bytes..."
"2"," [57%] Downloaded 93470280 bytes..."
"2"," [57%] Downloaded 93486664 bytes..."
"2"," [57%] Downloaded 93503048 bytes..."
"2"," [57%] Downloaded 93551072 bytes..."
"2"," [57%] Downloaded 93583840 bytes..."
"2"," [57%] Downloaded 93616608 bytes..."
"2"," [57%] Downloaded 93665760 bytes..."
"2"," [57%] Downloaded 93682144 bytes..."
"2"," [57%] Downloaded 93746552 bytes..."
"2"," [57%] Downloaded 93795704 bytes..."
"2"," [57%] Downloaded 93812088 bytes..."
"2"," [57%] Downloaded 93861240 bytes..."
"2"," [57%] Downloaded 93877624 bytes..."
"2"," [57%] Downloaded 93894008 bytes..."
"2"," [57%] Downloaded 93926776 bytes..."
"2"," [57%] Downloaded 93942032 bytes..."
"2"," [57%] Downloaded 93991184 bytes..."
"2"," [57%] Downloaded 94056720 bytes..."
"2"," [57%] Downloaded 94122256 bytes..."
"2"," [57%] Downloaded 94170280 bytes..."
"2"," [57%] Downloaded 94186664 bytes..."
"2"," [57%] Downloaded 94235816 bytes..."
"2"," [57%] Downloaded 94252200 bytes..."
"2"," [57%] Downloaded 94301352 bytes..."
"2"," [57%] Downloaded 94317736 bytes..."
"2"," [58%] Downloaded 94365760 bytes..."
"2"," [58%] Downloaded 94382144 bytes..."
"2"," [58%] Downloaded 94431296 bytes..."
"2"," [58%] Downloaded 94447680 bytes..."
"2"," [58%] Downloaded 94464064 bytes..."
"2"," [58%] Downloaded 94513216 bytes..."
"2"," [58%] Downloaded 94577624 bytes..."
"2"," [58%] Downloaded 94594008 bytes..."
"2"," [58%] Downloaded 94626776 bytes..."
"2"," [58%] Downloaded 94643160 bytes..."
"2"," [58%] Downloaded 94692312 bytes..."
"2"," [58%] Downloaded 94708696 bytes..."
"2"," [58%] Downloaded 94756720 bytes..."
"2"," [58%] Downloaded 94773104 bytes..."
"2"," [58%] Downloaded 94838640 bytes..."
"2"," [58%] Downloaded 94887792 bytes..."
"2"," [58%] Downloaded 94904176 bytes..."
"2"," [58%] Downloaded 94952240 bytes..."
"2"," [58%] Downloaded 94968624 bytes..."
"2"," [58%] Downloaded 95017776 bytes..."
"2"," [58%] Downloaded 95034160 bytes..."
"2"," [58%] Downloaded 95083312 bytes..."
"2"," [58%] Downloaded 95099696 bytes..."
"2"," [58%] Downloaded 95164104 bytes..."
"2"," [58%] Downloaded 95213256 bytes..."
"2"," [58%] Downloaded 95229640 bytes..."
"2"," [58%] Downloaded 95278792 bytes..."
"2"," [58%] Downloaded 95295176 bytes..."
"2"," [58%] Downloaded 95343200 bytes..."
"2"," [58%] Downloaded 95359584 bytes..."
"2"," [58%] Downloaded 95408736 bytes..."
"2"," [58%] Downloaded 95425120 bytes..."
"2"," [58%] Downloaded 95441504 bytes..."
"2"," [58%] Downloaded 95474272 bytes..."
"2"," [58%] Downloaded 95490656 bytes..."
"2"," [58%] Downloaded 95522296 bytes..."
"2"," [58%] Downloaded 95538680 bytes..."
"2"," [58%] Downloaded 95555064 bytes..."
"2"," [58%] Downloaded 95587832 bytes..."
"2"," [58%] Downloaded 95604216 bytes..."
"2"," [58%] Downloaded 95636984 bytes..."
"2"," [58%] Downloaded 95653368 bytes..."
"2"," [58%] Downloaded 95669752 bytes..."
"2"," [58%] Downloaded 95717776 bytes..."
"2"," [58%] Downloaded 95734160 bytes..."
"2"," [58%] Downloaded 95750544 bytes..."
"2"," [58%] Downloaded 95766928 bytes..."
"2"," [58%] Downloaded 95783312 bytes..."
"2"," [58%] Downloaded 95799696 bytes..."
"2"," [58%] Downloaded 95816080 bytes..."
"2"," [58%] Downloaded 95848848 bytes..."
"2"," [58%] Downloaded 95865232 bytes..."
"2"," [58%] Downloaded 95913256 bytes..."
"2"," [58%] Downloaded 95929640 bytes..."
"2"," [59%] Downloaded 95978792 bytes..."
"2"," [59%] Downloaded 95995176 bytes..."
"2"," [59%] Downloaded 96011560 bytes..."
"2"," [59%] Downloaded 96044328 bytes..."
"2"," [59%] Downloaded 96060712 bytes..."
"2"," [59%] Downloaded 96108736 bytes..."
"2"," [59%] Downloaded 96125120 bytes..."
"2"," [59%] Downloaded 96141504 bytes..."
"2"," [59%] Downloaded 96174272 bytes..."
"2"," [59%] Downloaded 96190656 bytes..."
"2"," [59%] Downloaded 96239808 bytes..."
"2"," [59%] Downloaded 96256192 bytes..."
"2"," [59%] Downloaded 96320600 bytes..."
"2"," [59%] Downloaded 96386136 bytes..."
"2"," [59%] Downloaded 96435288 bytes..."
"2"," [59%] Downloaded 96451672 bytes..."
"2"," [59%] Downloaded 96516080 bytes..."
"2"," [59%] Downloaded 96565232 bytes..."
"2"," [59%] Downloaded 96581616 bytes..."
"2"," [59%] Downloaded 96614384 bytes..."
"2"," [59%] Downloaded 96630768 bytes..."
"2"," [59%] Downloaded 96647152 bytes..."
"2"," [59%] Downloaded 96695176 bytes..."
"2"," [59%] Downloaded 96711560 bytes..."
"2"," [59%] Downloaded 96760712 bytes..."
"2"," [59%] Downloaded 96777096 bytes..."
"2"," [59%] Downloaded 96826248 bytes..."
"2"," [59%] Downloaded 96842632 bytes..."
"2"," [59%] Downloaded 96890656 bytes..."
"2"," [59%] Downloaded 96907040 bytes..."
"2"," [59%] Downloaded 96956192 bytes..."
"2"," [59%] Downloaded 96972576 bytes..."
"2"," [59%] Downloaded 97021728 bytes..."
"2"," [59%] Downloaded 97038112 bytes..."
"2"," [59%] Downloaded 97086136 bytes..."
"2"," [59%] Downloaded 97102520 bytes..."
"2"," [59%] Downloaded 97151672 bytes..."
"2"," [59%] Downloaded 97168056 bytes..."
"2"," [59%] Downloaded 97217208 bytes..."
"2"," [59%] Downloaded 97233592 bytes..."
"2"," [59%] Downloaded 97249976 bytes..."
"2"," [59%] Downloaded 97281616 bytes..."
"2"," [59%] Downloaded 97298000 bytes..."
"2"," [59%] Downloaded 97347152 bytes..."
"2"," [59%] Downloaded 97363536 bytes..."
"2"," [59%] Downloaded 97412688 bytes..."
"2"," [59%] Downloaded 97429072 bytes..."
"2"," [59%] Downloaded 97477096 bytes..."
"2"," [59%] Downloaded 97493480 bytes..."
"2"," [59%] Downloaded 97542632 bytes..."
"2"," [59%] Downloaded 97575400 bytes..."
"2"," [60%] Downloaded 97608168 bytes..."
"2"," [60%] Downloaded 97640936 bytes..."
"2"," [60%] Downloaded 97672576 bytes..."
"2"," [60%] Downloaded 97738112 bytes..."
"2"," [60%] Downloaded 97803648 bytes..."
"2"," [60%] Downloaded 97851672 bytes..."
"2"," [60%] Downloaded 97868056 bytes..."
"2"," [60%] Downloaded 97933592 bytes..."
"2"," [60%] Downloaded 97999128 bytes..."
"2"," [60%] Downloaded 98063536 bytes..."
"2"," [60%] Downloaded 98129072 bytes..."
"2"," [60%] Downloaded 98194608 bytes..."
"2"," [60%] Downloaded 98227376 bytes..."
"2"," [60%] Downloaded 98259016 bytes..."
"2"," [60%] Downloaded 98324552 bytes..."
"2"," [60%] Downloaded 98357320 bytes..."
"2"," [60%] Downloaded 98390088 bytes..."
"2"," [60%] Downloaded 98422856 bytes..."
"2"," [60%] Downloaded 98454496 bytes..."
"2"," [60%] Downloaded 98487264 bytes..."
"2"," [60%] Downloaded 98503648 bytes..."
"2"," [60%] Downloaded 98520032 bytes..."
"2"," [60%] Downloaded 98569184 bytes..."
"2"," [60%] Downloaded 98585568 bytes..."
"2"," [60%] Downloaded 98618336 bytes..."
"2"," [60%] Downloaded 98649976 bytes..."
"2"," [60%] Downloaded 98699128 bytes..."
"2"," [60%] Downloaded 98715512 bytes..."
"2"," [60%] Downloaded 98748280 bytes..."
"2"," [60%] Downloaded 98764664 bytes..."
"2"," [60%] Downloaded 98797432 bytes..."
"2"," [60%] Downloaded 98829072 bytes..."
"2"," [60%] Downloaded 98894608 bytes..."
"2"," [60%] Downloaded 98943760 bytes..."
"2"," [60%] Downloaded 98960144 bytes..."
"2"," [60%] Downloaded 99009296 bytes..."
"2"," [60%] Downloaded 99024552 bytes..."
"2"," [60%] Downloaded 99073704 bytes..."
"2"," [60%] Downloaded 99090088 bytes..."
"2"," [60%] Downloaded 99106472 bytes..."
"2"," [60%] Downloaded 99139240 bytes..."
"2"," [60%] Downloaded 99155624 bytes..."
"2"," [60%] Downloaded 99204776 bytes..."
"2"," [60%] Downloaded 99220032 bytes..."
"2"," [61%] Downloaded 99269184 bytes..."
"2"," [61%] Downloaded 99285568 bytes..."
"2"," [61%] Downloaded 99301952 bytes..."
"2"," [61%] Downloaded 99334720 bytes..."
"2"," [61%] Downloaded 99351104 bytes..."
"2"," [61%] Downloaded 99415512 bytes..."
"2"," [61%] Downloaded 99481048 bytes..."
"2"," [61%] Downloaded 99546584 bytes..."
"2"," [61%] Downloaded 99579352 bytes..."
"2"," [61%] Downloaded 99610992 bytes..."
"2"," [61%] Downloaded 99676528 bytes..."
"2"," [61%] Downloaded 99742064 bytes..."
"2"," [61%] Downloaded 99806472 bytes..."
"2"," [61%] Downloaded 99872008 bytes..."
"2"," [61%] Downloaded 99937544 bytes..."
"2"," [61%] Downloaded 99986696 bytes..."
"2"," [61%] Downloaded 100001952 bytes..."
"2"," [61%] Downloaded 100034720 bytes..."
"2"," [61%] Downloaded 100051104 bytes..."
"2"," [61%] Downloaded 100067488 bytes..."
"2"," [61%] Downloaded 100100256 bytes..."
"2"," [61%] Downloaded 100116640 bytes..."
"2"," [61%] Downloaded 100182176 bytes..."
"2"," [61%] Downloaded 100213816 bytes..."
"2"," [61%] Downloaded 100246584 bytes..."
"2"," [61%] Downloaded 100312120 bytes..."
"2"," [61%] Downloaded 100377656 bytes..."
"2"," [61%] Downloaded 100392912 bytes..."
"2"," [61%] Downloaded 100442064 bytes..."
"2"," [61%] Downloaded 100458448 bytes..."
"2"," [61%] Downloaded 100507600 bytes..."
"2"," [61%] Downloaded 100573136 bytes..."
"2"," [61%] Downloaded 100637544 bytes..."
"2"," [61%] Downloaded 100686696 bytes..."
"2"," [61%] Downloaded 100703080 bytes..."
"2"," [61%] Downloaded 100768616 bytes..."
"2"," [61%] Downloaded 100816640 bytes..."
"2"," [61%] Downloaded 100833024 bytes..."
"2"," [62%] Downloaded 100882176 bytes..."
"2"," [62%] Downloaded 100898560 bytes..."
"2"," [62%] Downloaded 100964096 bytes..."
"2"," [62%] Downloaded 101028504 bytes..."
"2"," [62%] Downloaded 101061272 bytes..."
"2"," [62%] Downloaded 101094040 bytes..."
"2"," [62%] Downloaded 101126808 bytes..."
"2"," [62%] Downloaded 101143192 bytes..."
"2"," [62%] Downloaded 101159576 bytes..."
"2"," [62%] Downloaded 101223984 bytes..."
"2"," [62%] Downloaded 101273136 bytes..."
"2"," [62%] Downloaded 101289520 bytes..."
"2"," [62%] Downloaded 101338672 bytes..."
"2"," [62%] Downloaded 101355056 bytes..."
"2"," [62%] Downloaded 101403080 bytes..."
"2"," [62%] Downloaded 101419464 bytes..."
"2"," [62%] Downloaded 101452232 bytes..."
"2"," [62%] Downloaded 101468616 bytes..."
"2"," [62%] Downloaded 101485000 bytes..."
"2"," [62%] Downloaded 101534152 bytes..."
"2"," [62%] Downloaded 101582176 bytes..."
"2"," [62%] Downloaded 101598560 bytes..."
"2"," [62%] Downloaded 101647712 bytes..."
"2"," [62%] Downloaded 101664096 bytes..."
"2"," [62%] Downloaded 101696864 bytes..."
"2"," [62%] Downloaded 101729632 bytes..."
"2"," [62%] Downloaded 101794040 bytes..."
"2"," [62%] Downloaded 101859576 bytes..."
"2"," [62%] Downloaded 101908728 bytes..."
"2"," [62%] Downloaded 101925112 bytes..."
"2"," [62%] Downloaded 101989520 bytes..."
"2"," [62%] Downloaded 102038672 bytes..."
"2"," [62%] Downloaded 102055056 bytes..."
"2"," [62%] Downloaded 102104208 bytes..."
"2"," [62%] Downloaded 102120592 bytes..."
"2"," [62%] Downloaded 102185000 bytes..."
"2"," [62%] Downloaded 102234152 bytes..."
"2"," [62%] Downloaded 102250536 bytes..."
"2"," [62%] Downloaded 102299688 bytes..."
"2"," [62%] Downloaded 102316072 bytes..."
"2"," [62%] Downloaded 102364096 bytes..."
"2"," [62%] Downloaded 102380480 bytes..."
"2"," [62%] Downloaded 102429632 bytes..."
"2"," [62%] Downloaded 102446016 bytes..."
"2"," [62%] Downloaded 102462400 bytes..."
"2"," [63%] Downloaded 102495168 bytes..."
"2"," [63%] Downloaded 102511552 bytes..."
"2"," [63%] Downloaded 102527936 bytes..."
"2"," [63%] Downloaded 102559576 bytes..."
"2"," [63%] Downloaded 102575960 bytes..."
"2"," [63%] Downloaded 102592344 bytes..."
"2"," [63%] Downloaded 102625112 bytes..."
"2"," [63%] Downloaded 102641496 bytes..."
"2"," [63%] Downloaded 102690648 bytes..."
"2"," [63%] Downloaded 102738672 bytes..."
"2"," [63%] Downloaded 102755056 bytes..."
"2"," [63%] Downloaded 102771440 bytes..."
"2"," [63%] Downloaded 102804208 bytes..."
"2"," [63%] Downloaded 102820592 bytes..."
"2"," [63%] Downloaded 102869744 bytes..."
"2"," [63%] Downloaded 102886128 bytes..."
"2"," [63%] Downloaded 102934152 bytes..."
"2"," [63%] Downloaded 102950536 bytes..."
"2"," [63%] Downloaded 102966920 bytes..."
"2"," [63%] Downloaded 102999688 bytes..."
"2"," [63%] Downloaded 103016072 bytes..."
"2"," [63%] Downloaded 103081608 bytes..."
"2"," [63%] Downloaded 103146016 bytes..."
"2"," [63%] Downloaded 103211552 bytes..."
"2"," [63%] Downloaded 103277088 bytes..."
"2"," [63%] Downloaded 103341496 bytes..."
"2"," [63%] Downloaded 103407032 bytes..."
"2"," [63%] Downloaded 103456184 bytes..."
"2"," [63%] Downloaded 103472568 bytes..."
"2"," [63%] Downloaded 103536976 bytes..."
"2"," [63%] Downloaded 103602512 bytes..."
"2"," [63%] Downloaded 103651664 bytes..."
"2"," [63%] Downloaded 103668048 bytes..."
"2"," [63%] Downloaded 103732456 bytes..."
"2"," [63%] Downloaded 103797992 bytes..."
"2"," [63%] Downloaded 103847144 bytes..."
"2"," [63%] Downloaded 103863528 bytes..."
"2"," [63%] Downloaded 103911552 bytes..."
"2"," [63%] Downloaded 103927936 bytes..."
"2"," [63%] Downloaded 103960704 bytes..."
"2"," [63%] Downloaded 103977088 bytes..."
"2"," [63%] Downloaded 103993472 bytes..."
"2"," [63%] Downloaded 104042624 bytes..."
"2"," [63%] Downloaded 104059008 bytes..."
"2"," [64%] Downloaded 104107032 bytes..."
"2"," [64%] Downloaded 104123416 bytes..."
"2"," [64%] Downloaded 104156184 bytes..."
"2"," [64%] Downloaded 104172568 bytes..."
"2"," [64%] Downloaded 104188952 bytes..."
"2"," [64%] Downloaded 104238104 bytes..."
"2"," [64%] Downloaded 104254488 bytes..."
"2"," [64%] Downloaded 104302512 bytes..."
"2"," [64%] Downloaded 104368048 bytes..."
"2"," [64%] Downloaded 104433584 bytes..."
"2"," [64%] Downloaded 104497992 bytes..."
"2"," [64%] Downloaded 104530760 bytes..."
"2"," [64%] Downloaded 104563528 bytes..."
"2"," [64%] Downloaded 104629064 bytes..."
"2"," [64%] Downloaded 104693472 bytes..."
"2"," [64%] Downloaded 104742624 bytes..."
"2"," [64%] Downloaded 104759008 bytes..."
"2"," [64%] Downloaded 104775392 bytes..."
"2"," [64%] Downloaded 104824544 bytes..."
"2"," [64%] Downloaded 104888952 bytes..."
"2"," [64%] Downloaded 104905336 bytes..."
"2"," [64%] Downloaded 104954488 bytes..."
"2"," [64%] Downloaded 105020024 bytes..."
"2"," [64%] Downloaded 105069176 bytes..."
"2"," [64%] Downloaded 105084432 bytes..."
"2"," [64%] Downloaded 105149968 bytes..."
"2"," [64%] Downloaded 105182736 bytes..."
"2"," [64%] Downloaded 105199120 bytes..."
"2"," [64%] Downloaded 105215504 bytes..."
"2"," [64%] Downloaded 105264656 bytes..."
"2"," [64%] Downloaded 105279912 bytes..."
"2"," [64%] Downloaded 105312680 bytes..."
"2"," [64%] Downloaded 105329064 bytes..."
"2"," [64%] Downloaded 105345448 bytes..."
"2"," [64%] Downloaded 105378216 bytes..."
"2"," [64%] Downloaded 105394600 bytes..."
"2"," [64%] Downloaded 105443752 bytes..."
"2"," [64%] Downloaded 105460136 bytes..."
"2"," [64%] Downloaded 105475392 bytes..."
"2"," [64%] Downloaded 105508160 bytes..."
"2"," [64%] Downloaded 105524544 bytes..."
"2"," [64%] Downloaded 105590080 bytes..."
"2"," [64%] Downloaded 105639232 bytes..."
"2"," [64%] Downloaded 105655616 bytes..."
"2"," [64%] Downloaded 105703640 bytes..."
"2"," [64%] Downloaded 105720024 bytes..."
"2"," [65%] Downloaded 105752792 bytes..."
"2"," [65%] Downloaded 105785560 bytes..."
"2"," [65%] Downloaded 105834712 bytes..."
"2"," [65%] Downloaded 105851096 bytes..."
"2"," [65%] Downloaded 105882736 bytes..."
"2"," [65%] Downloaded 105915504 bytes..."
"2"," [65%] Downloaded 105964656 bytes..."
"2"," [65%] Downloaded 105981040 bytes..."
"2"," [65%] Downloaded 106030192 bytes..."
"2"," [65%] Downloaded 106046576 bytes..."
"2"," [65%] Downloaded 106110984 bytes..."
"2"," [65%] Downloaded 106176520 bytes..."
"2"," [65%] Downloaded 106192904 bytes..."
"2"," [65%] Downloaded 106242056 bytes..."
"2"," [65%] Downloaded 106306464 bytes..."
"2"," [65%] Downloaded 106355616 bytes..."
"2"," [65%] Downloaded 106372000 bytes..."
"2"," [65%] Downloaded 106404768 bytes..."
"2"," [65%] Downloaded 106421152 bytes..."
"2"," [65%] Downloaded 106485560 bytes..."
"2"," [65%] Downloaded 106501944 bytes..."
"2"," [65%] Downloaded 106551096 bytes..."
"2"," [65%] Downloaded 106567480 bytes..."
"2"," [65%] Downloaded 106616632 bytes..."
"2"," [65%] Downloaded 106633016 bytes..."
"2"," [65%] Downloaded 106681040 bytes..."
"2"," [65%] Downloaded 106697424 bytes..."
"2"," [65%] Downloaded 106746576 bytes..."
"2"," [65%] Downloaded 106795728 bytes..."
"2"," [65%] Downloaded 106812112 bytes..."
"2"," [65%] Downloaded 106876520 bytes..."
"2"," [65%] Downloaded 106942056 bytes..."
"2"," [65%] Downloaded 106958440 bytes..."
"2"," [65%] Downloaded 106974824 bytes..."
"2"," [65%] Downloaded 107007592 bytes..."
"2"," [65%] Downloaded 107072000 bytes..."
"2"," [65%] Downloaded 107121152 bytes..."
"2"," [65%] Downloaded 107137536 bytes..."
"2"," [65%] Downloaded 107186688 bytes..."
"2"," [65%] Downloaded 107203072 bytes..."
"2"," [65%] Downloaded 107267480 bytes..."
"2"," [65%] Downloaded 107333016 bytes..."
"2"," [66%] Downloaded 107382168 bytes..."
"2"," [66%] Downloaded 107398336 bytes..."
"2"," [66%] Downloaded 107414720 bytes..."
"2"," [66%] Downloaded 107447488 bytes..."
"2"," [66%] Downloaded 107463872 bytes..."
"2"," [66%] Downloaded 107529408 bytes..."
"2"," [66%] Downloaded 107578560 bytes..."
"2"," [66%] Downloaded 107593816 bytes..."
"2"," [66%] Downloaded 107642968 bytes..."
"2"," [66%] Downloaded 107659352 bytes..."
"2"," [66%] Downloaded 107692120 bytes..."
"2"," [66%] Downloaded 107708504 bytes..."
"2"," [66%] Downloaded 107724888 bytes..."
"2"," [66%] Downloaded 107757656 bytes..."
"2"," [66%] Downloaded 107789296 bytes..."
"2"," [66%] Downloaded 107838448 bytes..."
"2"," [66%] Downloaded 107854832 bytes..."
"2"," [66%] Downloaded 107903984 bytes..."
"2"," [66%] Downloaded 107920368 bytes..."
"2"," [66%] Downloaded 107969520 bytes..."
"2"," [66%] Downloaded 107984776 bytes..."
"2"," [66%] Downloaded 108033928 bytes..."
"2"," [66%] Downloaded 108099464 bytes..."
"2"," [66%] Downloaded 108165000 bytes..."
"2"," [66%] Downloaded 108180256 bytes..."
"2"," [66%] Downloaded 108229408 bytes..."
"2"," [66%] Downloaded 108294944 bytes..."
"2"," [66%] Downloaded 108360480 bytes..."
"2"," [66%] Downloaded 108424888 bytes..."
"2"," [66%] Downloaded 108474040 bytes..."
"2"," [66%] Downloaded 108490424 bytes..."
"2"," [66%] Downloaded 108555960 bytes..."
"2"," [66%] Downloaded 108603984 bytes..."
"2"," [66%] Downloaded 108620368 bytes..."
"2"," [66%] Downloaded 108669520 bytes..."
"2"," [66%] Downloaded 108685904 bytes..."
"2"," [66%] Downloaded 108735056 bytes..."
"2"," [66%] Downloaded 108751440 bytes..."
"2"," [66%] Downloaded 108815848 bytes..."
"2"," [66%] Downloaded 108865000 bytes..."
"2"," [66%] Downloaded 108881384 bytes..."
"2"," [66%] Downloaded 108930536 bytes..."
"2"," [66%] Downloaded 108946920 bytes..."
"2"," [67%] Downloaded 109011328 bytes..."
"2"," [67%] Downloaded 109076864 bytes..."
"2"," [67%] Downloaded 109142400 bytes..."
"2"," [67%] Downloaded 109157656 bytes..."
"2"," [67%] Downloaded 109206808 bytes..."
"2"," [67%] Downloaded 109255960 bytes..."
"2"," [67%] Downloaded 109321496 bytes..."
"2"," [67%] Downloaded 109369520 bytes..."
"2"," [67%] Downloaded 109385904 bytes..."
"2"," [67%] Downloaded 109402288 bytes..."
"2"," [67%] Downloaded 109435056 bytes..."
"2"," [67%] Downloaded 109451440 bytes..."
"2"," [67%] Downloaded 109500592 bytes..."
"2"," [67%] Downloaded 109516976 bytes..."
"2"," [67%] Downloaded 109581384 bytes..."
"2"," [67%] Downloaded 109597768 bytes..."
"2"," [67%] Downloaded 109614152 bytes..."
"2"," [67%] Downloaded 109646920 bytes..."
"2"," [67%] Downloaded 109663304 bytes..."
"2"," [67%] Downloaded 109712456 bytes..."
"2"," [67%] Downloaded 109760480 bytes..."
"2"," [67%] Downloaded 109776864 bytes..."
"2"," [67%] Downloaded 109842400 bytes..."
"2"," [67%] Downloaded 109891552 bytes..."
"2"," [67%] Downloaded 109907936 bytes..."
"2"," [67%] Downloaded 109971656 bytes..."
"2"," [67%] Downloaded 110037192 bytes..."
"2"," [67%] Downloaded 110102728 bytes..."
"2"," [67%] Downloaded 110167136 bytes..."
"2"," [67%] Downloaded 110216288 bytes..."
"2"," [67%] Downloaded 110232672 bytes..."
"2"," [67%] Downloaded 110298208 bytes..."
"2"," [67%] Downloaded 110362616 bytes..."
"2"," [67%] Downloaded 110411768 bytes..."
"2"," [67%] Downloaded 110428152 bytes..."
"2"," [67%] Downloaded 110444536 bytes..."
"2"," [67%] Downloaded 110477304 bytes..."
"2"," [67%] Downloaded 110525328 bytes..."
"2"," [67%] Downloaded 110541712 bytes..."
"2"," [67%] Downloaded 110558096 bytes..."
"2"," [67%] Downloaded 110607248 bytes..."
"2"," [68%] Downloaded 110623632 bytes..."
"2"," [68%] Downloaded 110672784 bytes..."
"2"," [68%] Downloaded 110720976 bytes..."
"2"," [68%] Downloaded 110737360 bytes..."
"2"," [68%] Downloaded 110786512 bytes..."
"2"," [68%] Downloaded 110802896 bytes..."
"2"," [68%] Downloaded 110852048 bytes..."
"2"," [68%] Downloaded 110868432 bytes..."
"2"," [68%] Downloaded 110901200 bytes..."
"2"," [68%] Downloaded 110916456 bytes..."
"2"," [68%] Downloaded 110932840 bytes..."
"2"," [68%] Downloaded 110981992 bytes..."
"2"," [68%] Downloaded 110998376 bytes..."
"2"," [68%] Downloaded 111047528 bytes..."
"2"," [68%] Downloaded 111063912 bytes..."
"2"," [68%] Downloaded 111128320 bytes..."
"2"," [68%] Downloaded 111193856 bytes..."
"2"," [68%] Downloaded 111210240 bytes..."
"2"," [68%] Downloaded 111259392 bytes..."
"2"," [68%] Downloaded 111323800 bytes..."
"2"," [68%] Downloaded 111340184 bytes..."
"2"," [68%] Downloaded 111389336 bytes..."
"2"," [68%] Downloaded 111438488 bytes..."
"2"," [68%] Downloaded 111454872 bytes..."
"2"," [68%] Downloaded 111519280 bytes..."
"2"," [68%] Downloaded 111568432 bytes..."
"2"," [68%] Downloaded 111584816 bytes..."
"2"," [68%] Downloaded 111633968 bytes..."
"2"," [68%] Downloaded 111650352 bytes..."
"2"," [68%] Downloaded 111698376 bytes..."
"2"," [68%] Downloaded 111714760 bytes..."
"2"," [68%] Downloaded 111780296 bytes..."
"2"," [68%] Downloaded 111829448 bytes..."
"2"," [68%] Downloaded 111845832 bytes..."
"2"," [68%] Downloaded 111878600 bytes..."
"2"," [68%] Downloaded 111910240 bytes..."
"2"," [68%] Downloaded 111959392 bytes..."
"2"," [68%] Downloaded 111975776 bytes..."
"2"," [68%] Downloaded 112024928 bytes..."
"2"," [68%] Downloaded 112057696 bytes..."
"2"," [68%] Downloaded 112089336 bytes..."
"2"," [68%] Downloaded 112105720 bytes..."
"2"," [68%] Downloaded 112122104 bytes..."
"2"," [68%] Downloaded 112154872 bytes..."
"2"," [68%] Downloaded 112171256 bytes..."
"2"," [68%] Downloaded 112220408 bytes..."
"2"," [68%] Downloaded 112236792 bytes..."
"2"," [69%] Downloaded 112284816 bytes..."
"2"," [69%] Downloaded 112301200 bytes..."
"2"," [69%] Downloaded 112350352 bytes..."
"2"," [69%] Downloaded 112366736 bytes..."
"2"," [69%] Downloaded 112415888 bytes..."
"2"," [69%] Downloaded 112432272 bytes..."
"2"," [69%] Downloaded 112480296 bytes..."
"2"," [69%] Downloaded 112496680 bytes..."
"2"," [69%] Downloaded 112513064 bytes..."
"2"," [69%] Downloaded 112545832 bytes..."
"2"," [69%] Downloaded 112562216 bytes..."
"2"," [69%] Downloaded 112578600 bytes..."
"2"," [69%] Downloaded 112611368 bytes..."
"2"," [69%] Downloaded 112627752 bytes..."
"2"," [69%] Downloaded 112660520 bytes..."
"2"," [69%] Downloaded 112675776 bytes..."
"2"," [69%] Downloaded 112692160 bytes..."
"2"," [69%] Downloaded 112741312 bytes..."
"2"," [69%] Downloaded 112757696 bytes..."
"2"," [69%] Downloaded 112806848 bytes..."
"2"," [69%] Downloaded 112823232 bytes..."
"2"," [69%] Downloaded 112871256 bytes..."
"2"," [69%] Downloaded 112887640 bytes..."
"2"," [69%] Downloaded 112936792 bytes..."
"2"," [69%] Downloaded 112953176 bytes..."
"2"," [69%] Downloaded 112985944 bytes..."
"2"," [69%] Downloaded 113002328 bytes..."
"2"," [69%] Downloaded 113018712 bytes..."
"2"," [69%] Downloaded 113065792 bytes..."
"2"," [69%] Downloaded 113082176 bytes..."
"2"," [69%] Downloaded 113131328 bytes..."
"2"," [69%] Downloaded 113147712 bytes..."
"2"," [69%] Downloaded 113196864 bytes..."
"2"," [69%] Downloaded 113213248 bytes..."
"2"," [69%] Downloaded 113261272 bytes..."
"2"," [69%] Downloaded 113277656 bytes..."
"2"," [69%] Downloaded 113310424 bytes..."
"2"," [69%] Downloaded 113326808 bytes..."
"2"," [69%] Downloaded 113343192 bytes..."
"2"," [69%] Downloaded 113375960 bytes..."
"2"," [69%] Downloaded 113392344 bytes..."
"2"," [69%] Downloaded 113408728 bytes..."
"2"," [69%] Downloaded 113456752 bytes..."
"2"," [69%] Downloaded 113473136 bytes..."
"2"," [69%] Downloaded 113505904 bytes..."
"2"," [69%] Downloaded 113522288 bytes..."
"2"," [69%] Downloaded 113538672 bytes..."
"2"," [69%] Downloaded 113571440 bytes..."
"2"," [69%] Downloaded 113587824 bytes..."
"2"," [69%] Downloaded 113604208 bytes..."
"2"," [69%] Downloaded 113636976 bytes..."
"2"," [69%] Downloaded 113652232 bytes..."
"2"," [69%] Downloaded 113668616 bytes..."
"2"," [69%] Downloaded 113701384 bytes..."
"2"," [69%] Downloaded 113717768 bytes..."
"2"," [69%] Downloaded 113750536 bytes..."
"2"," [69%] Downloaded 113766920 bytes..."
"2"," [69%] Downloaded 113783304 bytes..."
"2"," [69%] Downloaded 113832456 bytes..."
"2"," [69%] Downloaded 113847880 bytes..."
"2"," [70%] Downloaded 113897032 bytes..."
"2"," [70%] Downloaded 113913416 bytes..."
"2"," [70%] Downloaded 113946184 bytes..."
"2"," [70%] Downloaded 113962568 bytes..."
"2"," [70%] Downloaded 113978952 bytes..."
"2"," [70%] Downloaded 114011720 bytes..."
"2"," [70%] Downloaded 114028104 bytes..."
"2"," [70%] Downloaded 114043360 bytes..."
"2"," [70%] Downloaded 114076128 bytes..."
"2"," [70%] Downloaded 114092512 bytes..."
"2"," [70%] Downloaded 114108896 bytes..."
"2"," [70%] Downloaded 114141664 bytes..."
"2"," [70%] Downloaded 114158048 bytes..."
"2"," [70%] Downloaded 114174432 bytes..."
"2"," [70%] Downloaded 114207200 bytes..."
"2"," [70%] Downloaded 114223584 bytes..."
"2"," [70%] Downloaded 114238840 bytes..."
"2"," [70%] Downloaded 114287992 bytes..."
"2"," [70%] Downloaded 114304376 bytes..."
"2"," [70%] Downloaded 114353528 bytes..."
"2"," [70%] Downloaded 114369912 bytes..."
"2"," [70%] Downloaded 114386296 bytes..."
"2"," [70%] Downloaded 114419064 bytes..."
"2"," [70%] Downloaded 114434320 bytes..."
"2"," [70%] Downloaded 114483472 bytes..."
"2"," [70%] Downloaded 114499856 bytes..."
"2"," [70%] Downloaded 114532624 bytes..."
"2"," [70%] Downloaded 114549008 bytes..."
"2"," [70%] Downloaded 114565392 bytes..."
"2"," [70%] Downloaded 114614544 bytes..."
"2"," [70%] Downloaded 114629800 bytes..."
"2"," [70%] Downloaded 114646184 bytes..."
"2"," [70%] Downloaded 114678952 bytes..."
"2"," [70%] Downloaded 114695336 bytes..."
"2"," [70%] Downloaded 114728104 bytes..."
"2"," [70%] Downloaded 114744488 bytes..."
"2"," [70%] Downloaded 114793640 bytes..."
"2"," [70%] Downloaded 114810024 bytes..."
"2"," [70%] Downloaded 114858048 bytes..."
"2"," [70%] Downloaded 114874432 bytes..."
"2"," [70%] Downloaded 114923584 bytes..."
"2"," [70%] Downloaded 114989120 bytes..."
"2"," [70%] Downloaded 115053528 bytes..."
"2"," [70%] Downloaded 115102680 bytes..."
"2"," [70%] Downloaded 115119064 bytes..."
"2"," [70%] Downloaded 115168216 bytes..."
"2"," [70%] Downloaded 115184600 bytes..."
"2"," [70%] Downloaded 115232624 bytes..."
"2"," [70%] Downloaded 115249008 bytes..."
"2"," [70%] Downloaded 115298160 bytes..."
"2"," [70%] Downloaded 115314544 bytes..."
"2"," [70%] Downloaded 115330928 bytes..."
"2"," [70%] Downloaded 115363696 bytes..."
"2"," [70%] Downloaded 115380080 bytes..."
"2"," [70%] Downloaded 115411720 bytes..."
"2"," [70%] Downloaded 115444488 bytes..."
"2"," [70%] Downloaded 115477256 bytes..."
"2"," [71%] Downloaded 115493640 bytes..."
"2"," [71%] Downloaded 115510024 bytes..."
"2"," [71%] Downloaded 115542792 bytes..."
"2"," [71%] Downloaded 115559176 bytes..."
"2"," [71%] Downloaded 115575560 bytes..."
"2"," [71%] Downloaded 115607200 bytes..."
"2"," [71%] Downloaded 115623584 bytes..."
"2"," [71%] Downloaded 115639968 bytes..."
"2"," [71%] Downloaded 115672736 bytes..."
"2"," [71%] Downloaded 115689120 bytes..."
"2"," [71%] Downloaded 115705504 bytes..."
"2"," [71%] Downloaded 115721888 bytes..."
"2"," [71%] Downloaded 115738272 bytes..."
"2"," [71%] Downloaded 115754656 bytes..."
"2"," [71%] Downloaded 115771040 bytes..."
"2"," [71%] Downloaded 115802680 bytes..."
"2"," [71%] Downloaded 115819064 bytes..."
"2"," [71%] Downloaded 115835448 bytes..."
"2"," [71%] Downloaded 115868216 bytes..."
"2"," [71%] Downloaded 115884600 bytes..."
"2"," [71%] Downloaded 115900984 bytes..."
"2"," [71%] Downloaded 115933752 bytes..."
"2"," [71%] Downloaded 115950136 bytes..."
"2"," [71%] Downloaded 115966520 bytes..."
"2"," [71%] Downloaded 115997160 bytes..."
"2"," [71%] Downloaded 116013544 bytes..."
"2"," [71%] Downloaded 116029928 bytes..."
"2"," [71%] Downloaded 116079080 bytes..."
"2"," [71%] Downloaded 116095464 bytes..."
"2"," [71%] Downloaded 116144616 bytes..."
"2"," [71%] Downloaded 116161000 bytes..."
"2"," [71%] Downloaded 116209024 bytes..."
"2"," [71%] Downloaded 116258176 bytes..."
"2"," [71%] Downloaded 116274560 bytes..."
"2"," [71%] Downloaded 116323712 bytes..."
"2"," [71%] Downloaded 116340096 bytes..."
"2"," [71%] Downloaded 116388120 bytes..."
"2"," [71%] Downloaded 116404504 bytes..."
"2"," [71%] Downloaded 116420888 bytes..."
"2"," [71%] Downloaded 116453656 bytes..."
"2"," [71%] Downloaded 116470040 bytes..."
"2"," [71%] Downloaded 116486424 bytes..."
"2"," [71%] Downloaded 116535576 bytes..."
"2"," [71%] Downloaded 116599984 bytes..."
"2"," [71%] Downloaded 116616368 bytes..."
"2"," [71%] Downloaded 116665520 bytes..."
"2"," [71%] Downloaded 116681904 bytes..."
"2"," [71%] Downloaded 116698288 bytes..."
"2"," [71%] Downloaded 116731056 bytes..."
"2"," [71%] Downloaded 116779080 bytes..."
"2"," [71%] Downloaded 116795464 bytes..."
"2"," [71%] Downloaded 116811848 bytes..."
"2"," [71%] Downloaded 116861000 bytes..."
"2"," [71%] Downloaded 116877384 bytes..."
"2"," [71%] Downloaded 116926536 bytes..."
"2"," [71%] Downloaded 116942920 bytes..."
"2"," [71%] Downloaded 116990944 bytes..."
"2"," [71%] Downloaded 117040096 bytes..."
"2"," [71%] Downloaded 117056480 bytes..."
"2"," [71%] Downloaded 117105632 bytes..."
"2"," [72%] Downloaded 117138400 bytes..."
"2"," [72%] Downloaded 117186424 bytes..."
"2"," [72%] Downloaded 117235576 bytes..."
"2"," [72%] Downloaded 117251960 bytes..."
"2"," [72%] Downloaded 117301112 bytes..."
"2"," [72%] Downloaded 117317496 bytes..."
"2"," [72%] Downloaded 117333880 bytes..."
"2"," [72%] Downloaded 117365520 bytes..."
"2"," [72%] Downloaded 117381904 bytes..."
"2"," [72%] Downloaded 117414672 bytes..."
"2"," [72%] Downloaded 117431056 bytes..."
"2"," [72%] Downloaded 117447440 bytes..."
"2"," [72%] Downloaded 117463824 bytes..."
"2"," [72%] Downloaded 117496592 bytes..."
"2"," [72%] Downloaded 117545744 bytes..."
"2"," [72%] Downloaded 117561000 bytes..."
"2"," [72%] Downloaded 117610152 bytes..."
"2"," [72%] Downloaded 117626536 bytes..."
"2"," [72%] Downloaded 117675688 bytes..."
"2"," [72%] Downloaded 117692072 bytes..."
"2"," [72%] Downloaded 117724840 bytes..."
"2"," [72%] Downloaded 117756480 bytes..."
"2"," [72%] Downloaded 117789248 bytes..."
"2"," [72%] Downloaded 117822016 bytes..."
"2"," [72%] Downloaded 117871168 bytes..."
"2"," [72%] Downloaded 117887552 bytes..."
"2"," [72%] Downloaded 117903936 bytes..."
"2"," [72%] Downloaded 117951960 bytes..."
"2"," [72%] Downloaded 118017496 bytes..."
"2"," [72%] Downloaded 118050264 bytes..."
"2"," [72%] Downloaded 118083032 bytes..."
"2"," [72%] Downloaded 118132184 bytes..."
"2"," [72%] Downloaded 118147440 bytes..."
"2"," [72%] Downloaded 118196592 bytes..."
"2"," [72%] Downloaded 118212976 bytes..."
"2"," [72%] Downloaded 118262128 bytes..."
"2"," [72%] Downloaded 118278512 bytes..."
"2"," [72%] Downloaded 118342920 bytes..."
"2"," [72%] Downloaded 118392072 bytes..."
"2"," [72%] Downloaded 118408456 bytes..."
"2"," [72%] Downloaded 118473992 bytes..."
"2"," [72%] Downloaded 118506760 bytes..."
"2"," [72%] Downloaded 118538400 bytes..."
"2"," [72%] Downloaded 118571168 bytes..."
"2"," [72%] Downloaded 118587552 bytes..."
"2"," [72%] Downloaded 118603936 bytes..."
"2"," [72%] Downloaded 118653088 bytes..."
"2"," [72%] Downloaded 118702240 bytes..."
"2"," [72%] Downloaded 118718624 bytes..."
"2"," [72%] Downloaded 118733880 bytes..."
"2"," [73%] Downloaded 118783032 bytes..."
"2"," [73%] Downloaded 118799416 bytes..."
"2"," [73%] Downloaded 118832184 bytes..."
"2"," [73%] Downloaded 118848568 bytes..."
"2"," [73%] Downloaded 118914104 bytes..."
"2"," [73%] Downloaded 118978512 bytes..."
"2"," [73%] Downloaded 119027664 bytes..."
"2"," [73%] Downloaded 119044048 bytes..."
"2"," [73%] Downloaded 119109584 bytes..."
"2"," [73%] Downloaded 119173992 bytes..."
"2"," [73%] Downloaded 119239528 bytes..."
"2"," [73%] Downloaded 119255912 bytes..."
"2"," [73%] Downloaded 119305064 bytes..."
"2"," [73%] Downloaded 119369472 bytes..."
"2"," [73%] Downloaded 119418624 bytes..."
"2"," [73%] Downloaded 119435008 bytes..."
"2"," [73%] Downloaded 119467776 bytes..."
"2"," [73%] Downloaded 119500544 bytes..."
"2"," [73%] Downloaded 119564952 bytes..."
"2"," [73%] Downloaded 119614104 bytes..."
"2"," [73%] Downloaded 119630488 bytes..."
"2"," [73%] Downloaded 119679640 bytes..."
"2"," [73%] Downloaded 119760432 bytes..."
"2"," [73%] Downloaded 119793200 bytes..."
"2"," [73%] Downloaded 119809584 bytes..."
"2"," [73%] Downloaded 119825968 bytes..."
"2"," [73%] Downloaded 119858736 bytes..."
"2"," [73%] Downloaded 119875120 bytes..."
"2"," [73%] Downloaded 119891504 bytes..."
"2"," [73%] Downloaded 119906760 bytes..."
"2"," [73%] Downloaded 119939528 bytes..."
"2"," [73%] Downloaded 119955912 bytes..."
"2"," [73%] Downloaded 120005064 bytes..."
"2"," [73%] Downloaded 120021448 bytes..."
"2"," [73%] Downloaded 120070600 bytes..."
"2"," [73%] Downloaded 120135008 bytes..."
"2"," [73%] Downloaded 120200544 bytes..."
"2"," [73%] Downloaded 120266080 bytes..."
"2"," [73%] Downloaded 120330488 bytes..."
"2"," [74%] Downloaded 120396024 bytes..."
"2"," [74%] Downloaded 120525968 bytes..."
"2"," [74%] Downloaded 120558736 bytes..."
"2"," [74%] Downloaded 120591504 bytes..."
"2"," [74%] Downloaded 120657040 bytes..."
"2"," [74%] Downloaded 120673424 bytes..."
"2"," [74%] Downloaded 120688680 bytes..."
"2"," [74%] Downloaded 120721448 bytes..."
"2"," [74%] Downloaded 120737832 bytes..."
"2"," [74%] Downloaded 120754216 bytes..."
"2"," [74%] Downloaded 120786984 bytes..."
"2"," [74%] Downloaded 120803368 bytes..."
"2"," [74%] Downloaded 120852520 bytes..."
"2"," [74%] Downloaded 120868904 bytes..."
"2"," [74%] Downloaded 120982464 bytes..."
"2"," [74%] Downloaded 120998848 bytes..."
"2"," [74%] Downloaded 121031616 bytes..."
"2"," [74%] Downloaded 121064384 bytes..."
"2"," [74%] Downloaded 121112408 bytes..."
"2"," [74%] Downloaded 121128792 bytes..."
"2"," [74%] Downloaded 121177944 bytes..."
"2"," [74%] Downloaded 121194328 bytes..."
"2"," [74%] Downloaded 121227096 bytes..."
"2"," [74%] Downloaded 121243480 bytes..."
"2"," [74%] Downloaded 121259864 bytes..."
"2"," [74%] Downloaded 121291504 bytes..."
"2"," [74%] Downloaded 121324272 bytes..."
"2"," [74%] Downloaded 121357040 bytes..."
"2"," [74%] Downloaded 121389808 bytes..."
"2"," [74%] Downloaded 121422576 bytes..."
"2"," [74%] Downloaded 121455344 bytes..."
"2"," [74%] Downloaded 121486984 bytes..."
"2"," [74%] Downloaded 121519752 bytes..."
"2"," [74%] Downloaded 121585288 bytes..."
"2"," [74%] Downloaded 121618056 bytes..."
"2"," [74%] Downloaded 121650824 bytes..."
"2"," [74%] Downloaded 121698848 bytes..."
"2"," [74%] Downloaded 121715232 bytes..."
"2"," [74%] Downloaded 121764384 bytes..."
"2"," [74%] Downloaded 121780768 bytes..."
"2"," [74%] Downloaded 121797152 bytes..."
"2"," [74%] Downloaded 121829920 bytes..."
"2"," [74%] Downloaded 121846304 bytes..."
"2"," [74%] Downloaded 121861560 bytes..."
"2"," [74%] Downloaded 121894328 bytes..."
"2"," [74%] Downloaded 121910712 bytes..."
"2"," [74%] Downloaded 121943480 bytes..."
"2"," [74%] Downloaded 121959864 bytes..."
"2"," [74%] Downloaded 121976248 bytes..."
"2"," [75%] Downloaded 122009016 bytes..."
"2"," [75%] Downloaded 122025400 bytes..."
"2"," [75%] Downloaded 122073424 bytes..."
"2"," [75%] Downloaded 122089808 bytes..."
"2"," [75%] Downloaded 122106192 bytes..."
"2"," [75%] Downloaded 122122576 bytes..."
"2"," [75%] Downloaded 122138960 bytes..."
"2"," [75%] Downloaded 122155344 bytes..."
"2"," [75%] Downloaded 122204496 bytes..."
"2"," [75%] Downloaded 122220880 bytes..."
"2"," [75%] Downloaded 122268904 bytes..."
"2"," [75%] Downloaded 122285288 bytes..."
"2"," [75%] Downloaded 122334440 bytes..."
"2"," [75%] Downloaded 122350824 bytes..."
"2"," [75%] Downloaded 122399976 bytes..."
"2"," [75%] Downloaded 122416360 bytes..."
"2"," [75%] Downloaded 122464384 bytes..."
"2"," [75%] Downloaded 122480768 bytes..."
"2"," [75%] Downloaded 122529920 bytes..."
"2"," [75%] Downloaded 122546304 bytes..."
"2"," [75%] Downloaded 122611840 bytes..."
"2"," [75%] Downloaded 122659864 bytes..."
"2"," [75%] Downloaded 122676248 bytes..."
"2"," [75%] Downloaded 122709016 bytes..."
"2"," [75%] Downloaded 122741784 bytes..."
"2"," [75%] Downloaded 122790936 bytes..."
"2"," [75%] Downloaded 122807320 bytes..."
"2"," [75%] Downloaded 122871728 bytes..."
"2"," [75%] Downloaded 122904496 bytes..."
"2"," [75%] Downloaded 122937264 bytes..."
"2"," [75%] Downloaded 123002800 bytes..."
"2"," [75%] Downloaded 123067208 bytes..."
"2"," [75%] Downloaded 123099976 bytes..."
"2"," [75%] Downloaded 123132744 bytes..."
"2"," [75%] Downloaded 123181896 bytes..."
"2"," [75%] Downloaded 123198280 bytes..."
"2"," [75%] Downloaded 123246304 bytes..."
"2"," [75%] Downloaded 123262688 bytes..."
"2"," [75%] Downloaded 123311840 bytes..."
"2"," [75%] Downloaded 123328224 bytes..."
"2"," [75%] Downloaded 123360992 bytes..."
"2"," [75%] Downloaded 123377376 bytes..."
"2"," [75%] Downloaded 123393760 bytes..."
"2"," [75%] Downloaded 123425400 bytes..."
"2"," [75%] Downloaded 123441784 bytes..."
"2"," [75%] Downloaded 123474552 bytes..."
"2"," [75%] Downloaded 123507320 bytes..."
"2"," [75%] Downloaded 123572856 bytes..."
"2"," [76%] Downloaded 123637264 bytes..."
"2"," [76%] Downloaded 123686416 bytes..."
"2"," [76%] Downloaded 123702800 bytes..."
"2"," [76%] Downloaded 123768336 bytes..."
"2"," [76%] Downloaded 123816360 bytes..."
"2"," [76%] Downloaded 123832744 bytes..."
"2"," [76%] Downloaded 123881896 bytes..."
"2"," [76%] Downloaded 123898280 bytes..."
"2"," [76%] Downloaded 123963816 bytes..."
"2"," [76%] Downloaded 124028224 bytes..."
"2"," [76%] Downloaded 124093760 bytes..."
"2"," [76%] Downloaded 124159296 bytes..."
"2"," [76%] Downloaded 124223704 bytes..."
"2"," [76%] Downloaded 124272856 bytes..."
"2"," [76%] Downloaded 124289240 bytes..."
"2"," [76%] Downloaded 124354776 bytes..."
"2"," [76%] Downloaded 124419184 bytes..."
"2"," [76%] Downloaded 124468336 bytes..."
"2"," [76%] Downloaded 124484720 bytes..."
"2"," [76%] Downloaded 124533872 bytes..."
"2"," [76%] Downloaded 124550256 bytes..."
"2"," [76%] Downloaded 124598280 bytes..."
"2"," [76%] Downloaded 124614664 bytes..."
"2"," [76%] Downloaded 124647432 bytes..."
"2"," [76%] Downloaded 124663816 bytes..."
"2"," [76%] Downloaded 124680200 bytes..."
"2"," [76%] Downloaded 124696584 bytes..."
"2"," [76%] Downloaded 124729352 bytes..."
"2"," [76%] Downloaded 124793760 bytes..."
"2"," [76%] Downloaded 124859296 bytes..."
"2"," [76%] Downloaded 124892064 bytes..."
"2"," [76%] Downloaded 124924832 bytes..."
"2"," [76%] Downloaded 124989240 bytes..."
"2"," [76%] Downloaded 125022008 bytes..."
"2"," [76%] Downloaded 125054776 bytes..."
"2"," [76%] Downloaded 125120312 bytes..."
"2"," [76%] Downloaded 125184720 bytes..."
"2"," [77%] Downloaded 125250256 bytes..."
"2"," [77%] Downloaded 125315792 bytes..."
"2"," [77%] Downloaded 125364944 bytes..."
"2"," [77%] Downloaded 125380200 bytes..."
"2"," [77%] Downloaded 125429352 bytes..."
"2"," [77%] Downloaded 125445736 bytes..."
"2"," [77%] Downloaded 125494888 bytes..."
"2"," [77%] Downloaded 125511272 bytes..."
"2"," [77%] Downloaded 125527656 bytes..."
"2"," [77%] Downloaded 125544040 bytes..."
"2"," [77%] Downloaded 125575680 bytes..."
"2"," [77%] Downloaded 125624832 bytes..."
"2"," [77%] Downloaded 125641216 bytes..."
"2"," [77%] Downloaded 125690368 bytes..."
"2"," [77%] Downloaded 125706752 bytes..."
"2"," [77%] Downloaded 125755904 bytes..."
"2"," [77%] Downloaded 125771160 bytes..."
"2"," [77%] Downloaded 125820312 bytes..."
"2"," [77%] Downloaded 125836696 bytes..."
"2"," [77%] Downloaded 125885848 bytes..."
"2"," [77%] Downloaded 125902232 bytes..."
"2"," [77%] Downloaded 125951384 bytes..."
"2"," [77%] Downloaded 125966640 bytes..."
"2"," [77%] Downloaded 125999408 bytes..."
"2"," [77%] Downloaded 126015792 bytes..."
"2"," [77%] Downloaded 126081328 bytes..."
"2"," [77%] Downloaded 126130480 bytes..."
"2"," [77%] Downloaded 126146864 bytes..."
"2"," [77%] Downloaded 126194888 bytes..."
"2"," [77%] Downloaded 126211272 bytes..."
"2"," [77%] Downloaded 126227656 bytes..."
"2"," [77%] Downloaded 126276808 bytes..."
"2"," [77%] Downloaded 126325960 bytes..."
"2"," [77%] Downloaded 126342344 bytes..."
"2"," [77%] Downloaded 126406752 bytes..."
"2"," [77%] Downloaded 126472288 bytes..."
"2"," [77%] Downloaded 126521440 bytes..."
"2"," [77%] Downloaded 126537824 bytes..."
"2"," [77%] Downloaded 126553080 bytes..."
"2"," [77%] Downloaded 126602232 bytes..."
"2"," [77%] Downloaded 126618616 bytes..."
"2"," [77%] Downloaded 126667768 bytes..."
"2"," [77%] Downloaded 126684152 bytes..."
"2"," [77%] Downloaded 126733304 bytes..."
"2"," [77%] Downloaded 126748560 bytes..."
"2"," [77%] Downloaded 126797712 bytes..."
"2"," [77%] Downloaded 126814096 bytes..."
"2"," [77%] Downloaded 126846864 bytes..."
"2"," [77%] Downloaded 126863248 bytes..."
"2"," [78%] Downloaded 126879632 bytes..."
"2"," [78%] Downloaded 126928784 bytes..."
"2"," [78%] Downloaded 126944040 bytes..."
"2"," [78%] Downloaded 126976808 bytes..."
"2"," [78%] Downloaded 126993192 bytes..."
"2"," [78%] Downloaded 127042344 bytes..."
"2"," [78%] Downloaded 127058728 bytes..."
"2"," [78%] Downloaded 127107880 bytes..."
"2"," [78%] Downloaded 127124264 bytes..."
"2"," [78%] Downloaded 127172288 bytes..."
"2"," [78%] Downloaded 127188672 bytes..."
"2"," [78%] Downloaded 127237824 bytes..."
"2"," [78%] Downloaded 127254208 bytes..."
"2"," [78%] Downloaded 127303360 bytes..."
"2"," [78%] Downloaded 127319744 bytes..."
"2"," [78%] Downloaded 127367768 bytes..."
"2"," [78%] Downloaded 127384152 bytes..."
"2"," [78%] Downloaded 127433304 bytes..."
"2"," [78%] Downloaded 127498840 bytes..."
"2"," [78%] Downloaded 127515224 bytes..."
"2"," [78%] Downloaded 127579632 bytes..."
"2"," [78%] Downloaded 127628784 bytes..."
"2"," [78%] Downloaded 127758728 bytes..."
"2"," [78%] Downloaded 127889800 bytes..."
"2"," [78%] Downloaded 127921440 bytes..."
"2"," [78%] Downloaded 127954208 bytes..."
"2"," [78%] Downloaded 127970592 bytes..."
"2"," [78%] Downloaded 127986976 bytes..."
"2"," [78%] Downloaded 128019744 bytes..."
"2"," [78%] Downloaded 128036128 bytes..."
"2"," [78%] Downloaded 128085280 bytes..."
"2"," [78%] Downloaded 128101664 bytes..."
"2"," [78%] Downloaded 128149688 bytes..."
"2"," [78%] Downloaded 128166072 bytes..."
"2"," [78%] Downloaded 128215224 bytes..."
"2"," [78%] Downloaded 128231608 bytes..."
"2"," [78%] Downloaded 128280760 bytes..."
"2"," [78%] Downloaded 128297144 bytes..."
"2"," [78%] Downloaded 128345168 bytes..."
"2"," [78%] Downloaded 128361552 bytes..."
"2"," [78%] Downloaded 128410704 bytes..."
"2"," [78%] Downloaded 128427088 bytes..."
"2"," [78%] Downloaded 128476240 bytes..."
"2"," [78%] Downloaded 128492624 bytes..."
"2"," [79%] Downloaded 128540648 bytes..."
"2"," [79%] Downloaded 128557032 bytes..."
"2"," [79%] Downloaded 128606184 bytes..."
"2"," [79%] Downloaded 128622568 bytes..."
"2"," [79%] Downloaded 128671720 bytes..."
"2"," [79%] Downloaded 128688104 bytes..."
"2"," [79%] Downloaded 128736128 bytes..."
"2"," [79%] Downloaded 128752512 bytes..."
"2"," [79%] Downloaded 128785280 bytes..."
"2"," [79%] Downloaded 128818048 bytes..."
"2"," [79%] Downloaded 128850816 bytes..."
"2"," [79%] Downloaded 128883584 bytes..."
"2"," [79%] Downloaded 128915224 bytes..."
"2"," [79%] Downloaded 128947992 bytes..."
"2"," [79%] Downloaded 129013528 bytes..."
"2"," [79%] Downloaded 129079064 bytes..."
"2"," [79%] Downloaded 129127088 bytes..."
"2"," [79%] Downloaded 129143472 bytes..."
"2"," [79%] Downloaded 129192624 bytes..."
"2"," [79%] Downloaded 129209008 bytes..."
"2"," [79%] Downloaded 129258160 bytes..."
"2"," [79%] Downloaded 129274544 bytes..."
"2"," [79%] Downloaded 129338952 bytes..."
"2"," [79%] Downloaded 129371720 bytes..."
"2"," [79%] Downloaded 129388104 bytes..."
"2"," [79%] Downloaded 129404488 bytes..."
"2"," [79%] Downloaded 129437256 bytes..."
"2"," [79%] Downloaded 129453640 bytes..."
"2"," [79%] Downloaded 129470024 bytes..."
"2"," [79%] Downloaded 129518048 bytes..."
"2"," [79%] Downloaded 129534432 bytes..."
"2"," [79%] Downloaded 129583584 bytes..."
"2"," [79%] Downloaded 129649120 bytes..."
"2"," [79%] Downloaded 129713528 bytes..."
"2"," [79%] Downloaded 129729912 bytes..."
"2"," [79%] Downloaded 129762680 bytes..."
"2"," [79%] Downloaded 129779064 bytes..."
"2"," [79%] Downloaded 129844600 bytes..."
"2"," [79%] Downloaded 129909008 bytes..."
"2"," [79%] Downloaded 129974544 bytes..."
"2"," [79%] Downloaded 130040080 bytes..."
"2"," [79%] Downloaded 130104488 bytes..."
"2"," [80%] Downloaded 130153640 bytes..."
"2"," [80%] Downloaded 130170024 bytes..."
"2"," [80%] Downloaded 130202792 bytes..."
"2"," [80%] Downloaded 130235560 bytes..."
"2"," [80%] Downloaded 130267200 bytes..."
"2"," [80%] Downloaded 130299968 bytes..."
"2"," [80%] Downloaded 130316352 bytes..."
"2"," [80%] Downloaded 130365504 bytes..."
"2"," [80%] Downloaded 130381888 bytes..."
"2"," [80%] Downloaded 130431040 bytes..."
"2"," [80%] Downloaded 130447424 bytes..."
"2"," [80%] Downloaded 130495448 bytes..."
"2"," [80%] Downloaded 130528216 bytes..."
"2"," [80%] Downloaded 130560984 bytes..."
"2"," [80%] Downloaded 130610136 bytes..."
"2"," [80%] Downloaded 130626520 bytes..."
"2"," [80%] Downloaded 130658160 bytes..."
"2"," [80%] Downloaded 130674544 bytes..."
"2"," [80%] Downloaded 130690928 bytes..."
"2"," [80%] Downloaded 130740080 bytes..."
"2"," [80%] Downloaded 130756464 bytes..."
"2"," [80%] Downloaded 130805616 bytes..."
"2"," [80%] Downloaded 130870024 bytes..."
"2"," [80%] Downloaded 130935560 bytes..."
"2"," [80%] Downloaded 131001096 bytes..."
"2"," [80%] Downloaded 131049120 bytes..."
"2"," [80%] Downloaded 131065504 bytes..."
"2"," [80%] Downloaded 131114656 bytes..."
"2"," [80%] Downloaded 131131040 bytes..."
"2"," [80%] Downloaded 131180192 bytes..."
"2"," [80%] Downloaded 131196576 bytes..."
"2"," [80%] Downloaded 131244600 bytes..."
"2"," [80%] Downloaded 131260984 bytes..."
"2"," [80%] Downloaded 131326520 bytes..."
"2"," [80%] Downloaded 131392056 bytes..."
"2"," [80%] Downloaded 131456464 bytes..."
"2"," [80%] Downloaded 131489232 bytes..."
"2"," [80%] Downloaded 131522000 bytes..."
"2"," [80%] Downloaded 131571152 bytes..."
"2"," [80%] Downloaded 131587536 bytes..."
"2"," [80%] Downloaded 131603920 bytes..."
"2"," [80%] Downloaded 131651944 bytes..."
"2"," [80%] Downloaded 131684712 bytes..."
"2"," [80%] Downloaded 131717480 bytes..."
"2"," [80%] Downloaded 131750248 bytes..."
"2"," [81%] Downloaded 131766632 bytes..."
"2"," [81%] Downloaded 131783016 bytes..."
"2"," [81%] Downloaded 131815784 bytes..."
"2"," [81%] Downloaded 131831040 bytes..."
"2"," [81%] Downloaded 131847424 bytes..."
"2"," [81%] Downloaded 131896576 bytes..."
"2"," [81%] Downloaded 131912960 bytes..."
"2"," [81%] Downloaded 131962112 bytes..."
"2"," [81%] Downloaded 132026520 bytes..."
"2"," [81%] Downloaded 132092056 bytes..."
"2"," [81%] Downloaded 132141208 bytes..."
"2"," [81%] Downloaded 132157592 bytes..."
"2"," [81%] Downloaded 132173976 bytes..."
"2"," [81%] Downloaded 132206744 bytes..."
"2"," [81%] Downloaded 132222000 bytes..."
"2"," [81%] Downloaded 132238384 bytes..."
"2"," [81%] Downloaded 132271152 bytes..."
"2"," [81%] Downloaded 132287536 bytes..."
"2"," [81%] Downloaded 132336688 bytes..."
"2"," [81%] Downloaded 132353072 bytes..."
"2"," [81%] Downloaded 132402224 bytes..."
"2"," [81%] Downloaded 132417480 bytes..."
"2"," [81%] Downloaded 132466632 bytes..."
"2"," [81%] Downloaded 132483016 bytes..."
"2"," [81%] Downloaded 132515784 bytes..."
"2"," [81%] Downloaded 132532168 bytes..."
"2"," [81%] Downloaded 132548552 bytes..."
"2"," [81%] Downloaded 132564936 bytes..."
"2"," [81%] Downloaded 132597704 bytes..."
"2"," [81%] Downloaded 132612960 bytes..."
"2"," [81%] Downloaded 132629344 bytes..."
"2"," [81%] Downloaded 132662112 bytes..."
"2"," [81%] Downloaded 132678496 bytes..."
"2"," [81%] Downloaded 132694880 bytes..."
"2"," [81%] Downloaded 132727648 bytes..."
"2"," [81%] Downloaded 132744032 bytes..."
"2"," [81%] Downloaded 132776800 bytes..."
"2"," [81%] Downloaded 132808440 bytes..."
"2"," [81%] Downloaded 132857592 bytes..."
"2"," [81%] Downloaded 132873976 bytes..."
"2"," [81%] Downloaded 132923128 bytes..."
"2"," [81%] Downloaded 132939512 bytes..."
"2"," [81%] Downloaded 132972280 bytes..."
"2"," [81%] Downloaded 133003920 bytes..."
"2"," [81%] Downloaded 133036688 bytes..."
"2"," [81%] Downloaded 133053072 bytes..."
"2"," [81%] Downloaded 133069456 bytes..."
"2"," [81%] Downloaded 133102224 bytes..."
"2"," [81%] Downloaded 133118608 bytes..."
"2"," [81%] Downloaded 133134992 bytes..."
"2"," [81%] Downloaded 133151376 bytes..."
"2"," [81%] Downloaded 133167760 bytes..."
"2"," [81%] Downloaded 133184144 bytes..."
"2"," [81%] Downloaded 133199400 bytes..."
"2"," [81%] Downloaded 133232168 bytes..."
"2"," [81%] Downloaded 133248552 bytes..."
"2"," [81%] Downloaded 133281320 bytes..."
"2"," [81%] Downloaded 133297704 bytes..."
"2"," [81%] Downloaded 133314088 bytes..."
"2"," [81%] Downloaded 133330472 bytes..."
"2"," [81%] Downloaded 133363240 bytes..."
"2"," [81%] Downloaded 133379624 bytes..."
"2"," [82%] Downloaded 133427648 bytes..."
"2"," [82%] Downloaded 133444032 bytes..."
"2"," [82%] Downloaded 133493184 bytes..."
"2"," [82%] Downloaded 133509568 bytes..."
"2"," [82%] Downloaded 133558720 bytes..."
"2"," [82%] Downloaded 133575104 bytes..."
"2"," [82%] Downloaded 133623128 bytes..."
"2"," [82%] Downloaded 133639512 bytes..."
"2"," [82%] Downloaded 133688664 bytes..."
"2"," [82%] Downloaded 133705048 bytes..."
"2"," [82%] Downloaded 133754200 bytes..."
"2"," [82%] Downloaded 133770584 bytes..."
"2"," [82%] Downloaded 133818608 bytes..."
"2"," [82%] Downloaded 133834992 bytes..."
"2"," [82%] Downloaded 133884144 bytes..."
"2"," [82%] Downloaded 133900528 bytes..."
"2"," [82%] Downloaded 133949680 bytes..."
"2"," [82%] Downloaded 133966064 bytes..."
"2"," [82%] Downloaded 134014088 bytes..."
"2"," [82%] Downloaded 134030472 bytes..."
"2"," [82%] Downloaded 134063240 bytes..."
"2"," [82%] Downloaded 134079624 bytes..."
"2"," [82%] Downloaded 134096008 bytes..."
"2"," [82%] Downloaded 134128776 bytes..."
"2"," [82%] Downloaded 134145160 bytes..."
"2"," [82%] Downloaded 134161544 bytes..."
"2"," [82%] Downloaded 134193184 bytes..."
"2"," [82%] Downloaded 134209568 bytes..."
"2"," [82%] Downloaded 134225952 bytes..."
"2"," [82%] Downloaded 134242336 bytes..."
"2"," [82%] Downloaded 134258720 bytes..."
"2"," [82%] Downloaded 134275104 bytes..."
"2"," [82%] Downloaded 134324256 bytes..."
"2"," [82%] Downloaded 134340640 bytes..."
"2"," [82%] Downloaded 134388664 bytes..."
"2"," [82%] Downloaded 134405048 bytes..."
"2"," [82%] Downloaded 134470584 bytes..."
"2"," [82%] Downloaded 134486968 bytes..."
"2"," [82%] Downloaded 134536120 bytes..."
"2"," [82%] Downloaded 134600528 bytes..."
"2"," [82%] Downloaded 134666064 bytes..."
"2"," [82%] Downloaded 134715216 bytes..."
"2"," [82%] Downloaded 134731600 bytes..."
"2"," [82%] Downloaded 134795408 bytes..."
"2"," [82%] Downloaded 134844560 bytes..."
"2"," [82%] Downloaded 134860944 bytes..."
"2"," [82%] Downloaded 134910096 bytes..."
"2"," [82%] Downloaded 134926480 bytes..."
"2"," [82%] Downloaded 134990888 bytes..."
"2"," [83%] Downloaded 135056424 bytes..."
"2"," [83%] Downloaded 135105576 bytes..."
"2"," [83%] Downloaded 135121960 bytes..."
"2"," [83%] Downloaded 135169984 bytes..."
"2"," [83%] Downloaded 135186368 bytes..."
"2"," [83%] Downloaded 135219136 bytes..."
"2"," [83%] Downloaded 135251904 bytes..."
"2"," [83%] Downloaded 135268288 bytes..."
"2"," [83%] Downloaded 135301056 bytes..."
"2"," [83%] Downloaded 135333824 bytes..."
"2"," [83%] Downloaded 135365464 bytes..."
"2"," [83%] Downloaded 135381848 bytes..."
"2"," [83%] Downloaded 135431000 bytes..."
"2"," [83%] Downloaded 135480152 bytes..."
"2"," [83%] Downloaded 135496536 bytes..."
"2"," [83%] Downloaded 135512920 bytes..."
"2"," [83%] Downloaded 135544560 bytes..."
"2"," [83%] Downloaded 135560944 bytes..."
"2"," [83%] Downloaded 135577328 bytes..."
"2"," [83%] Downloaded 135610096 bytes..."
"2"," [83%] Downloaded 135626480 bytes..."
"2"," [83%] Downloaded 135675632 bytes..."
"2"," [83%] Downloaded 135692016 bytes..."
"2"," [83%] Downloaded 135756424 bytes..."
"2"," [83%] Downloaded 135805576 bytes..."
"2"," [83%] Downloaded 135821960 bytes..."
"2"," [83%] Downloaded 135871112 bytes..."
"2"," [83%] Downloaded 135887496 bytes..."
"2"," [83%] Downloaded 135935520 bytes..."
"2"," [83%] Downloaded 135951904 bytes..."
"2"," [83%] Downloaded 136001056 bytes..."
"2"," [83%] Downloaded 136017440 bytes..."
"2"," [83%] Downloaded 136066592 bytes..."
"2"," [83%] Downloaded 136082976 bytes..."
"2"," [83%] Downloaded 136131000 bytes..."
"2"," [83%] Downloaded 136147384 bytes..."
"2"," [83%] Downloaded 136196536 bytes..."
"2"," [83%] Downloaded 136212920 bytes..."
"2"," [83%] Downloaded 136262072 bytes..."
"2"," [83%] Downloaded 136278456 bytes..."
"2"," [83%] Downloaded 136326480 bytes..."
"2"," [83%] Downloaded 136342864 bytes..."
"2"," [83%] Downloaded 136359248 bytes..."
"2"," [83%] Downloaded 136392016 bytes..."
"2"," [83%] Downloaded 136408400 bytes..."
"2"," [83%] Downloaded 136441168 bytes..."
"2"," [83%] Downloaded 136457552 bytes..."
"2"," [83%] Downloaded 136473936 bytes..."
"2"," [83%] Downloaded 136521960 bytes..."
"2"," [83%] Downloaded 136538344 bytes..."
"2"," [83%] Downloaded 136587496 bytes..."
"2"," [83%] Downloaded 136603880 bytes..."
"2"," [84%] Downloaded 136653032 bytes..."
"2"," [84%] Downloaded 136669416 bytes..."
"2"," [84%] Downloaded 136702184 bytes..."
"2"," [84%] Downloaded 136717440 bytes..."
"2"," [84%] Downloaded 136733824 bytes..."
"2"," [84%] Downloaded 136782976 bytes..."
"2"," [84%] Downloaded 136799360 bytes..."
"2"," [84%] Downloaded 136848512 bytes..."
"2"," [84%] Downloaded 136864896 bytes..."
"2"," [84%] Downloaded 136912920 bytes..."
"2"," [84%] Downloaded 136929304 bytes..."
"2"," [84%] Downloaded 136978456 bytes..."
"2"," [84%] Downloaded 136994840 bytes..."
"2"," [84%] Downloaded 137043992 bytes..."
"2"," [84%] Downloaded 137060376 bytes..."
"2"," [84%] Downloaded 137108400 bytes..."
"2"," [84%] Downloaded 137124784 bytes..."
"2"," [84%] Downloaded 137173936 bytes..."
"2"," [84%] Downloaded 137190320 bytes..."
"2"," [84%] Downloaded 137239472 bytes..."
"2"," [84%] Downloaded 137255856 bytes..."
"2"," [84%] Downloaded 137303880 bytes..."
"2"," [84%] Downloaded 137320264 bytes..."
"2"," [84%] Downloaded 137369416 bytes..."
"2"," [84%] Downloaded 137385800 bytes..."
"2"," [84%] Downloaded 137434952 bytes..."
"2"," [84%] Downloaded 137451336 bytes..."
"2"," [84%] Downloaded 137499360 bytes..."
"2"," [84%] Downloaded 137515744 bytes..."
"2"," [84%] Downloaded 137532128 bytes..."
"2"," [84%] Downloaded 137548512 bytes..."
"2"," [84%] Downloaded 137564896 bytes..."
"2"," [84%] Downloaded 137581280 bytes..."
"2"," [84%] Downloaded 137614048 bytes..."
"2"," [84%] Downloaded 137630432 bytes..."
"2"," [84%] Downloaded 137679584 bytes..."
"2"," [84%] Downloaded 137694840 bytes..."
"2"," [84%] Downloaded 137743992 bytes..."
"2"," [84%] Downloaded 137760376 bytes..."
"2"," [84%] Downloaded 137809528 bytes..."
"2"," [84%] Downloaded 137825912 bytes..."
"2"," [84%] Downloaded 137875064 bytes..."
"2"," [84%] Downloaded 137890320 bytes..."
"2"," [84%] Downloaded 137939472 bytes..."
"2"," [84%] Downloaded 137955856 bytes..."
"2"," [84%] Downloaded 138005008 bytes..."
"2"," [84%] Downloaded 138021392 bytes..."
"2"," [84%] Downloaded 138054160 bytes..."
"2"," [84%] Downloaded 138070544 bytes..."
"2"," [84%] Downloaded 138085800 bytes..."
"2"," [84%] Downloaded 138118568 bytes..."
"2"," [84%] Downloaded 138134952 bytes..."
"2"," [84%] Downloaded 138151336 bytes..."
"2"," [84%] Downloaded 138184104 bytes..."
"2"," [84%] Downloaded 138200488 bytes..."
"2"," [84%] Downloaded 138216872 bytes..."
"2"," [85%] Downloaded 138266024 bytes..."
"2"," [85%] Downloaded 138281280 bytes..."
"2"," [85%] Downloaded 138330432 bytes..."
"2"," [85%] Downloaded 138346816 bytes..."
"2"," [85%] Downloaded 138395968 bytes..."
"2"," [85%] Downloaded 138412352 bytes..."
"2"," [85%] Downloaded 138461504 bytes..."
"2"," [85%] Downloaded 138476760 bytes..."
"2"," [85%] Downloaded 138525912 bytes..."
"2"," [85%] Downloaded 138542296 bytes..."
"2"," [85%] Downloaded 138591448 bytes..."
"2"," [85%] Downloaded 138607832 bytes..."
"2"," [85%] Downloaded 138640600 bytes..."
"2"," [85%] Downloaded 138656984 bytes..."
"2"," [85%] Downloaded 138672240 bytes..."
"2"," [85%] Downloaded 138721392 bytes..."
"2"," [85%] Downloaded 138737776 bytes..."
"2"," [85%] Downloaded 138786928 bytes..."
"2"," [85%] Downloaded 138836080 bytes..."
"2"," [85%] Downloaded 138852464 bytes..."
"2"," [85%] Downloaded 138867720 bytes..."
"2"," [85%] Downloaded 138916872 bytes..."
"2"," [85%] Downloaded 138949640 bytes..."
"2"," [85%] Downloaded 138982408 bytes..."
"2"," [85%] Downloaded 139015176 bytes..."
"2"," [85%] Downloaded 139047944 bytes..."
"2"," [85%] Downloaded 139079584 bytes..."
"2"," [85%] Downloaded 139112352 bytes..."
"2"," [85%] Downloaded 139145120 bytes..."
"2"," [85%] Downloaded 139161504 bytes..."
"2"," [85%] Downloaded 139177888 bytes..."
"2"," [85%] Downloaded 139210656 bytes..."
"2"," [85%] Downloaded 139243424 bytes..."
"2"," [85%] Downloaded 139275064 bytes..."
"2"," [85%] Downloaded 139307832 bytes..."
"2"," [85%] Downloaded 139340600 bytes..."
"2"," [85%] Downloaded 139373368 bytes..."
"2"," [85%] Downloaded 139406136 bytes..."
"2"," [85%] Downloaded 139422520 bytes..."
"2"," [85%] Downloaded 139438904 bytes..."
"2"," [85%] Downloaded 139470544 bytes..."
"2"," [85%] Downloaded 139503312 bytes..."
"2"," [85%] Downloaded 139536080 bytes..."
"2"," [85%] Downloaded 139552464 bytes..."
"2"," [85%] Downloaded 139568848 bytes..."
"2"," [85%] Downloaded 139601616 bytes..."
"2"," [85%] Downloaded 139618000 bytes..."
"2"," [85%] Downloaded 139634384 bytes..."
"2"," [85%] Downloaded 139666024 bytes..."
"2"," [85%] Downloaded 139682408 bytes..."
"2"," [85%] Downloaded 139698792 bytes..."
"2"," [85%] Downloaded 139731560 bytes..."
"2"," [85%] Downloaded 139747944 bytes..."
"2"," [85%] Downloaded 139764328 bytes..."
"2"," [85%] Downloaded 139797096 bytes..."
"2"," [85%] Downloaded 139813480 bytes..."
"2"," [85%] Downloaded 139829864 bytes..."
"2"," [85%] Downloaded 139845120 bytes..."
"2"," [85%] Downloaded 139861504 bytes..."
"2"," [85%] Downloaded 139877888 bytes..."
"2"," [86%] Downloaded 139894272 bytes..."
"2"," [86%] Downloaded 139927040 bytes..."
"2"," [86%] Downloaded 139959808 bytes..."
"2"," [86%] Downloaded 139992576 bytes..."
"2"," [86%] Downloaded 140025344 bytes..."
"2"," [86%] Downloaded 140056984 bytes..."
"2"," [86%] Downloaded 140089752 bytes..."
"2"," [86%] Downloaded 140122520 bytes..."
"2"," [86%] Downloaded 140155288 bytes..."
"2"," [86%] Downloaded 140188056 bytes..."
"2"," [86%] Downloaded 140220824 bytes..."
"2"," [86%] Downloaded 140252464 bytes..."
"2"," [86%] Downloaded 140285232 bytes..."
"2"," [86%] Downloaded 140318000 bytes..."
"2"," [86%] Downloaded 140334384 bytes..."
"2"," [86%] Downloaded 140350768 bytes..."
"2"," [86%] Downloaded 140383536 bytes..."
"2"," [86%] Downloaded 140399920 bytes..."
"2"," [86%] Downloaded 140447944 bytes..."
"2"," [86%] Downloaded 140464328 bytes..."
"2"," [86%] Downloaded 140497096 bytes..."
"2"," [86%] Downloaded 140513480 bytes..."
"2"," [86%] Downloaded 140529864 bytes..."
"2"," [86%] Downloaded 140562632 bytes..."
"2"," [86%] Downloaded 140595400 bytes..."
"2"," [86%] Downloaded 140627040 bytes..."
"2"," [86%] Downloaded 140659808 bytes..."
"2"," [86%] Downloaded 140692576 bytes..."
"2"," [86%] Downloaded 140725344 bytes..."
"2"," [86%] Downloaded 140758112 bytes..."
"2"," [86%] Downloaded 140790880 bytes..."
"2"," [86%] Downloaded 140822520 bytes..."
"2"," [86%] Downloaded 140855288 bytes..."
"2"," [86%] Downloaded 140888056 bytes..."
"2"," [86%] Downloaded 140920824 bytes..."
"2"," [86%] Downloaded 140953592 bytes..."
"2"," [86%] Downloaded 140986360 bytes..."
"2"," [86%] Downloaded 141018000 bytes..."
"2"," [86%] Downloaded 141050768 bytes..."
"2"," [86%] Downloaded 141083536 bytes..."
"2"," [86%] Downloaded 141116304 bytes..."
"2"," [86%] Downloaded 141149072 bytes..."
"2"," [86%] Downloaded 141165456 bytes..."
"2"," [86%] Downloaded 141181840 bytes..."
"2"," [86%] Downloaded 141198224 bytes..."
"2"," [86%] Downloaded 141213480 bytes..."
"2"," [86%] Downloaded 141246248 bytes..."
"2"," [86%] Downloaded 141279016 bytes..."
"2"," [86%] Downloaded 141311784 bytes..."
"2"," [86%] Downloaded 141344552 bytes..."
"2"," [86%] Downloaded 141377320 bytes..."
"2"," [86%] Downloaded 141408960 bytes..."
"2"," [86%] Downloaded 141441728 bytes..."
"2"," [86%] Downloaded 141458112 bytes..."
"2"," [86%] Downloaded 141474496 bytes..."
"2"," [86%] Downloaded 141490880 bytes..."
"2"," [86%] Downloaded 141507264 bytes..."
"2"," [87%] Downloaded 141540032 bytes..."
"2"," [87%] Downloaded 141556416 bytes..."
"2"," [87%] Downloaded 141604440 bytes..."
"2"," [87%] Downloaded 141620824 bytes..."
"2"," [87%] Downloaded 141653592 bytes..."
"2"," [87%] Downloaded 141669976 bytes..."
"2"," [87%] Downloaded 141686360 bytes..."
"2"," [87%] Downloaded 141719128 bytes..."
"2"," [87%] Downloaded 141751896 bytes..."
"2"," [87%] Downloaded 141784664 bytes..."
"2"," [87%] Downloaded 141816304 bytes..."
"2"," [87%] Downloaded 141849072 bytes..."
"2"," [87%] Downloaded 141881840 bytes..."
"2"," [87%] Downloaded 141914608 bytes..."
"2"," [87%] Downloaded 141930992 bytes..."
"2"," [87%] Downloaded 141947376 bytes..."
"2"," [87%] Downloaded 141995400 bytes..."
"2"," [87%] Downloaded 142011784 bytes..."
"2"," [87%] Downloaded 142060936 bytes..."
"2"," [87%] Downloaded 142077320 bytes..."
"2"," [87%] Downloaded 142126472 bytes..."
"2"," [87%] Downloaded 142142856 bytes..."
"2"," [87%] Downloaded 142159240 bytes..."
"2"," [87%] Downloaded 142190880 bytes..."
"2"," [87%] Downloaded 142207264 bytes..."
"2"," [87%] Downloaded 142256416 bytes..."
"2"," [87%] Downloaded 142272800 bytes..."
"2"," [87%] Downloaded 142321952 bytes..."
"2"," [87%] Downloaded 142338336 bytes..."
"2"," [87%] Downloaded 142386360 bytes..."
"2"," [87%] Downloaded 142402744 bytes..."
"2"," [87%] Downloaded 142451896 bytes..."
"2"," [87%] Downloaded 142468280 bytes..."
"2"," [87%] Downloaded 142501048 bytes..."
"2"," [87%] Downloaded 142517432 bytes..."
"2"," [87%] Downloaded 142533816 bytes..."
"2"," [87%] Downloaded 142566584 bytes..."
"2"," [87%] Downloaded 142598224 bytes..."
"2"," [87%] Downloaded 142614608 bytes..."
"2"," [87%] Downloaded 142663760 bytes..."
"2"," [87%] Downloaded 142696528 bytes..."
"2"," [87%] Downloaded 142712912 bytes..."
"2"," [87%] Downloaded 142729296 bytes..."
"2"," [87%] Downloaded 142762064 bytes..."
"2"," [87%] Downloaded 142777320 bytes..."
"2"," [87%] Downloaded 142826472 bytes..."
"2"," [87%] Downloaded 142842856 bytes..."
"2"," [87%] Downloaded 142859240 bytes..."
"2"," [87%] Downloaded 142892008 bytes..."
"2"," [87%] Downloaded 142908392 bytes..."
"2"," [87%] Downloaded 142972800 bytes..."
"2"," [87%] Downloaded 143021952 bytes..."
"2"," [87%] Downloaded 143038336 bytes..."
"2"," [87%] Downloaded 143087488 bytes..."
"2"," [87%] Downloaded 143103872 bytes..."
"2"," [87%] Downloaded 143136640 bytes..."
"2"," [88%] Downloaded 143153024 bytes..."
"2"," [88%] Downloaded 143168280 bytes..."
"2"," [88%] Downloaded 143201048 bytes..."
"2"," [88%] Downloaded 143233816 bytes..."
"2"," [88%] Downloaded 143250200 bytes..."
"2"," [88%] Downloaded 143266584 bytes..."
"2"," [88%] Downloaded 143299352 bytes..."
"2"," [88%] Downloaded 143315736 bytes..."
"2"," [88%] Downloaded 143363760 bytes..."
"2"," [88%] Downloaded 143380144 bytes..."
"2"," [88%] Downloaded 143429296 bytes..."
"2"," [88%] Downloaded 143445680 bytes..."
"2"," [88%] Downloaded 143494832 bytes..."
"2"," [88%] Downloaded 143511216 bytes..."
"2"," [88%] Downloaded 143559240 bytes..."
"2"," [88%] Downloaded 143575624 bytes..."
"2"," [88%] Downloaded 143624776 bytes..."
"2"," [88%] Downloaded 143641160 bytes..."
"2"," [88%] Downloaded 143690312 bytes..."
"2"," [88%] Downloaded 143706696 bytes..."
"2"," [88%] Downloaded 143754720 bytes..."
"2"," [88%] Downloaded 143771104 bytes..."
"2"," [88%] Downloaded 143803872 bytes..."
"2"," [88%] Downloaded 143820256 bytes..."
"2"," [88%] Downloaded 143836640 bytes..."
"2"," [88%] Downloaded 143885792 bytes..."
"2"," [88%] Downloaded 143902176 bytes..."
"2"," [88%] Downloaded 143950200 bytes..."
"2"," [88%] Downloaded 143966584 bytes..."
"2"," [88%] Downloaded 143999352 bytes..."
"2"," [88%] Downloaded 144015736 bytes..."
"2"," [88%] Downloaded 144032120 bytes..."
"2"," [88%] Downloaded 144064888 bytes..."
"2"," [88%] Downloaded 144081272 bytes..."
"2"," [88%] Downloaded 144097656 bytes..."
"2"," [88%] Downloaded 144145680 bytes..."
"2"," [88%] Downloaded 144162064 bytes..."
"2"," [88%] Downloaded 144211216 bytes..."
"2"," [88%] Downloaded 144227600 bytes..."
"2"," [88%] Downloaded 144276752 bytes..."
"2"," [88%] Downloaded 144293136 bytes..."
"2"," [88%] Downloaded 144341160 bytes..."
"2"," [88%] Downloaded 144357544 bytes..."
"2"," [88%] Downloaded 144406696 bytes..."
"2"," [88%] Downloaded 144423080 bytes..."
"2"," [88%] Downloaded 144439464 bytes..."
"2"," [88%] Downloaded 144472232 bytes..."
"2"," [88%] Downloaded 144488616 bytes..."
"2"," [88%] Downloaded 144536640 bytes..."
"2"," [88%] Downloaded 144553024 bytes..."
"2"," [88%] Downloaded 144602176 bytes..."
"2"," [88%] Downloaded 144618560 bytes..."
"2"," [88%] Downloaded 144667712 bytes..."
"2"," [88%] Downloaded 144684096 bytes..."
"2"," [88%] Downloaded 144732120 bytes..."
"2"," [88%] Downloaded 144748504 bytes..."
"2"," [89%] Downloaded 144797656 bytes..."
"2"," [89%] Downloaded 144814040 bytes..."
"2"," [89%] Downloaded 144863192 bytes..."
"2"," [89%] Downloaded 144879576 bytes..."
"2"," [89%] Downloaded 144927600 bytes..."
"2"," [89%] Downloaded 144943984 bytes..."
"2"," [89%] Downloaded 144976752 bytes..."
"2"," [89%] Downloaded 144993136 bytes..."
"2"," [89%] Downloaded 145009520 bytes..."
"2"," [89%] Downloaded 145042288 bytes..."
"2"," [89%] Downloaded 145058672 bytes..."
"2"," [89%] Downloaded 145075056 bytes..."
"2"," [89%] Downloaded 145091440 bytes..."
"2"," [89%] Downloaded 145107824 bytes..."
"2"," [89%] Downloaded 145123080 bytes..."
"2"," [89%] Downloaded 145139464 bytes..."
"2"," [89%] Downloaded 145155848 bytes..."
"2"," [89%] Downloaded 145172232 bytes..."
"2"," [89%] Downloaded 145188616 bytes..."
"2"," [89%] Downloaded 145205000 bytes..."
"2"," [89%] Downloaded 145237768 bytes..."
"2"," [89%] Downloaded 145254152 bytes..."
"2"," [89%] Downloaded 145303304 bytes..."
"2"," [89%] Downloaded 145318560 bytes..."
"2"," [89%] Downloaded 145367712 bytes..."
"2"," [89%] Downloaded 145384096 bytes..."
"2"," [89%] Downloaded 145433248 bytes..."
"2"," [89%] Downloaded 145449632 bytes..."
"2"," [89%] Downloaded 145498784 bytes..."
"2"," [89%] Downloaded 145514040 bytes..."
"2"," [89%] Downloaded 145563192 bytes..."
"2"," [89%] Downloaded 145579576 bytes..."
"2"," [89%] Downloaded 145628728 bytes..."
"2"," [89%] Downloaded 145645112 bytes..."
"2"," [89%] Downloaded 145677880 bytes..."
"2"," [89%] Downloaded 145694264 bytes..."
"2"," [89%] Downloaded 145709520 bytes..."
"2"," [89%] Downloaded 145742288 bytes..."
"2"," [89%] Downloaded 145758672 bytes..."
"2"," [89%] Downloaded 145775056 bytes..."
"2"," [89%] Downloaded 145824208 bytes..."
"2"," [89%] Downloaded 145840592 bytes..."
"2"," [89%] Downloaded 145889744 bytes..."
"2"," [89%] Downloaded 145905208 bytes..."
"2"," [89%] Downloaded 145954360 bytes..."
"2"," [89%] Downloaded 145970744 bytes..."
"2"," [89%] Downloaded 146019896 bytes..."
"2"," [89%] Downloaded 146036280 bytes..."
"2"," [89%] Downloaded 146085432 bytes..."
"2"," [89%] Downloaded 146100688 bytes..."
"2"," [89%] Downloaded 146149840 bytes..."
"2"," [89%] Downloaded 146166224 bytes..."
"2"," [89%] Downloaded 146215376 bytes..."
"2"," [89%] Downloaded 146231760 bytes..."
"2"," [89%] Downloaded 146264528 bytes..."
"2"," [89%] Downloaded 146280912 bytes..."
"2"," [89%] Downloaded 146296168 bytes..."
"2"," [89%] Downloaded 146312552 bytes..."
"2"," [89%] Downloaded 146345320 bytes..."
"2"," [89%] Downloaded 146361704 bytes..."
"2"," [90%] Downloaded 146410856 bytes..."
"2"," [90%] Downloaded 146427240 bytes..."
"2"," [90%] Downloaded 146476392 bytes..."
"2"," [90%] Downloaded 146491648 bytes..."
"2"," [90%] Downloaded 146540800 bytes..."
"2"," [90%] Downloaded 146557184 bytes..."
"2"," [90%] Downloaded 146606336 bytes..."
"2"," [90%] Downloaded 146622720 bytes..."
"2"," [90%] Downloaded 146671872 bytes..."
"2"," [90%] Downloaded 146687128 bytes..."
"2"," [90%] Downloaded 146736280 bytes..."
"2"," [90%] Downloaded 146752664 bytes..."
"2"," [90%] Downloaded 146801816 bytes..."
"2"," [90%] Downloaded 146818200 bytes..."
"2"," [90%] Downloaded 146850968 bytes..."
"2"," [90%] Downloaded 146867352 bytes..."
"2"," [90%] Downloaded 146882608 bytes..."
"2"," [90%] Downloaded 146915376 bytes..."
"2"," [90%] Downloaded 146931760 bytes..."
"2"," [90%] Downloaded 146948144 bytes..."
"2"," [90%] Downloaded 146980912 bytes..."
"2"," [90%] Downloaded 147013680 bytes..."
"2"," [90%] Downloaded 147046448 bytes..."
"2"," [90%] Downloaded 147062832 bytes..."
"2"," [90%] Downloaded 147078088 bytes..."
"2"," [90%] Downloaded 147110856 bytes..."
"2"," [90%] Downloaded 147127240 bytes..."
"2"," [90%] Downloaded 147143624 bytes..."
"2"," [90%] Downloaded 147176392 bytes..."
"2"," [90%] Downloaded 147192776 bytes..."
"2"," [90%] Downloaded 147209160 bytes..."
"2"," [90%] Downloaded 147241928 bytes..."
"2"," [90%] Downloaded 147273568 bytes..."
"2"," [90%] Downloaded 147289952 bytes..."
"2"," [90%] Downloaded 147306336 bytes..."
"2"," [90%] Downloaded 147322720 bytes..."
"2"," [90%] Downloaded 147339104 bytes..."
"2"," [90%] Downloaded 147371872 bytes..."
"2"," [90%] Downloaded 147388256 bytes..."
"2"," [90%] Downloaded 147421024 bytes..."
"2"," [90%] Downloaded 147437408 bytes..."
"2"," [90%] Downloaded 147453792 bytes..."
"2"," [90%] Downloaded 147501816 bytes..."
"2"," [90%] Downloaded 147518200 bytes..."
"2"," [90%] Downloaded 147567352 bytes..."
"2"," [90%] Downloaded 147583736 bytes..."
"2"," [90%] Downloaded 147632888 bytes..."
"2"," [90%] Downloaded 147649272 bytes..."
"2"," [90%] Downloaded 147664528 bytes..."
"2"," [90%] Downloaded 147697296 bytes..."
"2"," [90%] Downloaded 147713680 bytes..."
"2"," [90%] Downloaded 147762832 bytes..."
"2"," [90%] Downloaded 147779216 bytes..."
"2"," [90%] Downloaded 147811984 bytes..."
"2"," [90%] Downloaded 147828368 bytes..."
"2"," [90%] Downloaded 147844752 bytes..."
"2"," [90%] Downloaded 147876392 bytes..."
"2"," [90%] Downloaded 147892776 bytes..."
"2"," [90%] Downloaded 147909160 bytes..."
"2"," [90%] Downloaded 147941928 bytes..."
"2"," [90%] Downloaded 147958312 bytes..."
"2"," [90%] Downloaded 147974696 bytes..."
"2"," [90%] Downloaded 148007464 bytes..."
"2"," [91%] Downloaded 148023848 bytes..."
"2"," [91%] Downloaded 148040232 bytes..."
"2"," [91%] Downloaded 148071872 bytes..."
"2"," [91%] Downloaded 148088256 bytes..."
"2"," [91%] Downloaded 148104640 bytes..."
"2"," [91%] Downloaded 148121024 bytes..."
"2"," [91%] Downloaded 148137408 bytes..."
"2"," [91%] Downloaded 148153792 bytes..."
"2"," [91%] Downloaded 148170176 bytes..."
"2"," [91%] Downloaded 148202944 bytes..."
"2"," [91%] Downloaded 148219328 bytes..."
"2"," [91%] Downloaded 148235712 bytes..."
"2"," [91%] Downloaded 148267352 bytes..."
"2"," [91%] Downloaded 148283736 bytes..."
"2"," [91%] Downloaded 148300120 bytes..."
"2"," [91%] Downloaded 148332888 bytes..."
"2"," [91%] Downloaded 148349272 bytes..."
"2"," [91%] Downloaded 148382040 bytes..."
"2"," [91%] Downloaded 148398424 bytes..."
"2"," [91%] Downloaded 148414808 bytes..."
"2"," [91%] Downloaded 148446448 bytes..."
"2"," [91%] Downloaded 148462832 bytes..."
"2"," [91%] Downloaded 148479216 bytes..."
"2"," [91%] Downloaded 148528368 bytes..."
"2"," [91%] Downloaded 148544752 bytes..."
"2"," [91%] Downloaded 148593904 bytes..."
"2"," [91%] Downloaded 148610288 bytes..."
"2"," [91%] Downloaded 148658312 bytes..."
"2"," [91%] Downloaded 148674696 bytes..."
"2"," [91%] Downloaded 148723848 bytes..."
"2"," [91%] Downloaded 148740232 bytes..."
"2"," [91%] Downloaded 148789384 bytes..."
"2"," [91%] Downloaded 148805768 bytes..."
"2"," [91%] Downloaded 148853792 bytes..."
"2"," [91%] Downloaded 148870176 bytes..."
"2"," [91%] Downloaded 148919328 bytes..."
"2"," [91%] Downloaded 148935712 bytes..."
"2"," [91%] Downloaded 148952096 bytes..."
"2"," [91%] Downloaded 148984864 bytes..."
"2"," [91%] Downloaded 149001248 bytes..."
"2"," [91%] Downloaded 149032888 bytes..."
"2"," [91%] Downloaded 149049272 bytes..."
"2"," [91%] Downloaded 149065656 bytes..."
"2"," [91%] Downloaded 149082040 bytes..."
"2"," [91%] Downloaded 149114808 bytes..."
"2"," [91%] Downloaded 149131192 bytes..."
"2"," [91%] Downloaded 149163960 bytes..."
"2"," [91%] Downloaded 149180344 bytes..."
"2"," [91%] Downloaded 149196728 bytes..."
"2"," [91%] Downloaded 149228368 bytes..."
"2"," [91%] Downloaded 149244752 bytes..."
"2"," [91%] Downloaded 149261136 bytes..."
"2"," [91%] Downloaded 149293904 bytes..."
"2"," [91%] Downloaded 149310288 bytes..."
"2"," [91%] Downloaded 149359440 bytes..."
"2"," [91%] Downloaded 149375824 bytes..."
"2"," [91%] Downloaded 149392208 bytes..."
"2"," [91%] Downloaded 149440232 bytes..."
"2"," [91%] Downloaded 149489384 bytes..."
"2"," [91%] Downloaded 149505768 bytes..."
"2"," [91%] Downloaded 149554920 bytes..."
"2"," [91%] Downloaded 149571304 bytes..."
"2"," [91%] Downloaded 149619328 bytes..."
"2"," [91%] Downloaded 149635712 bytes..."
"2"," [92%] Downloaded 149684864 bytes..."
"2"," [92%] Downloaded 149701248 bytes..."
"2"," [92%] Downloaded 149766784 bytes..."
"2"," [92%] Downloaded 149814808 bytes..."
"2"," [92%] Downloaded 149831192 bytes..."
"2"," [92%] Downloaded 149880344 bytes..."
"2"," [92%] Downloaded 149896728 bytes..."
"2"," [92%] Downloaded 149945880 bytes..."
"2"," [92%] Downloaded 149962264 bytes..."
"2"," [92%] Downloaded 150010288 bytes..."
"2"," [92%] Downloaded 150026672 bytes..."
"2"," [92%] Downloaded 150075824 bytes..."
"2"," [92%] Downloaded 150092208 bytes..."
"2"," [92%] Downloaded 150157744 bytes..."
"2"," [92%] Downloaded 150205768 bytes..."
"2"," [92%] Downloaded 150222152 bytes..."
"2"," [92%] Downloaded 150271304 bytes..."
"2"," [92%] Downloaded 150287688 bytes..."
"2"," [92%] Downloaded 150336840 bytes..."
"2"," [92%] Downloaded 150353224 bytes..."
"2"," [92%] Downloaded 150385992 bytes..."
"2"," [92%] Downloaded 150417632 bytes..."
"2"," [92%] Downloaded 150466784 bytes..."
"2"," [92%] Downloaded 150499552 bytes..."
"2"," [92%] Downloaded 150532320 bytes..."
"2"," [92%] Downloaded 150596728 bytes..."
"2"," [92%] Downloaded 150613112 bytes..."
"2"," [92%] Downloaded 150645880 bytes..."
"2"," [92%] Downloaded 150662264 bytes..."
"2"," [92%] Downloaded 150727800 bytes..."
"2"," [92%] Downloaded 150792208 bytes..."
"2"," [92%] Downloaded 150841360 bytes..."
"2"," [92%] Downloaded 150857744 bytes..."
"2"," [92%] Downloaded 150906896 bytes..."
"2"," [92%] Downloaded 150923280 bytes..."
"2"," [92%] Downloaded 150987688 bytes..."
"2"," [92%] Downloaded 151036840 bytes..."
"2"," [92%] Downloaded 151053224 bytes..."
"2"," [92%] Downloaded 151102376 bytes..."
"2"," [92%] Downloaded 151118760 bytes..."
"2"," [92%] Downloaded 151183168 bytes..."
"2"," [92%] Downloaded 151248704 bytes..."
"2"," [93%] Downloaded 151314240 bytes..."
"2"," [93%] Downloaded 151330624 bytes..."
"2"," [93%] Downloaded 151347008 bytes..."
"2"," [93%] Downloaded 151378648 bytes..."
"2"," [93%] Downloaded 151427800 bytes..."
"2"," [93%] Downloaded 151444184 bytes..."
"2"," [93%] Downloaded 151493336 bytes..."
"2"," [93%] Downloaded 151509720 bytes..."
"2"," [93%] Downloaded 151542488 bytes..."
"2"," [93%] Downloaded 151574128 bytes..."
"2"," [93%] Downloaded 151606896 bytes..."
"2"," [93%] Downloaded 151639664 bytes..."
"2"," [93%] Downloaded 151672432 bytes..."
"2"," [93%] Downloaded 151688816 bytes..."
"2"," [93%] Downloaded 151705200 bytes..."
"2"," [93%] Downloaded 151737968 bytes..."
"2"," [93%] Downloaded 151754352 bytes..."
"2"," [93%] Downloaded 151769608 bytes..."
"2"," [93%] Downloaded 151802376 bytes..."
"2"," [93%] Downloaded 151818760 bytes..."
"2"," [93%] Downloaded 151835144 bytes..."
"2"," [93%] Downloaded 151851528 bytes..."
"2"," [93%] Downloaded 151884296 bytes..."
"2"," [93%] Downloaded 151949832 bytes..."
"2"," [93%] Downloaded 152014240 bytes..."
"2"," [93%] Downloaded 152063392 bytes..."
"2"," [93%] Downloaded 152079776 bytes..."
"2"," [93%] Downloaded 152145312 bytes..."
"2"," [93%] Downloaded 152193336 bytes..."
"2"," [93%] Downloaded 152209720 bytes..."
"2"," [93%] Downloaded 152275256 bytes..."
"2"," [93%] Downloaded 152324408 bytes..."
"2"," [93%] Downloaded 152340792 bytes..."
"2"," [93%] Downloaded 152388816 bytes..."
"2"," [93%] Downloaded 152405200 bytes..."
"2"," [93%] Downloaded 152421584 bytes..."
"2"," [93%] Downloaded 152454352 bytes..."
"2"," [93%] Downloaded 152470736 bytes..."
"2"," [93%] Downloaded 152503504 bytes..."
"2"," [93%] Downloaded 152519888 bytes..."
"2"," [93%] Downloaded 152536272 bytes..."
"2"," [93%] Downloaded 152584296 bytes..."
"2"," [93%] Downloaded 152600680 bytes..."
"2"," [93%] Downloaded 152649832 bytes..."
"2"," [93%] Downloaded 152666216 bytes..."
"2"," [93%] Downloaded 152682600 bytes..."
"2"," [93%] Downloaded 152715368 bytes..."
"2"," [93%] Downloaded 152731752 bytes..."
"2"," [93%] Downloaded 152747008 bytes..."
"2"," [93%] Downloaded 152796160 bytes..."
"2"," [93%] Downloaded 152828928 bytes..."
"2"," [93%] Downloaded 152845312 bytes..."
"2"," [93%] Downloaded 152861696 bytes..."
"2"," [94%] Downloaded 152910848 bytes..."
"2"," [94%] Downloaded 152927232 bytes..."
"2"," [94%] Downloaded 152975256 bytes..."
"2"," [94%] Downloaded 152991640 bytes..."
"2"," [94%] Downloaded 153040792 bytes..."
"2"," [94%] Downloaded 153057176 bytes..."
"2"," [94%] Downloaded 153089944 bytes..."
"2"," [94%] Downloaded 153106328 bytes..."
"2"," [94%] Downloaded 153122712 bytes..."
"2"," [94%] Downloaded 153154352 bytes..."
"2"," [94%] Downloaded 153170736 bytes..."
"2"," [94%] Downloaded 153187120 bytes..."
"2"," [94%] Downloaded 153219888 bytes..."
"2"," [94%] Downloaded 153236272 bytes..."
"2"," [94%] Downloaded 153252656 bytes..."
"2"," [94%] Downloaded 153269040 bytes..."
"2"," [94%] Downloaded 153285424 bytes..."
"2"," [94%] Downloaded 153301808 bytes..."
"2"," [94%] Downloaded 153318192 bytes..."
"2"," [94%] Downloaded 153366216 bytes..."
"2"," [94%] Downloaded 153382600 bytes..."
"2"," [94%] Downloaded 153431752 bytes..."
"2"," [94%] Downloaded 153448136 bytes..."
"2"," [94%] Downloaded 153480904 bytes..."
"2"," [94%] Downloaded 153513672 bytes..."
"2"," [94%] Downloaded 153528928 bytes..."
"2"," [94%] Downloaded 153545312 bytes..."
"2"," [94%] Downloaded 153578080 bytes..."
"2"," [94%] Downloaded 153610848 bytes..."
"2"," [94%] Downloaded 153643616 bytes..."
"2"," [94%] Downloaded 153676384 bytes..."
"2"," [94%] Downloaded 153692768 bytes..."
"2"," [94%] Downloaded 153709152 bytes..."
"2"," [94%] Downloaded 153740792 bytes..."
"2"," [94%] Downloaded 153757176 bytes..."
"2"," [94%] Downloaded 153773560 bytes..."
"2"," [94%] Downloaded 153806328 bytes..."
"2"," [94%] Downloaded 153822712 bytes..."
"2"," [94%] Downloaded 153871864 bytes..."
"2"," [94%] Downloaded 153888248 bytes..."
"2"," [94%] Downloaded 153919888 bytes..."
"2"," [94%] Downloaded 153952656 bytes..."
"2"," [94%] Downloaded 154018192 bytes..."
"2"," [94%] Downloaded 154034576 bytes..."
"2"," [94%] Downloaded 154083728 bytes..."
"2"," [94%] Downloaded 154131752 bytes..."
"2"," [94%] Downloaded 154148136 bytes..."
"2"," [94%] Downloaded 154197288 bytes..."
"2"," [94%] Downloaded 154213672 bytes..."
"2"," [94%] Downloaded 154279208 bytes..."
"2"," [94%] Downloaded 154327232 bytes..."
"2"," [94%] Downloaded 154343616 bytes..."
"2"," [94%] Downloaded 154409152 bytes..."
"2"," [94%] Downloaded 154441920 bytes..."
"2"," [94%] Downloaded 154474688 bytes..."
"2"," [95%] Downloaded 154539096 bytes..."
"2"," [95%] Downloaded 154604632 bytes..."
"2"," [95%] Downloaded 154621016 bytes..."
"2"," [95%] Downloaded 154670168 bytes..."
"2"," [95%] Downloaded 154718192 bytes..."
"2"," [95%] Downloaded 154734576 bytes..."
"2"," [95%] Downloaded 154783728 bytes..."
"2"," [95%] Downloaded 154800112 bytes..."
"2"," [95%] Downloaded 154832880 bytes..."
"2"," [95%] Downloaded 154849264 bytes..."
"2"," [95%] Downloaded 154913672 bytes..."
"2"," [95%] Downloaded 154930056 bytes..."
"2"," [95%] Downloaded 154979208 bytes..."
"2"," [95%] Downloaded 155044744 bytes..."
"2"," [95%] Downloaded 155092768 bytes..."
"2"," [95%] Downloaded 155109152 bytes..."
"2"," [95%] Downloaded 155158304 bytes..."
"2"," [95%] Downloaded 155174688 bytes..."
"2"," [95%] Downloaded 155223840 bytes..."
"2"," [95%] Downloaded 155240224 bytes..."
"2"," [95%] Downloaded 155288248 bytes..."
"2"," [95%] Downloaded 155304632 bytes..."
"2"," [95%] Downloaded 155353784 bytes..."
"2"," [95%] Downloaded 155370168 bytes..."
"2"," [95%] Downloaded 155419320 bytes..."
"2"," [95%] Downloaded 155435704 bytes..."
"2"," [95%] Downloaded 155483728 bytes..."
"2"," [95%] Downloaded 155500112 bytes..."
"2"," [95%] Downloaded 155565648 bytes..."
"2"," [95%] Downloaded 155614800 bytes..."
"2"," [95%] Downloaded 155631184 bytes..."
"2"," [95%] Downloaded 155679208 bytes..."
"2"," [95%] Downloaded 155695592 bytes..."
"2"," [95%] Downloaded 155744744 bytes..."
"2"," [95%] Downloaded 155761128 bytes..."
"2"," [95%] Downloaded 155810280 bytes..."
"2"," [95%] Downloaded 155826664 bytes..."
"2"," [95%] Downloaded 155874688 bytes..."
"2"," [95%] Downloaded 155891072 bytes..."
"2"," [95%] Downloaded 155956608 bytes..."
"2"," [95%] Downloaded 155972992 bytes..."
"2"," [95%] Downloaded 156022144 bytes..."
"2"," [95%] Downloaded 156086552 bytes..."
"2"," [95%] Downloaded 156135704 bytes..."
"2"," [95%] Downloaded 156152088 bytes..."
"2"," [96%] Downloaded 156201240 bytes..."
"2"," [96%] Downloaded 156217624 bytes..."
"2"," [96%] Downloaded 156246824 bytes..."
"2"," [96%] Downloaded 156279592 bytes..."
"2"," [96%] Downloaded 156312360 bytes..."
"2"," [96%] Downloaded 156328744 bytes..."
"2"," [96%] Downloaded 156345128 bytes..."
"2"," [96%] Downloaded 156377896 bytes..."
"2"," [96%] Downloaded 156394280 bytes..."
"2"," [96%] Downloaded 156458688 bytes..."
"2"," [96%] Downloaded 156475072 bytes..."
"2"," [96%] Downloaded 156524224 bytes..."
"2"," [96%] Downloaded 156589760 bytes..."
"2"," [96%] Downloaded 156654168 bytes..."
"2"," [96%] Downloaded 156686936 bytes..."
"2"," [96%] Downloaded 156719704 bytes..."
"2"," [96%] Downloaded 156785240 bytes..."
"2"," [96%] Downloaded 156818008 bytes..."
"2"," [96%] Downloaded 156849648 bytes..."
"2"," [96%] Downloaded 156898800 bytes..."
"2"," [96%] Downloaded 156915184 bytes..."
"2"," [96%] Downloaded 156964336 bytes..."
"2"," [96%] Downloaded 156980720 bytes..."
"2"," [96%] Downloaded 157045128 bytes..."
"2"," [96%] Downloaded 157094280 bytes..."
"2"," [96%] Downloaded 157110664 bytes..."
"2"," [96%] Downloaded 157176200 bytes..."
"2"," [96%] Downloaded 157224224 bytes..."
"2"," [96%] Downloaded 157240608 bytes..."
"2"," [96%] Downloaded 157289760 bytes..."
"2"," [96%] Downloaded 157306144 bytes..."
"2"," [96%] Downloaded 157371680 bytes..."
"2"," [96%] Downloaded 157419704 bytes..."
"2"," [96%] Downloaded 157436088 bytes..."
"2"," [96%] Downloaded 157468856 bytes..."
"2"," [96%] Downloaded 157485240 bytes..."
"2"," [96%] Downloaded 157501624 bytes..."
"2"," [96%] Downloaded 157550776 bytes..."
"2"," [96%] Downloaded 157615184 bytes..."
"2"," [96%] Downloaded 157664336 bytes..."
"2"," [96%] Downloaded 157680720 bytes..."
"2"," [96%] Downloaded 157746256 bytes..."
"2"," [97%] Downloaded 157810664 bytes..."
"2"," [97%] Downloaded 157876200 bytes..."
"2"," [97%] Downloaded 157925352 bytes..."
"2"," [97%] Downloaded 157941736 bytes..."
"2"," [97%] Downloaded 158006144 bytes..."
"2"," [97%] Downloaded 158071680 bytes..."
"2"," [97%] Downloaded 158120832 bytes..."
"2"," [97%] Downloaded 158137216 bytes..."
"2"," [97%] Downloaded 158186368 bytes..."
"2"," [97%] Downloaded 158201624 bytes..."
"2"," [97%] Downloaded 158267160 bytes..."
"2"," [97%] Downloaded 158332696 bytes..."
"2"," [97%] Downloaded 158381848 bytes..."
"2"," [97%] Downloaded 158397104 bytes..."
"2"," [97%] Downloaded 158462640 bytes..."
"2"," [97%] Downloaded 158495408 bytes..."
"2"," [97%] Downloaded 158528176 bytes..."
"2"," [97%] Downloaded 158592584 bytes..."
"2"," [97%] Downloaded 158625352 bytes..."
"2"," [97%] Downloaded 158641736 bytes..."
"2"," [97%] Downloaded 158658120 bytes..."
"2"," [97%] Downloaded 158690888 bytes..."
"2"," [97%] Downloaded 158707272 bytes..."
"2"," [97%] Downloaded 158772808 bytes..."
"2"," [97%] Downloaded 158788064 bytes..."
"2"," [97%] Downloaded 158820832 bytes..."
"2"," [97%] Downloaded 158837216 bytes..."
"2"," [97%] Downloaded 158902752 bytes..."
"2"," [97%] Downloaded 158951904 bytes..."
"2"," [97%] Downloaded 158968288 bytes..."
"2"," [97%] Downloaded 159016312 bytes..."
"2"," [97%] Downloaded 159032696 bytes..."
"2"," [97%] Downloaded 159098232 bytes..."
"2"," [97%] Downloaded 159131000 bytes..."
"2"," [97%] Downloaded 159163768 bytes..."
"2"," [97%] Downloaded 159228176 bytes..."
"2"," [97%] Downloaded 159244560 bytes..."
"2"," [97%] Downloaded 159293712 bytes..."
"2"," [97%] Downloaded 159342864 bytes..."
"2"," [97%] Downloaded 159359248 bytes..."
"2"," [97%] Downloaded 159390888 bytes..."
"2"," [98%] Downloaded 159423656 bytes..."
"2"," [98%] Downloaded 159472808 bytes..."
"2"," [98%] Downloaded 159489192 bytes..."
"2"," [98%] Downloaded 159554728 bytes..."
"2"," [98%] Downloaded 159619136 bytes..."
"2"," [98%] Downloaded 159684672 bytes..."
"2"," [98%] Downloaded 159733824 bytes..."
"2"," [98%] Downloaded 159750208 bytes..."
"2"," [98%] Downloaded 159781848 bytes..."
"2"," [98%] Downloaded 159814616 bytes..."
"2"," [98%] Downloaded 159863768 bytes..."
"2"," [98%] Downloaded 159880152 bytes..."
"2"," [98%] Downloaded 159945688 bytes..."
"2"," [98%] Downloaded 159993712 bytes..."
"2"," [98%] Downloaded 160010096 bytes..."
"2"," [98%] Downloaded 160059248 bytes..."
"2"," [98%] Downloaded 160221960 bytes..."
"2"," [98%] Downloaded 160238344 bytes..."
"2"," [98%] Downloaded 160287496 bytes..."
"2"," [98%] Downloaded 160303880 bytes..."
"2"," [98%] Downloaded 160351904 bytes..."
"2"," [98%] Downloaded 160368288 bytes..."
"2"," [98%] Downloaded 160417440 bytes..."
"2"," [98%] Downloaded 160433824 bytes..."
"2"," [98%] Downloaded 160482976 bytes..."
"2"," [98%] Downloaded 160499360 bytes..."
"2"," [98%] Downloaded 160563768 bytes..."
"2"," [98%] Downloaded 160629304 bytes..."
"2"," [98%] Downloaded 160694840 bytes..."
"2"," [98%] Downloaded 160759248 bytes..."
"2"," [98%] Downloaded 160824784 bytes..."
"2"," [98%] Downloaded 160857552 bytes..."
"2"," [98%] Downloaded 160890320 bytes..."
"2"," [98%] Downloaded 160954728 bytes..."
"2"," [98%] Downloaded 161020264 bytes..."
"2"," [99%] Downloaded 161085800 bytes..."
"2"," [99%] Downloaded 161133824 bytes..."
"2"," [99%] Downloaded 161150208 bytes..."
"2"," [99%] Downloaded 161215744 bytes..."
"2"," [99%] Downloaded 161248512 bytes..."
"2"," [99%] Downloaded 161264896 bytes..."
"2"," [99%] Downloaded 161281280 bytes..."
"2"," [99%] Downloaded 161345688 bytes..."
"2"," [99%] Downloaded 161378456 bytes..."
"2"," [99%] Downloaded 161394840 bytes..."
"2"," [99%] Downloaded 161411224 bytes..."
"2"," [99%] Downloaded 161460376 bytes..."
"2"," [99%] Downloaded 161476760 bytes..."
"2"," [99%] Downloaded 161524784 bytes..."
"2"," [99%] Downloaded 161541168 bytes..."
"2"," [99%] Downloaded 161573936 bytes..."
"2"," [99%] Downloaded 161590320 bytes..."
"2"," [99%] Downloaded 161655856 bytes..."
"2"," [99%] Downloaded 161688624 bytes..."
"2"," [99%] Downloaded 161720264 bytes..."
"2"," [99%] Downloaded 161753032 bytes..."
"2"," [99%] Downloaded 161785800 bytes..."
"2"," [99%] Downloaded 161818568 bytes..."
"2"," [99%] Downloaded 161851336 bytes..."
"2"," [99%] Downloaded 161884104 bytes..."
"2"," [99%] Downloaded 161915744 bytes..."
"2"," [99%] Downloaded 161948512 bytes..."
"2"," [99%] Downloaded 161981280 bytes..."
"2"," [99%] Downloaded 162046816 bytes..."
"2"," [99%] Downloaded 162111224 bytes..."
"2"," [99%] Downloaded 162176760 bytes..."
"2"," [99%] Downloaded 162242296 bytes..."
"2"," [99%] Downloaded 162306704 bytes..."
"2"," [99%] Downloaded 162355856 bytes..."
"2"," [99%] Downloaded 162372240 bytes..."
"2"," [99%] Downloaded 162421392 bytes..."
"2"," [99%] Downloaded 162437776 bytes..."
"2"," [99%] Downloaded 162470544 bytes..."
"2"," [99%] Downloaded 162502184 bytes..."
"2"," [99%] Downloaded 162534952 bytes..."
"2"," [99%] Downloaded 162567720 bytes..."
"2"," [99%] Downloaded 162616872 bytes..."
"2"," [99%] Downloaded 162633256 bytes..."
"2"," [100%] Downloaded 162662118 bytes..."
"2","
"
"2"," [0%] Downloaded 50857 bytes..."
"2"," [1%] Downloaded 116017 bytes..."
"2"," [1%] Downloaded 164793 bytes..."
"2"," [1%] Downloaded 181177 bytes..."
"2"," [2%] Downloaded 246337 bytes..."
"2"," [2%] Downloaded 311497 bytes..."
"2"," [3%] Downloaded 344265 bytes..."
"2"," [3%] Downloaded 377033 bytes..."
"2"," [4%] Downloaded 442569 bytes..."
"2"," [4%] Downloaded 475337 bytes..."
"2"," [4%] Downloaded 506977 bytes..."
"2"," [5%] Downloaded 572513 bytes..."
"2"," [5%] Downloaded 638049 bytes..."
"2"," [6%] Downloaded 670817 bytes..."
"2"," [6%] Downloaded 702457 bytes..."
"2"," [6%] Downloaded 767993 bytes..."
"2"," [7%] Downloaded 833529 bytes..."
"2"," [8%] Downloaded 897937 bytes..."
"2"," [8%] Downloaded 963473 bytes..."
"2"," [9%] Downloaded 1029009 bytes..."
"2"," [9%] Downloaded 1093417 bytes..."
"2"," [10%] Downloaded 1126185 bytes..."
"2"," [10%] Downloaded 1142569 bytes..."
"2"," [10%] Downloaded 1158953 bytes..."
"2"," [10%] Downloaded 1191721 bytes..."
"2"," [10%] Downloaded 1208105 bytes..."
"2"," [11%] Downloaded 1224489 bytes..."
"2"," [11%] Downloaded 1257257 bytes..."
"2"," [11%] Downloaded 1272513 bytes..."
"2"," [11%] Downloaded 1288897 bytes..."
"2"," [12%] Downloaded 1321665 bytes..."
"2"," [12%] Downloaded 1338049 bytes..."
"2"," [12%] Downloaded 1354433 bytes..."
"2"," [12%] Downloaded 1403585 bytes..."
"2"," [13%] Downloaded 1467993 bytes..."
"2"," [13%] Downloaded 1500761 bytes..."
"2"," [13%] Downloaded 1533529 bytes..."
"2"," [14%] Downloaded 1599065 bytes..."
"2"," [15%] Downloaded 1663473 bytes..."
"2"," [15%] Downloaded 1679857 bytes..."
"2"," [15%] Downloaded 1729009 bytes..."
"2"," [15%] Downloaded 1761777 bytes..."
"2"," [16%] Downloaded 1794545 bytes..."
"2"," [16%] Downloaded 1827313 bytes..."
"2"," [16%] Downloaded 1858953 bytes..."
"2"," [17%] Downloaded 1908105 bytes..."
"2"," [17%] Downloaded 1924489 bytes..."
"2"," [18%] Downloaded 1990025 bytes..."
"2"," [18%] Downloaded 2054433 bytes..."
"2"," [18%] Downloaded 2087201 bytes..."
"2"," [19%] Downloaded 2119969 bytes..."
"2"," [19%] Downloaded 2185505 bytes..."
"2"," [20%] Downloaded 2234657 bytes..."
"2"," [20%] Downloaded 2249913 bytes..."
"2"," [20%] Downloaded 2282681 bytes..."
"2"," [21%] Downloaded 2315449 bytes..."
"2"," [21%] Downloaded 2348217 bytes..."
"2"," [21%] Downloaded 2364601 bytes..."
"2"," [21%] Downloaded 2380985 bytes..."
"2"," [22%] Downloaded 2430137 bytes..."
"2"," [22%] Downloaded 2445393 bytes..."
"2"," [22%] Downloaded 2494545 bytes..."
"2"," [22%] Downloaded 2510929 bytes..."
"2"," [23%] Downloaded 2543697 bytes..."
"2"," [23%] Downloaded 2560081 bytes..."
"2"," [23%] Downloaded 2625617 bytes..."
"2"," [23%] Downloaded 2640873 bytes..."
"2"," [24%] Downloaded 2673641 bytes..."
"2"," [24%] Downloaded 2690025 bytes..."
"2"," [25%] Downloaded 2755561 bytes..."
"2"," [25%] Downloaded 2821097 bytes..."
"2"," [26%] Downloaded 2869121 bytes..."
"2"," [26%] Downloaded 2885505 bytes..."
"2"," [26%] Downloaded 2918273 bytes..."
"2"," [26%] Downloaded 2951041 bytes..."
"2"," [27%] Downloaded 3016577 bytes..."
"2"," [27%] Downloaded 3080985 bytes..."
"2"," [28%] Downloaded 3130137 bytes..."
"2"," [28%] Downloaded 3146521 bytes..."
"2"," [29%] Downloaded 3212057 bytes..."
"2"," [29%] Downloaded 3260081 bytes..."
"2"," [29%] Downloaded 3276465 bytes..."
"2"," [30%] Downloaded 3325617 bytes..."
"2"," [30%] Downloaded 3342001 bytes..."
"2"," [30%] Downloaded 3407537 bytes..."
"2"," [31%] Downloaded 3471225 bytes..."
"2"," [32%] Downloaded 3536761 bytes..."
"2"," [32%] Downloaded 3602297 bytes..."
"2"," [33%] Downloaded 3666705 bytes..."
"2"," [33%] Downloaded 3715857 bytes..."
"2"," [33%] Downloaded 3732241 bytes..."
"2"," [34%] Downloaded 3781393 bytes..."
"2"," [34%] Downloaded 3797777 bytes..."
"2"," [34%] Downloaded 3845801 bytes..."
"2"," [35%] Downloaded 3862185 bytes..."
"2"," [35%] Downloaded 3894953 bytes..."
"2"," [35%] Downloaded 3911337 bytes..."
"2"," [35%] Downloaded 3927721 bytes..."
"2"," [35%] Downloaded 3944105 bytes..."
"2"," [36%] Downloaded 3976873 bytes..."
"2"," [36%] Downloaded 4024897 bytes..."
"2"," [36%] Downloaded 4041281 bytes..."
"2"," [37%] Downloaded 4106817 bytes..."
"2"," [37%] Downloaded 4155969 bytes..."
"2"," [37%] Downloaded 4172353 bytes..."
"2"," [38%] Downloaded 4203993 bytes..."
"2"," [38%] Downloaded 4236761 bytes..."
"2"," [38%] Downloaded 4285913 bytes..."
"2"," [39%] Downloaded 4367833 bytes..."
"2"," [40%] Downloaded 4415857 bytes..."
"2"," [40%] Downloaded 4432241 bytes..."
"2"," [41%] Downloaded 4579697 bytes..."
"2"," [41%] Downloaded 4611337 bytes..."
"2"," [42%] Downloaded 4644105 bytes..."
"2"," [42%] Downloaded 4676873 bytes..."
"2"," [42%] Downloaded 4709641 bytes..."
"2"," [43%] Downloaded 4742409 bytes..."
"2"," [43%] Downloaded 4775177 bytes..."
"2"," [43%] Downloaded 4806817 bytes..."
"2"," [43%] Downloaded 4839585 bytes..."
"2"," [44%] Downloaded 4872353 bytes..."
"2"," [44%] Downloaded 4905121 bytes..."
"2"," [44%] Downloaded 4937889 bytes..."
"2"," [45%] Downloaded 4970657 bytes..."
"2"," [45%] Downloaded 5002297 bytes..."
"2"," [45%] Downloaded 5035065 bytes..."
"2"," [46%] Downloaded 5067833 bytes..."
"2"," [46%] Downloaded 5100601 bytes..."
"2"," [46%] Downloaded 5116985 bytes..."
"2"," [46%] Downloaded 5133369 bytes..."
"2"," [46%] Downloaded 5166137 bytes..."
"2"," [47%] Downloaded 5197777 bytes..."
"2"," [47%] Downloaded 5230545 bytes..."
"2"," [47%] Downloaded 5263313 bytes..."
"2"," [48%] Downloaded 5296081 bytes..."
"2"," [48%] Downloaded 5328849 bytes..."
"2"," [48%] Downloaded 5361617 bytes..."
"2"," [48%] Downloaded 5393257 bytes..."
"2"," [49%] Downloaded 5426025 bytes..."
"2"," [49%] Downloaded 5442409 bytes..."
"2"," [49%] Downloaded 5458793 bytes..."
"2"," [49%] Downloaded 5491561 bytes..."
"2"," [50%] Downloaded 5507945 bytes..."
"2"," [50%] Downloaded 5557097 bytes..."
"2"," [50%] Downloaded 5572353 bytes..."
"2"," [51%] Downloaded 5621505 bytes..."
"2"," [51%] Downloaded 5637889 bytes..."
"2"," [51%] Downloaded 5687041 bytes..."
"2"," [51%] Downloaded 5703425 bytes..."
"2"," [52%] Downloaded 5752577 bytes..."
"2"," [52%] Downloaded 5767833 bytes..."
"2"," [52%] Downloaded 5816985 bytes..."
"2"," [52%] Downloaded 5833369 bytes..."
"2"," [53%] Downloaded 5882521 bytes..."
"2"," [53%] Downloaded 5898905 bytes..."
"2"," [54%] Downloaded 5948057 bytes..."
"2"," [54%] Downloaded 5963313 bytes..."
"2"," [54%] Downloaded 6012465 bytes..."
"2"," [54%] Downloaded 6028849 bytes..."
"2"," [55%] Downloaded 6078001 bytes..."
"2"," [55%] Downloaded 6094385 bytes..."
"2"," [55%] Downloaded 6110769 bytes..."
"2"," [55%] Downloaded 6143537 bytes..."
"2"," [55%] Downloaded 6158793 bytes..."
"2"," [56%] Downloaded 6191561 bytes..."
"2"," [56%] Downloaded 6207945 bytes..."
"2"," [56%] Downloaded 6224329 bytes..."
"2"," [56%] Downloaded 6240713 bytes..."
"2"," [56%] Downloaded 6257097 bytes..."
"2"," [56%] Downloaded 6273481 bytes..."
"2"," [57%] Downloaded 6289865 bytes..."
"2"," [57%] Downloaded 6322633 bytes..."
"2"," [57%] Downloaded 6339017 bytes..."
"2"," [57%] Downloaded 6354273 bytes..."
"2"," [58%] Downloaded 6403425 bytes..."
"2"," [58%] Downloaded 6419809 bytes..."
"2"," [58%] Downloaded 6468961 bytes..."
"2"," [58%] Downloaded 6485345 bytes..."
"2"," [59%] Downloaded 6534497 bytes..."
"2"," [59%] Downloaded 6549753 bytes..."
"2"," [59%] Downloaded 6566137 bytes..."
"2"," [59%] Downloaded 6582521 bytes..."
"2"," [59%] Downloaded 6598905 bytes..."
"2"," [60%] Downloaded 6615289 bytes..."
"2"," [60%] Downloaded 6631673 bytes..."
"2"," [60%] Downloaded 6648057 bytes..."
"2"," [60%] Downloaded 6664441 bytes..."
"2"," [60%] Downloaded 6680825 bytes..."
"2"," [60%] Downloaded 6697209 bytes..."
"2"," [60%] Downloaded 6713593 bytes..."
"2"," [61%] Downloaded 6729977 bytes..."
"2"," [61%] Downloaded 6745233 bytes..."
"2"," [61%] Downloaded 6761617 bytes..."
"2"," [61%] Downloaded 6778001 bytes..."
"2"," [61%] Downloaded 6794385 bytes..."
"2"," [61%] Downloaded 6810769 bytes..."
"2"," [61%] Downloaded 6827153 bytes..."
"2"," [62%] Downloaded 6843537 bytes..."
"2"," [62%] Downloaded 6859921 bytes..."
"2"," [62%] Downloaded 6892689 bytes..."
"2"," [62%] Downloaded 6909073 bytes..."
"2"," [62%] Downloaded 6925457 bytes..."
"2"," [63%] Downloaded 6957097 bytes..."
"2"," [63%] Downloaded 6973481 bytes..."
"2"," [63%] Downloaded 6989865 bytes..."
"2"," [63%] Downloaded 7022633 bytes..."
"2"," [63%] Downloaded 7039017 bytes..."
"2"," [64%] Downloaded 7055401 bytes..."
"2"," [64%] Downloaded 7088169 bytes..."
"2"," [64%] Downloaded 7104553 bytes..."
"2"," [64%] Downloaded 7120937 bytes..."
"2"," [64%] Downloaded 7136193 bytes..."
"2"," [65%] Downloaded 7168961 bytes..."
"2"," [65%] Downloaded 7185345 bytes..."
"2"," [65%] Downloaded 7201729 bytes..."
"2"," [65%] Downloaded 7234497 bytes..."
"2"," [65%] Downloaded 7250881 bytes..."
"2"," [65%] Downloaded 7267265 bytes..."
"2"," [66%] Downloaded 7300033 bytes..."
"2"," [66%] Downloaded 7316417 bytes..."
"2"," [66%] Downloaded 7331673 bytes..."
"2"," [66%] Downloaded 7364441 bytes..."
"2"," [67%] Downloaded 7380825 bytes..."
"2"," [67%] Downloaded 7397209 bytes..."
"2"," [67%] Downloaded 7413593 bytes..."
"2"," [67%] Downloaded 7429977 bytes..."
"2"," [67%] Downloaded 7446361 bytes..."
"2"," [67%] Downloaded 7462745 bytes..."
"2"," [67%] Downloaded 7479129 bytes..."
"2"," [68%] Downloaded 7495513 bytes..."
"2"," [68%] Downloaded 7511897 bytes..."
"2"," [68%] Downloaded 7527153 bytes..."
"2"," [68%] Downloaded 7543537 bytes..."
"2"," [68%] Downloaded 7559921 bytes..."
"2"," [68%] Downloaded 7576305 bytes..."
"2"," [68%] Downloaded 7592689 bytes..."
"2"," [69%] Downloaded 7609073 bytes..."
"2"," [69%] Downloaded 7625457 bytes..."
"2"," [69%] Downloaded 7641841 bytes..."
"2"," [69%] Downloaded 7658225 bytes..."
"2"," [69%] Downloaded 7674609 bytes..."
"2"," [69%] Downloaded 7690993 bytes..."
"2"," [70%] Downloaded 7722633 bytes..."
"2"," [70%] Downloaded 7739017 bytes..."
"2"," [70%] Downloaded 7755401 bytes..."
"2"," [70%] Downloaded 7771785 bytes..."
"2"," [70%] Downloaded 7788169 bytes..."
"2"," [70%] Downloaded 7804553 bytes..."
"2"," [71%] Downloaded 7820937 bytes..."
"2"," [71%] Downloaded 7837321 bytes..."
"2"," [71%] Downloaded 7853705 bytes..."
"2"," [71%] Downloaded 7878025 bytes..."
"2"," [71%] Downloaded 7894409 bytes..."
"2"," [71%] Downloaded 7910793 bytes..."
"2"," [72%] Downloaded 7943561 bytes..."
"2"," [72%] Downloaded 7959945 bytes..."
"2"," [72%] Downloaded 7976329 bytes..."
"2"," [72%] Downloaded 7992713 bytes..."
"2"," [72%] Downloaded 8009097 bytes..."
"2"," [72%] Downloaded 8025481 bytes..."
"2"," [73%] Downloaded 8041865 bytes..."
"2"," [73%] Downloaded 8057121 bytes..."
"2"," [73%] Downloaded 8073505 bytes..."
"2"," [73%] Downloaded 8089889 bytes..."
"2"," [73%] Downloaded 8106273 bytes..."
"2"," [73%] Downloaded 8122657 bytes..."
"2"," [73%] Downloaded 8139041 bytes..."
"2"," [74%] Downloaded 8155425 bytes..."
"2"," [74%] Downloaded 8171809 bytes..."
"2"," [74%] Downloaded 8188193 bytes..."
"2"," [74%] Downloaded 8204577 bytes..."
"2"," [74%] Downloaded 8237345 bytes..."
"2"," [74%] Downloaded 8252601 bytes..."
"2"," [75%] Downloaded 8268985 bytes..."
"2"," [75%] Downloaded 8301753 bytes..."
"2"," [75%] Downloaded 8318137 bytes..."
"2"," [75%] Downloaded 8334521 bytes..."
"2"," [75%] Downloaded 8367289 bytes..."
"2"," [76%] Downloaded 8383673 bytes..."
"2"," [76%] Downloaded 8400057 bytes..."
"2"," [76%] Downloaded 8432825 bytes..."
"2"," [76%] Downloaded 8448081 bytes..."
"2"," [76%] Downloaded 8464465 bytes..."
"2"," [77%] Downloaded 8497233 bytes..."
"2"," [77%] Downloaded 8513617 bytes..."
"2"," [77%] Downloaded 8530001 bytes..."
"2"," [77%] Downloaded 8562769 bytes..."
"2"," [77%] Downloaded 8579153 bytes..."
"2"," [78%] Downloaded 8595537 bytes..."
"2"," [78%] Downloaded 8611921 bytes..."
"2"," [78%] Downloaded 8643561 bytes..."
"2"," [78%] Downloaded 8659945 bytes..."
"2"," [78%] Downloaded 8676329 bytes..."
"2"," [79%] Downloaded 8709097 bytes..."
"2"," [79%] Downloaded 8725481 bytes..."
"2"," [79%] Downloaded 8741865 bytes..."
"2"," [79%] Downloaded 8791017 bytes..."
"2"," [79%] Downloaded 8807401 bytes..."
"2"," [80%] Downloaded 8855425 bytes..."
"2"," [80%] Downloaded 8871809 bytes..."
"2"," [80%] Downloaded 8920961 bytes..."
"2"," [81%] Downloaded 8937345 bytes..."
"2"," [81%] Downloaded 8986497 bytes..."
"2"," [81%] Downloaded 9002881 bytes..."
"2"," [82%] Downloaded 9050905 bytes..."
"2"," [82%] Downloaded 9067289 bytes..."
"2"," [82%] Downloaded 9116441 bytes..."
"2"," [82%] Downloaded 9132825 bytes..."
"2"," [83%] Downloaded 9181977 bytes..."
"2"," [83%] Downloaded 9198361 bytes..."
"2"," [83%] Downloaded 9246385 bytes..."
"2"," [84%] Downloaded 9262769 bytes..."
"2"," [84%] Downloaded 9311921 bytes..."
"2"," [84%] Downloaded 9328305 bytes..."
"2"," [85%] Downloaded 9377457 bytes..."
"2"," [85%] Downloaded 9393841 bytes..."
"2"," [85%] Downloaded 9441865 bytes..."
"2"," [85%] Downloaded 9458249 bytes..."
"2"," [86%] Downloaded 9491017 bytes..."
"2"," [86%] Downloaded 9507401 bytes..."
"2"," [86%] Downloaded 9523785 bytes..."
"2"," [86%] Downloaded 9556553 bytes..."
"2"," [87%] Downloaded 9589321 bytes..."
"2"," [87%] Downloaded 9620961 bytes..."
"2"," [87%] Downloaded 9653729 bytes..."
"2"," [87%] Downloaded 9686497 bytes..."
"2"," [88%] Downloaded 9719265 bytes..."
"2"," [88%] Downloaded 9752033 bytes..."
"2"," [88%] Downloaded 9768417 bytes..."
"2"," [88%] Downloaded 9784801 bytes..."
"2"," [89%] Downloaded 9816441 bytes..."
"2"," [89%] Downloaded 9849209 bytes..."
"2"," [89%] Downloaded 9881977 bytes..."
"2"," [89%] Downloaded 9898361 bytes..."
"2"," [90%] Downloaded 9947513 bytes..."
"2"," [91%] Downloaded 10028305 bytes..."
"2"," [91%] Downloaded 10077457 bytes..."
"2"," [91%] Downloaded 10093841 bytes..."
"2"," [91%] Downloaded 10110225 bytes..."
"2"," [92%] Downloaded 10240169 bytes..."
"2"," [94%] Downloaded 10354857 bytes..."
"2"," [94%] Downloaded 10371241 bytes..."
"2"," [94%] Downloaded 10387625 bytes..."
"2"," [94%] Downloaded 10419265 bytes..."
"2"," [94%] Downloaded 10435649 bytes..."
"2"," [94%] Downloaded 10452033 bytes..."
"2"," [95%] Downloaded 10484801 bytes..."
"2"," [95%] Downloaded 10501185 bytes..."
"2"," [95%] Downloaded 10517569 bytes..."
"2"," [95%] Downloaded 10533953 bytes..."
"2"," [95%] Downloaded 10550337 bytes..."
"2"," [96%] Downloaded 10583105 bytes..."
"2"," [96%] Downloaded 10614745 bytes..."
"2"," [96%] Downloaded 10647513 bytes..."
"2"," [96%] Downloaded 10680281 bytes..."
"2"," [97%] Downloaded 10713049 bytes..."
"2"," [97%] Downloaded 10745817 bytes..."
"2"," [97%] Downloaded 10778585 bytes..."
"2"," [98%] Downloaded 10810225 bytes..."
"2"," [98%] Downloaded 10842993 bytes..."
"2"," [98%] Downloaded 10875761 bytes..."
"2"," [98%] Downloaded 10892145 bytes..."
"2"," [99%] Downloaded 10908529 bytes..."
"2"," [99%] Downloaded 10941297 bytes..."
"2"," [99%] Downloaded 10957681 bytes..."
"2"," [100%] Downloaded 11013873 bytes..."
"2","
"
"2"," [0%] Downloaded 60001 bytes..."
"2"," [0%] Downloaded 98641 bytes..."
"2"," [0%] Downloaded 115025 bytes..."
"2"," [1%] Downloaded 180185 bytes..."
"2"," [2%] Downloaded 310505 bytes..."
"2"," [2%] Downloaded 343273 bytes..."
"2"," [3%] Downloaded 392425 bytes..."
"2"," [3%] Downloaded 408809 bytes..."
"2"," [3%] Downloaded 457961 bytes..."
"2"," [4%] Downloaded 473217 bytes..."
"2"," [4%] Downloaded 538753 bytes..."
"2"," [5%] Downloaded 604289 bytes..."
"2"," [5%] Downloaded 666257 bytes..."
"2"," [6%] Downloaded 731793 bytes..."
"2"," [6%] Downloaded 797329 bytes..."
"2"," [7%] Downloaded 845353 bytes..."
"2"," [7%] Downloaded 861737 bytes..."
"2"," [7%] Downloaded 927273 bytes..."
"2"," [8%] Downloaded 960041 bytes..."
"2"," [8%] Downloaded 976425 bytes..."
"2"," [8%] Downloaded 992809 bytes..."
"2"," [8%] Downloaded 1040833 bytes..."
"2"," [9%] Downloaded 1057217 bytes..."
"2"," [9%] Downloaded 1089985 bytes..."
"2"," [9%] Downloaded 1106369 bytes..."
"2"," [9%] Downloaded 1122753 bytes..."
"2"," [10%] Downloaded 1171905 bytes..."
"2"," [10%] Downloaded 1221057 bytes..."
"2"," [10%] Downloaded 1236313 bytes..."
"2"," [10%] Downloaded 1252697 bytes..."
"2"," [11%] Downloaded 1285465 bytes..."
"2"," [11%] Downloaded 1301849 bytes..."
"2"," [11%] Downloaded 1351001 bytes..."
"2"," [11%] Downloaded 1367385 bytes..."
"2"," [12%] Downloaded 1431793 bytes..."
"2"," [12%] Downloaded 1497329 bytes..."
"2"," [13%] Downloaded 1562865 bytes..."
"2"," [14%] Downloaded 1627273 bytes..."
"2"," [14%] Downloaded 1692809 bytes..."
"2"," [15%] Downloaded 1758345 bytes..."
"2"," [15%] Downloaded 1822753 bytes..."
"2"," [16%] Downloaded 1871905 bytes..."
"2"," [16%] Downloaded 1888289 bytes..."
"2"," [16%] Downloaded 1953825 bytes..."
"2"," [17%] Downloaded 2018233 bytes..."
"2"," [17%] Downloaded 2067385 bytes..."
"2"," [17%] Downloaded 2083769 bytes..."
"2"," [18%] Downloaded 2149305 bytes..."
"2"," [19%] Downloaded 2213713 bytes..."
"2"," [19%] Downloaded 2262865 bytes..."
"2"," [19%] Downloaded 2279249 bytes..."
"2"," [19%] Downloaded 2312017 bytes..."
"2"," [20%] Downloaded 2328401 bytes..."
"2"," [20%] Downloaded 2344785 bytes..."
"2"," [20%] Downloaded 2377553 bytes..."
"2"," [20%] Downloaded 2409193 bytes..."
"2"," [21%] Downloaded 2441961 bytes..."
"2"," [21%] Downloaded 2458345 bytes..."
"2"," [21%] Downloaded 2474729 bytes..."
"2"," [21%] Downloaded 2507497 bytes..."
"2"," [21%] Downloaded 2523881 bytes..."
"2"," [21%] Downloaded 2540265 bytes..."
"2"," [22%] Downloaded 2573033 bytes..."
"2"," [22%] Downloaded 2589417 bytes..."
"2"," [22%] Downloaded 2604673 bytes..."
"2"," [22%] Downloaded 2637441 bytes..."
"2"," [22%] Downloaded 2653825 bytes..."
"2"," [23%] Downloaded 2719361 bytes..."
"2"," [23%] Downloaded 2768513 bytes..."
"2"," [24%] Downloaded 2784897 bytes..."
"2"," [24%] Downloaded 2832921 bytes..."
"2"," [24%] Downloaded 2849305 bytes..."
"2"," [25%] Downloaded 2914841 bytes..."
"2"," [25%] Downloaded 2963993 bytes..."
"2"," [25%] Downloaded 2980377 bytes..."
"2"," [26%] Downloaded 3044785 bytes..."
"2"," [26%] Downloaded 3093937 bytes..."
"2"," [26%] Downloaded 3110321 bytes..."
"2"," [27%] Downloaded 3159473 bytes..."
"2"," [27%] Downloaded 3175857 bytes..."
"2"," [27%] Downloaded 3223881 bytes..."
"2"," [27%] Downloaded 3240265 bytes..."
"2"," [28%] Downloaded 3273033 bytes..."
"2"," [28%] Downloaded 3305801 bytes..."
"2"," [29%] Downloaded 3371337 bytes..."
"2"," [29%] Downloaded 3435745 bytes..."
"2"," [30%] Downloaded 3484897 bytes..."
"2"," [30%] Downloaded 3501281 bytes..."
"2"," [30%] Downloaded 3534049 bytes..."
"2"," [30%] Downloaded 3566817 bytes..."
"2"," [31%] Downloaded 3614841 bytes..."
"2"," [31%] Downloaded 3631225 bytes..."
"2"," [31%] Downloaded 3663993 bytes..."
"2"," [31%] Downloaded 3680377 bytes..."
"2"," [31%] Downloaded 3696761 bytes..."
"2"," [32%] Downloaded 3729529 bytes..."
"2"," [32%] Downloaded 3745913 bytes..."
"2"," [32%] Downloaded 3793937 bytes..."
"2"," [32%] Downloaded 3810321 bytes..."
"2"," [33%] Downloaded 3826705 bytes..."
"2"," [33%] Downloaded 3843089 bytes..."
"2"," [33%] Downloaded 3875857 bytes..."
"2"," [33%] Downloaded 3941393 bytes..."
"2"," [34%] Downloaded 3989417 bytes..."
"2"," [34%] Downloaded 4005801 bytes..."
"2"," [34%] Downloaded 4054953 bytes..."
"2"," [35%] Downloaded 4071337 bytes..."
"2"," [35%] Downloaded 4136873 bytes..."
"2"," [36%] Downloaded 4201281 bytes..."
"2"," [36%] Downloaded 4266817 bytes..."
"2"," [37%] Downloaded 4332353 bytes..."
"2"," [37%] Downloaded 4396761 bytes..."
"2"," [38%] Downloaded 4462297 bytes..."
"2"," [38%] Downloaded 4478681 bytes..."
"2"," [39%] Downloaded 4527833 bytes..."
"2"," [39%] Downloaded 4592241 bytes..."
"2"," [40%] Downloaded 4657777 bytes..."
"2"," [40%] Downloaded 4706929 bytes..."
"2"," [40%] Downloaded 4723313 bytes..."
"2"," [41%] Downloaded 4787721 bytes..."
"2"," [41%] Downloaded 4836873 bytes..."
"2"," [41%] Downloaded 4853257 bytes..."
"2"," [42%] Downloaded 4886025 bytes..."
"2"," [42%] Downloaded 4902409 bytes..."
"2"," [42%] Downloaded 4966817 bytes..."
"2"," [42%] Downloaded 4983201 bytes..."
"2"," [43%] Downloaded 5032353 bytes..."
"2"," [43%] Downloaded 5081505 bytes..."
"2"," [43%] Downloaded 5097889 bytes..."
"2"," [44%] Downloaded 5162297 bytes..."
"2"," [45%] Downloaded 5227833 bytes..."
"2"," [45%] Downloaded 5276985 bytes..."
"2"," [45%] Downloaded 5293369 bytes..."
"2"," [47%] Downloaded 5456081 bytes..."
"2"," [47%] Downloaded 5472465 bytes..."
"2"," [47%] Downloaded 5505233 bytes..."
"2"," [47%] Downloaded 5521617 bytes..."
"2"," [47%] Downloaded 5536873 bytes..."
"2"," [48%] Downloaded 5569641 bytes..."
"2"," [48%] Downloaded 5618793 bytes..."
"2"," [48%] Downloaded 5635177 bytes..."
"2"," [49%] Downloaded 5684329 bytes..."
"2"," [49%] Downloaded 5700713 bytes..."
"2"," [49%] Downloaded 5748737 bytes..."
"2"," [49%] Downloaded 5765121 bytes..."
"2"," [50%] Downloaded 5814273 bytes..."
"2"," [50%] Downloaded 5830657 bytes..."
"2"," [50%] Downloaded 5879809 bytes..."
"2"," [50%] Downloaded 5896193 bytes..."
"2"," [51%] Downloaded 5959689 bytes..."
"2"," [51%] Downloaded 6025225 bytes..."
"2"," [52%] Downloaded 6090761 bytes..."
"2"," [52%] Downloaded 6122401 bytes..."
"2"," [53%] Downloaded 6155169 bytes..."
"2"," [53%] Downloaded 6220705 bytes..."
"2"," [53%] Downloaded 6237089 bytes..."
"2"," [54%] Downloaded 6286241 bytes..."
"2"," [54%] Downloaded 6334265 bytes..."
"2"," [54%] Downloaded 6350649 bytes..."
"2"," [55%] Downloaded 6416185 bytes..."
"2"," [55%] Downloaded 6465337 bytes..."
"2"," [55%] Downloaded 6481721 bytes..."
"2"," [56%] Downloaded 6529745 bytes..."
"2"," [56%] Downloaded 6546129 bytes..."
"2"," [56%] Downloaded 6595281 bytes..."
"2"," [57%] Downloaded 6611665 bytes..."
"2"," [57%] Downloaded 6660817 bytes..."
"2"," [57%] Downloaded 6677201 bytes..."
"2"," [58%] Downloaded 6725225 bytes..."
"2"," [58%] Downloaded 6741609 bytes..."
"2"," [58%] Downloaded 6790761 bytes..."
"2"," [58%] Downloaded 6807145 bytes..."
"2"," [59%] Downloaded 6856297 bytes..."
"2"," [59%] Downloaded 6920705 bytes..."
"2"," [59%] Downloaded 6937089 bytes..."
"2"," [60%] Downloaded 6986241 bytes..."
"2"," [60%] Downloaded 7051777 bytes..."
"2"," [61%] Downloaded 7116185 bytes..."
"2"," [61%] Downloaded 7165337 bytes..."
"2"," [61%] Downloaded 7181721 bytes..."
"2"," [62%] Downloaded 7230873 bytes..."
"2"," [62%] Downloaded 7247257 bytes..."
"2"," [62%] Downloaded 7295281 bytes..."
"2"," [63%] Downloaded 7311665 bytes..."
"2"," [63%] Downloaded 7360817 bytes..."
"2"," [63%] Downloaded 7377201 bytes..."
"2"," [64%] Downloaded 7426353 bytes..."
"2"," [64%] Downloaded 7442737 bytes..."
"2"," [64%] Downloaded 7491097 bytes..."
"2"," [64%] Downloaded 7507481 bytes..."
"2"," [65%] Downloaded 7556633 bytes..."
"2"," [65%] Downloaded 7573017 bytes..."
"2"," [65%] Downloaded 7589401 bytes..."
"2"," [65%] Downloaded 7622169 bytes..."
"2"," [65%] Downloaded 7638553 bytes..."
"2"," [66%] Downloaded 7686577 bytes..."
"2"," [66%] Downloaded 7702961 bytes..."
"2"," [66%] Downloaded 7752113 bytes..."
"2"," [67%] Downloaded 7768497 bytes..."
"2"," [67%] Downloaded 7817649 bytes..."
"2"," [67%] Downloaded 7834033 bytes..."
"2"," [68%] Downloaded 7898441 bytes..."
"2"," [68%] Downloaded 7947593 bytes..."
"2"," [68%] Downloaded 7963977 bytes..."
"2"," [68%] Downloaded 7996745 bytes..."
"2"," [69%] Downloaded 8029513 bytes..."
"2"," [69%] Downloaded 8093921 bytes..."
"2"," [70%] Downloaded 8143073 bytes..."
"2"," [70%] Downloaded 8159457 bytes..."
"2"," [70%] Downloaded 8208609 bytes..."
"2"," [70%] Downloaded 8224993 bytes..."
"2"," [71%] Downloaded 8241377 bytes..."
"2"," [71%] Downloaded 8273017 bytes..."
"2"," [71%] Downloaded 8289401 bytes..."
"2"," [71%] Downloaded 8338553 bytes..."
"2"," [72%] Downloaded 8354937 bytes..."
"2"," [72%] Downloaded 8387705 bytes..."
"2"," [72%] Downloaded 8404089 bytes..."
"2"," [72%] Downloaded 8420473 bytes..."
"2"," [73%] Downloaded 8468497 bytes..."
"2"," [73%] Downloaded 8484881 bytes..."
"2"," [73%] Downloaded 8517649 bytes..."
"2"," [73%] Downloaded 8534033 bytes..."
"2"," [74%] Downloaded 8583185 bytes..."
"2"," [74%] Downloaded 8599569 bytes..."
"2"," [74%] Downloaded 8663977 bytes..."
"2"," [75%] Downloaded 8729513 bytes..."
"2"," [75%] Downloaded 8795049 bytes..."
"2"," [76%] Downloaded 8859457 bytes..."
"2"," [76%] Downloaded 8924993 bytes..."
"2"," [77%] Downloaded 8990529 bytes..."
"2"," [77%] Downloaded 9006913 bytes..."
"2"," [78%] Downloaded 9054937 bytes..."
"2"," [78%] Downloaded 9120473 bytes..."
"2"," [79%] Downloaded 9186009 bytes..."
"2"," [79%] Downloaded 9218777 bytes..."
"2"," [79%] Downloaded 9250417 bytes..."
"2"," [80%] Downloaded 9315953 bytes..."
"2"," [80%] Downloaded 9365105 bytes..."
"2"," [80%] Downloaded 9381489 bytes..."
"2"," [81%] Downloaded 9445897 bytes..."
"2"," [81%] Downloaded 9478665 bytes..."
"2"," [81%] Downloaded 9495049 bytes..."
"2"," [82%] Downloaded 9511433 bytes..."
"2"," [82%] Downloaded 9560585 bytes..."
"2"," [83%] Downloaded 9626121 bytes..."
"2"," [83%] Downloaded 9641377 bytes..."
"2"," [83%] Downloaded 9690529 bytes..."
"2"," [84%] Downloaded 9756065 bytes..."
"2"," [84%] Downloaded 9821601 bytes..."
"2"," [85%] Downloaded 9886009 bytes..."
"2"," [85%] Downloaded 9918777 bytes..."
"2"," [85%] Downloaded 9951545 bytes..."
"2"," [86%] Downloaded 10017081 bytes..."
"2"," [86%] Downloaded 10032337 bytes..."
"2"," [86%] Downloaded 10081489 bytes..."
"2"," [87%] Downloaded 10097873 bytes..."
"2"," [87%] Downloaded 10147025 bytes..."
"2"," [88%] Downloaded 10212561 bytes..."
"2"," [88%] Downloaded 10227817 bytes..."
"2"," [88%] Downloaded 10276969 bytes..."
"2"," [88%] Downloaded 10293353 bytes..."
"2"," [89%] Downloaded 10342505 bytes..."
"2"," [89%] Downloaded 10391657 bytes..."
"2"," [89%] Downloaded 10408041 bytes..."
"2"," [90%] Downloaded 10456065 bytes..."
"2"," [90%] Downloaded 10472449 bytes..."
"2"," [90%] Downloaded 10537985 bytes..."
"2"," [91%] Downloaded 10554369 bytes..."
"2"," [91%] Downloaded 10587137 bytes..."
"2"," [91%] Downloaded 10603521 bytes..."
"2"," [91%] Downloaded 10635161 bytes..."
"2"," [92%] Downloaded 10667929 bytes..."
"2"," [92%] Downloaded 10684313 bytes..."
"2"," [92%] Downloaded 10717081 bytes..."
"2"," [92%] Downloaded 10733465 bytes..."
"2"," [92%] Downloaded 10766233 bytes..."
"2"," [93%] Downloaded 10782617 bytes..."
"2"," [93%] Downloaded 10799001 bytes..."
"2"," [93%] Downloaded 10830641 bytes..."
"2"," [93%] Downloaded 10847025 bytes..."
"2"," [93%] Downloaded 10896177 bytes..."
"2"," [94%] Downloaded 10912561 bytes..."
"2"," [94%] Downloaded 10961713 bytes..."
"2"," [94%] Downloaded 10978097 bytes..."
"2"," [95%] Downloaded 11026496 bytes..."
"2"," [95%] Downloaded 11042880 bytes..."
"2"," [95%] Downloaded 11092032 bytes..."
"2"," [95%] Downloaded 11108416 bytes..."
"2"," [96%] Downloaded 11157568 bytes..."
"2"," [96%] Downloaded 11173952 bytes..."
"2"," [96%] Downloaded 11221976 bytes..."
"2"," [96%] Downloaded 11238360 bytes..."
"2"," [97%] Downloaded 11303896 bytes..."
"2"," [97%] Downloaded 11353048 bytes..."
"2"," [98%] Downloaded 11369432 bytes..."
"2"," [98%] Downloaded 11433840 bytes..."
"2"," [99%] Downloaded 11499376 bytes..."
"2"," [99%] Downloaded 11548528 bytes..."
"2"," [99%] Downloaded 11564912 bytes..."
"2"," [100%] Downloaded 11592696 bytes..."
"2","
"
"2"," [0%] Downloaded 62897 bytes..."
"2"," [0%] Downloaded 64881 bytes..."
"2"," [0%] Downloaded 97649 bytes..."
"2"," [0%] Downloaded 114033 bytes..."
"2"," [0%] Downloaded 130041 bytes..."
"2"," [0%] Downloaded 162809 bytes..."
"2"," [0%] Downloaded 195201 bytes..."
"2"," [0%] Downloaded 227969 bytes..."
"2"," [1%] Downloaded 260361 bytes..."
"2"," [1%] Downloaded 309513 bytes..."
"2"," [1%] Downloaded 325897 bytes..."
"2"," [1%] Downloaded 342281 bytes..."
"2"," [1%] Downloaded 375049 bytes..."
"2"," [1%] Downloaded 440585 bytes..."
"2"," [1%] Downloaded 488609 bytes..."
"2"," [1%] Downloaded 504993 bytes..."
"2"," [2%] Downloaded 570529 bytes..."
"2"," [2%] Downloaded 619681 bytes..."
"2"," [2%] Downloaded 636065 bytes..."
"2"," [2%] Downloaded 684089 bytes..."
"2"," [2%] Downloaded 700473 bytes..."
"2"," [2%] Downloaded 749625 bytes..."
"2"," [3%] Downloaded 766009 bytes..."
"2"," [3%] Downloaded 782393 bytes..."
"2"," [3%] Downloaded 815161 bytes..."
"2"," [3%] Downloaded 831545 bytes..."
"2"," [3%] Downloaded 879569 bytes..."
"2"," [3%] Downloaded 895953 bytes..."
"2"," [3%] Downloaded 961489 bytes..."
"2"," [3%] Downloaded 977873 bytes..."
"2"," [4%] Downloaded 1027025 bytes..."
"2"," [4%] Downloaded 1075049 bytes..."
"2"," [4%] Downloaded 1091433 bytes..."
"2"," [4%] Downloaded 1156969 bytes..."
"2"," [4%] Downloaded 1189737 bytes..."
"2"," [4%] Downloaded 1222505 bytes..."
"2"," [4%] Downloaded 1237761 bytes..."
"2"," [5%] Downloaded 1286913 bytes..."
"2"," [5%] Downloaded 1352449 bytes..."
"2"," [5%] Downloaded 1385217 bytes..."
"2"," [5%] Downloaded 1417985 bytes..."
"2"," [5%] Downloaded 1466009 bytes..."
"2"," [5%] Downloaded 1482393 bytes..."
"2"," [6%] Downloaded 1531545 bytes..."
"2"," [6%] Downloaded 1547929 bytes..."
"2"," [6%] Downloaded 1597081 bytes..."
"2"," [6%] Downloaded 1613465 bytes..."
"2"," [6%] Downloaded 1661489 bytes..."
"2"," [6%] Downloaded 1677873 bytes..."
"2"," [6%] Downloaded 1727025 bytes..."
"2"," [7%] Downloaded 1776177 bytes..."
"2"," [7%] Downloaded 1792561 bytes..."
"2"," [7%] Downloaded 1856969 bytes..."
"2"," [7%] Downloaded 1906121 bytes..."
"2"," [7%] Downloaded 1922505 bytes..."
"2"," [7%] Downloaded 1955273 bytes..."
"2"," [7%] Downloaded 1988041 bytes..."
"2"," [8%] Downloaded 2052449 bytes..."
"2"," [8%] Downloaded 2068833 bytes..."
"2"," [8%] Downloaded 2101601 bytes..."
"2"," [8%] Downloaded 2117985 bytes..."
"2"," [8%] Downloaded 2150753 bytes..."
"2"," [8%] Downloaded 2183521 bytes..."
"2"," [8%] Downloaded 2247929 bytes..."
"2"," [8%] Downloaded 2264313 bytes..."
"2"," [9%] Downloaded 2313465 bytes..."
"2"," [9%] Downloaded 2379001 bytes..."
"2"," [9%] Downloaded 2443409 bytes..."
"2"," [9%] Downloaded 2508945 bytes..."
"2"," [10%] Downloaded 2574481 bytes..."
"2"," [10%] Downloaded 2638889 bytes..."
"2"," [10%] Downloaded 2671657 bytes..."
"2"," [10%] Downloaded 2688041 bytes..."
"2"," [10%] Downloaded 2704425 bytes..."
"2"," [10%] Downloaded 2720809 bytes..."
"2"," [10%] Downloaded 2753577 bytes..."
"2"," [11%] Downloaded 2817985 bytes..."
"2"," [11%] Downloaded 2834369 bytes..."
"2"," [11%] Downloaded 2867137 bytes..."
"2"," [11%] Downloaded 2883521 bytes..."
"2"," [11%] Downloaded 2949057 bytes..."
"2"," [11%] Downloaded 3013465 bytes..."
"2"," [12%] Downloaded 3079001 bytes..."
"2"," [12%] Downloaded 3144537 bytes..."
"2"," [12%] Downloaded 3160921 bytes..."
"2"," [12%] Downloaded 3208945 bytes..."
"2"," [12%] Downloaded 3258097 bytes..."
"2"," [12%] Downloaded 3274481 bytes..."
"2"," [13%] Downloaded 3340017 bytes..."
"2"," [13%] Downloaded 3404425 bytes..."
"2"," [13%] Downloaded 3453577 bytes..."
"2"," [13%] Downloaded 3469961 bytes..."
"2"," [13%] Downloaded 3535497 bytes..."
"2"," [14%] Downloaded 3599905 bytes..."
"2"," [14%] Downloaded 3665441 bytes..."
"2"," [14%] Downloaded 3714593 bytes..."
"2"," [14%] Downloaded 3730977 bytes..."
"2"," [15%] Downloaded 3792945 bytes..."
"2"," [15%] Downloaded 3842097 bytes..."
"2"," [15%] Downloaded 3858481 bytes..."
"2"," [15%] Downloaded 3924017 bytes..."
"2"," [15%] Downloaded 3955657 bytes..."
"2"," [15%] Downloaded 3988425 bytes..."
"2"," [15%] Downloaded 4037577 bytes..."
"2"," [16%] Downloaded 4053961 bytes..."
"2"," [16%] Downloaded 4167521 bytes..."
"2"," [16%] Downloaded 4200289 bytes..."
"2"," [16%] Downloaded 4233057 bytes..."
"2"," [17%] Downloaded 4363001 bytes..."
"2"," [17%] Downloaded 4379385 bytes..."
"2"," [17%] Downloaded 4395769 bytes..."
"2"," [17%] Downloaded 4428537 bytes..."
"2"," [17%] Downloaded 4461305 bytes..."
"2"," [17%] Downloaded 4494073 bytes..."
"2"," [17%] Downloaded 4526841 bytes..."
"2"," [18%] Downloaded 4558481 bytes..."
"2"," [18%] Downloaded 4591249 bytes..."
"2"," [18%] Downloaded 4607633 bytes..."
"2"," [18%] Downloaded 4624017 bytes..."
"2"," [18%] Downloaded 4656785 bytes..."
"2"," [18%] Downloaded 4689553 bytes..."
"2"," [18%] Downloaded 4705937 bytes..."
"2"," [18%] Downloaded 4722321 bytes..."
"2"," [18%] Downloaded 4770345 bytes..."
"2"," [18%] Downloaded 4786729 bytes..."
"2"," [19%] Downloaded 4835881 bytes..."
"2"," [19%] Downloaded 4885033 bytes..."
"2"," [19%] Downloaded 4901417 bytes..."
"2"," [19%] Downloaded 4965825 bytes..."
"2"," [19%] Downloaded 5031361 bytes..."
"2"," [20%] Downloaded 5096897 bytes..."
"2"," [20%] Downloaded 5161305 bytes..."
"2"," [20%] Downloaded 5210457 bytes..."
"2"," [20%] Downloaded 5226841 bytes..."
"2"," [20%] Downloaded 5275993 bytes..."
"2"," [20%] Downloaded 5292377 bytes..."
"2"," [21%] Downloaded 5356785 bytes..."
"2"," [21%] Downloaded 5422321 bytes..."
"2"," [21%] Downloaded 5487857 bytes..."
"2"," [21%] Downloaded 5519497 bytes..."
"2"," [21%] Downloaded 5552265 bytes..."
"2"," [22%] Downloaded 5601417 bytes..."
"2"," [22%] Downloaded 5617801 bytes..."
"2"," [22%] Downloaded 5666953 bytes..."
"2"," [22%] Downloaded 5683337 bytes..."
"2"," [22%] Downloaded 5740505 bytes..."
"2"," [22%] Downloaded 5806041 bytes..."
"2"," [23%] Downloaded 5855193 bytes..."
"2"," [23%] Downloaded 5871577 bytes..."
"2"," [23%] Downloaded 5935985 bytes..."
"2"," [23%] Downloaded 5985137 bytes..."
"2"," [23%] Downloaded 6001521 bytes..."
"2"," [24%] Downloaded 6067057 bytes..."
"2"," [24%] Downloaded 6131465 bytes..."
"2"," [24%] Downloaded 6197001 bytes..."
"2"," [24%] Downloaded 6262537 bytes..."
"2"," [24%] Downloaded 6310561 bytes..."
"2"," [25%] Downloaded 6326945 bytes..."
"2"," [25%] Downloaded 6392481 bytes..."
"2"," [25%] Downloaded 6441633 bytes..."
"2"," [25%] Downloaded 6489657 bytes..."
"2"," [25%] Downloaded 6506041 bytes..."
"2"," [25%] Downloaded 6522425 bytes..."
"2"," [26%] Downloaded 6571577 bytes..."
"2"," [26%] Downloaded 6587961 bytes..."
"2"," [26%] Downloaded 6620729 bytes..."
"2"," [26%] Downloaded 6637113 bytes..."
"2"," [26%] Downloaded 6701521 bytes..."
"2"," [26%] Downloaded 6750673 bytes..."
"2"," [26%] Downloaded 6767057 bytes..."
"2"," [27%] Downloaded 6832593 bytes..."
"2"," [27%] Downloaded 6897001 bytes..."
"2"," [27%] Downloaded 6946153 bytes..."
"2"," [27%] Downloaded 6962537 bytes..."
"2"," [27%] Downloaded 7028073 bytes..."
"2"," [28%] Downloaded 7076097 bytes..."
"2"," [28%] Downloaded 7092481 bytes..."
"2"," [28%] Downloaded 7141633 bytes..."
"2"," [28%] Downloaded 7158017 bytes..."
"2"," [28%] Downloaded 7223553 bytes..."
"2"," [28%] Downloaded 7271577 bytes..."
"2"," [28%] Downloaded 7287961 bytes..."
"2"," [29%] Downloaded 7353497 bytes..."
"2"," [29%] Downloaded 7402649 bytes..."
"2"," [29%] Downloaded 7419033 bytes..."
"2"," [29%] Downloaded 7483441 bytes..."
"2"," [29%] Downloaded 7548977 bytes..."
"2"," [30%] Downloaded 7598129 bytes..."
"2"," [30%] Downloaded 7614513 bytes..."
"2"," [30%] Downloaded 7662537 bytes..."
"2"," [30%] Downloaded 7678921 bytes..."
"2"," [30%] Downloaded 7728073 bytes..."
"2"," [30%] Downloaded 7744457 bytes..."
"2"," [30%] Downloaded 7777225 bytes..."
"2"," [30%] Downloaded 7793609 bytes..."
"2"," [30%] Downloaded 7826377 bytes..."
"2"," [31%] Downloaded 7858017 bytes..."
"2"," [31%] Downloaded 7874401 bytes..."
"2"," [31%] Downloaded 7923553 bytes..."
"2"," [31%] Downloaded 7972705 bytes..."
"2"," [31%] Downloaded 7989089 bytes..."
"2"," [31%] Downloaded 8038241 bytes..."
"2"," [31%] Downloaded 8053497 bytes..."
"2"," [31%] Downloaded 8069881 bytes..."
"2"," [32%] Downloaded 8102649 bytes..."
"2"," [32%] Downloaded 8119033 bytes..."
"2"," [32%] Downloaded 8151801 bytes..."
"2"," [32%] Downloaded 8184569 bytes..."
"2"," [32%] Downloaded 8248977 bytes..."
"2"," [32%] Downloaded 8265361 bytes..."
"2"," [32%] Downloaded 8314513 bytes..."
"2"," [33%] Downloaded 8363665 bytes..."
"2"," [33%] Downloaded 8380049 bytes..."
"2"," [33%] Downloaded 8444457 bytes..."
"2"," [33%] Downloaded 8493609 bytes..."
"2"," [33%] Downloaded 8509993 bytes..."
"2"," [33%] Downloaded 8575529 bytes..."
"2"," [34%] Downloaded 8705473 bytes..."
"2"," [34%] Downloaded 8721857 bytes..."
"2"," [34%] Downloaded 8754625 bytes..."
"2"," [34%] Downloaded 8771009 bytes..."
"2"," [34%] Downloaded 8787393 bytes..."
"2"," [34%] Downloaded 8820161 bytes..."
"2"," [34%] Downloaded 8835417 bytes..."
"2"," [35%] Downloaded 8851801 bytes..."
"2"," [35%] Downloaded 8884569 bytes..."
"2"," [35%] Downloaded 8900953 bytes..."
"2"," [35%] Downloaded 8917337 bytes..."
"2"," [35%] Downloaded 8950105 bytes..."
"2"," [35%] Downloaded 8988905 bytes..."
"2"," [35%] Downloaded 9021673 bytes..."
"2"," [35%] Downloaded 9038057 bytes..."
"2"," [35%] Downloaded 9054441 bytes..."
"2"," [35%] Downloaded 9087209 bytes..."
"2"," [36%] Downloaded 9103593 bytes..."
"2"," [36%] Downloaded 9136361 bytes..."
"2"," [36%] Downloaded 9152745 bytes..."
"2"," [36%] Downloaded 9169129 bytes..."
"2"," [36%] Downloaded 9200769 bytes..."
"2"," [36%] Downloaded 9217153 bytes..."
"2"," [36%] Downloaded 9233537 bytes..."
"2"," [36%] Downloaded 9282689 bytes..."
"2"," [36%] Downloaded 9299073 bytes..."
"2"," [36%] Downloaded 9331841 bytes..."
"2"," [36%] Downloaded 9348225 bytes..."
"2"," [37%] Downloaded 9364609 bytes..."
"2"," [37%] Downloaded 9379865 bytes..."
"2"," [37%] Downloaded 9396249 bytes..."
"2"," [37%] Downloaded 9412633 bytes..."
"2"," [37%] Downloaded 9429017 bytes..."
"2"," [37%] Downloaded 9478169 bytes..."
"2"," [37%] Downloaded 9494553 bytes..."
"2"," [37%] Downloaded 9543705 bytes..."
"2"," [37%] Downloaded 9560089 bytes..."
"2"," [38%] Downloaded 9608113 bytes..."
"2"," [38%] Downloaded 9624497 bytes..."
"2"," [38%] Downloaded 9673649 bytes..."
"2"," [38%] Downloaded 9690033 bytes..."
"2"," [38%] Downloaded 9739185 bytes..."
"2"," [38%] Downloaded 9755569 bytes..."
"2"," [38%] Downloaded 9803593 bytes..."
"2"," [38%] Downloaded 9819977 bytes..."
"2"," [38%] Downloaded 9852745 bytes..."
"2"," [39%] Downloaded 9869129 bytes..."
"2"," [39%] Downloaded 9885513 bytes..."
"2"," [39%] Downloaded 9918281 bytes..."
"2"," [39%] Downloaded 9951049 bytes..."
"2"," [39%] Downloaded 9982689 bytes..."
"2"," [39%] Downloaded 10015457 bytes..."
"2"," [39%] Downloaded 10048225 bytes..."
"2"," [39%] Downloaded 10080993 bytes..."
"2"," [40%] Downloaded 10113761 bytes..."
"2"," [40%] Downloaded 10130145 bytes..."
"2"," [40%] Downloaded 10146529 bytes..."
"2"," [40%] Downloaded 10178169 bytes..."
"2"," [40%] Downloaded 10210937 bytes..."
"2"," [40%] Downloaded 10243705 bytes..."
"2"," [40%] Downloaded 10276473 bytes..."
"2"," [40%] Downloaded 10309241 bytes..."
"2"," [40%] Downloaded 10325625 bytes..."
"2"," [40%] Downloaded 10342009 bytes..."
"2"," [41%] Downloaded 10373649 bytes..."
"2"," [41%] Downloaded 10390033 bytes..."
"2"," [41%] Downloaded 10406417 bytes..."
"2"," [41%] Downloaded 10439185 bytes..."
"2"," [41%] Downloaded 10455569 bytes..."
"2"," [41%] Downloaded 10504721 bytes..."
"2"," [41%] Downloaded 10521105 bytes..."
"2"," [41%] Downloaded 10569129 bytes..."
"2"," [41%] Downloaded 10585513 bytes..."
"2"," [41%] Downloaded 10601897 bytes..."
"2"," [42%] Downloaded 10634665 bytes..."
"2"," [42%] Downloaded 10651049 bytes..."
"2"," [42%] Downloaded 10700201 bytes..."
"2"," [42%] Downloaded 10716585 bytes..."
"2"," [42%] Downloaded 10764609 bytes..."
"2"," [42%] Downloaded 10780993 bytes..."
"2"," [42%] Downloaded 10830145 bytes..."
"2"," [42%] Downloaded 10846529 bytes..."
"2"," [43%] Downloaded 10879297 bytes..."
"2"," [43%] Downloaded 10895681 bytes..."
"2"," [43%] Downloaded 10912065 bytes..."
"2"," [43%] Downloaded 10943705 bytes..."
"2"," [43%] Downloaded 10960089 bytes..."
"2"," [43%] Downloaded 10976473 bytes..."
"2"," [43%] Downloaded 11025625 bytes..."
"2"," [43%] Downloaded 11042009 bytes..."
"2"," [43%] Downloaded 11074777 bytes..."
"2"," [43%] Downloaded 11107545 bytes..."
"2"," [44%] Downloaded 11155569 bytes..."
"2"," [44%] Downloaded 11171953 bytes..."
"2"," [44%] Downloaded 11237489 bytes..."
"2"," [44%] Downloaded 11286641 bytes..."
"2"," [44%] Downloaded 11303025 bytes..."
"2"," [44%] Downloaded 11367433 bytes..."
"2"," [45%] Downloaded 11432969 bytes..."
"2"," [45%] Downloaded 11482121 bytes..."
"2"," [45%] Downloaded 11498505 bytes..."
"2"," [45%] Downloaded 11546529 bytes..."
"2"," [45%] Downloaded 11562913 bytes..."
"2"," [45%] Downloaded 11595681 bytes..."
"2"," [46%] Downloaded 11628449 bytes..."
"2"," [46%] Downloaded 11644833 bytes..."
"2"," [46%] Downloaded 11677601 bytes..."
"2"," [46%] Downloaded 11693985 bytes..."
"2"," [46%] Downloaded 11725625 bytes..."
"2"," [46%] Downloaded 11742009 bytes..."
"2"," [46%] Downloaded 11758393 bytes..."
"2"," [46%] Downloaded 11807545 bytes..."
"2"," [46%] Downloaded 11823929 bytes..."
"2"," [46%] Downloaded 11873081 bytes..."
"2"," [47%] Downloaded 11937489 bytes..."
"2"," [47%] Downloaded 11953873 bytes..."
"2"," [47%] Downloaded 12003025 bytes..."
"2"," [47%] Downloaded 12068561 bytes..."
"2"," [48%] Downloaded 12132969 bytes..."
"2"," [48%] Downloaded 12198505 bytes..."
"2"," [48%] Downloaded 12214889 bytes..."
"2"," [48%] Downloaded 12264041 bytes..."
"2"," [48%] Downloaded 12312065 bytes..."
"2"," [48%] Downloaded 12328449 bytes..."
"2"," [48%] Downloaded 12361217 bytes..."
"2"," [49%] Downloaded 12393985 bytes..."
"2"," [49%] Downloaded 12443137 bytes..."
"2"," [49%] Downloaded 12459521 bytes..."
"2"," [49%] Downloaded 12475905 bytes..."
"2"," [49%] Downloaded 12523929 bytes..."
"2"," [49%] Downloaded 12589465 bytes..."
"2"," [50%] Downloaded 12655001 bytes..."
"2"," [50%] Downloaded 12719409 bytes..."
"2"," [50%] Downloaded 12784945 bytes..."
"2"," [50%] Downloaded 12817713 bytes..."
"2"," [50%] Downloaded 12850481 bytes..."
"2"," [51%] Downloaded 12914889 bytes..."
"2"," [51%] Downloaded 12964041 bytes..."
"2"," [51%] Downloaded 12980425 bytes..."
"2"," [51%] Downloaded 13013193 bytes..."
"2"," [51%] Downloaded 13029577 bytes..."
"2"," [51%] Downloaded 13045961 bytes..."
"2"," [51%] Downloaded 13093985 bytes..."
"2"," [51%] Downloaded 13110369 bytes..."
"2"," [52%] Downloaded 13143137 bytes..."
"2"," [52%] Downloaded 13159521 bytes..."
"2"," [52%] Downloaded 13225057 bytes..."
"2"," [52%] Downloaded 13289465 bytes..."
"2"," [52%] Downloaded 13355001 bytes..."
"2"," [53%] Downloaded 13420537 bytes..."
"2"," [53%] Downloaded 13453305 bytes..."
"2"," [53%] Downloaded 13484945 bytes..."
"2"," [53%] Downloaded 13534097 bytes..."
"2"," [53%] Downloaded 13550481 bytes..."
"2"," [53%] Downloaded 13599633 bytes..."
"2"," [53%] Downloaded 13616017 bytes..."
"2"," [54%] Downloaded 13680425 bytes..."
"2"," [54%] Downloaded 13745961 bytes..."
"2"," [54%] Downloaded 13795113 bytes..."
"2"," [54%] Downloaded 13811497 bytes..."
"2"," [54%] Downloaded 13860649 bytes..."
"2"," [54%] Downloaded 13875905 bytes..."
"2"," [55%] Downloaded 13925057 bytes..."
"2"," [55%] Downloaded 13941441 bytes..."
"2"," [55%] Downloaded 13990593 bytes..."
"2"," [55%] Downloaded 14006977 bytes..."
"2"," [55%] Downloaded 14056129 bytes..."
"2"," [55%] Downloaded 14071385 bytes..."
"2"," [55%] Downloaded 14120537 bytes..."
"2"," [55%] Downloaded 14136921 bytes..."
"2"," [56%] Downloaded 14186073 bytes..."
"2"," [56%] Downloaded 14202457 bytes..."
"2"," [56%] Downloaded 14218841 bytes..."
"2"," [56%] Downloaded 14235225 bytes..."
"2"," [56%] Downloaded 14251609 bytes..."
"2"," [56%] Downloaded 14266865 bytes..."
"2"," [56%] Downloaded 14283249 bytes..."
"2"," [56%] Downloaded 14316017 bytes..."
"2"," [56%] Downloaded 14332401 bytes..."
"2"," [56%] Downloaded 14365169 bytes..."
"2"," [56%] Downloaded 14381553 bytes..."
"2"," [56%] Downloaded 14397937 bytes..."
"2"," [57%] Downloaded 14430705 bytes..."
"2"," [57%] Downloaded 14447089 bytes..."
"2"," [57%] Downloaded 14462345 bytes..."
"2"," [57%] Downloaded 14495113 bytes..."
"2"," [57%] Downloaded 14511497 bytes..."
"2"," [57%] Downloaded 14527881 bytes..."
"2"," [57%] Downloaded 14560649 bytes..."
"2"," [57%] Downloaded 14577033 bytes..."
"2"," [57%] Downloaded 14626185 bytes..."
"2"," [57%] Downloaded 14642569 bytes..."
"2"," [58%] Downloaded 14690593 bytes..."
"2"," [58%] Downloaded 14706977 bytes..."
"2"," [58%] Downloaded 14756129 bytes..."
"2"," [58%] Downloaded 14772513 bytes..."
"2"," [58%] Downloaded 14821665 bytes..."
"2"," [58%] Downloaded 14838049 bytes..."
"2"," [58%] Downloaded 14886073 bytes..."
"2"," [58%] Downloaded 14902457 bytes..."
"2"," [59%] Downloaded 14951609 bytes..."
"2"," [59%] Downloaded 14967993 bytes..."
"2"," [59%] Downloaded 15017145 bytes..."
"2"," [59%] Downloaded 15033529 bytes..."
"2"," [59%] Downloaded 15081553 bytes..."
"2"," [59%] Downloaded 15097937 bytes..."
"2"," [59%] Downloaded 15147089 bytes..."
"2"," [60%] Downloaded 15163473 bytes..."
"2"," [60%] Downloaded 15212625 bytes..."
"2"," [60%] Downloaded 15229009 bytes..."
"2"," [60%] Downloaded 15244265 bytes..."
"2"," [60%] Downloaded 15277033 bytes..."
"2"," [60%] Downloaded 15293417 bytes..."
"2"," [60%] Downloaded 15309801 bytes..."
"2"," [60%] Downloaded 15342569 bytes..."
"2"," [60%] Downloaded 15358953 bytes..."
"2"," [60%] Downloaded 15375337 bytes..."
"2"," [60%] Downloaded 15408105 bytes..."
"2"," [61%] Downloaded 15424489 bytes..."
"2"," [61%] Downloaded 15439745 bytes..."
"2"," [61%] Downloaded 15456129 bytes..."
"2"," [61%] Downloaded 15472513 bytes..."
"2"," [61%] Downloaded 15488897 bytes..."
"2"," [61%] Downloaded 15521665 bytes..."
"2"," [61%] Downloaded 15538049 bytes..."
"2"," [61%] Downloaded 15587201 bytes..."
"2"," [61%] Downloaded 15603585 bytes..."
"2"," [61%] Downloaded 15651609 bytes..."
"2"," [62%] Downloaded 15667993 bytes..."
"2"," [62%] Downloaded 15700761 bytes..."
"2"," [62%] Downloaded 15717145 bytes..."
"2"," [62%] Downloaded 15733529 bytes..."
"2"," [62%] Downloaded 15766297 bytes..."
"2"," [62%] Downloaded 15782681 bytes..."
"2"," [62%] Downloaded 15799065 bytes..."
"2"," [62%] Downloaded 15847089 bytes..."
"2"," [62%] Downloaded 15863473 bytes..."
"2"," [62%] Downloaded 15912625 bytes..."
"2"," [63%] Downloaded 15929009 bytes..."
"2"," [63%] Downloaded 15978161 bytes..."
"2"," [63%] Downloaded 15994545 bytes..."
"2"," [63%] Downloaded 16010929 bytes..."
"2"," [63%] Downloaded 16042569 bytes..."
"2"," [63%] Downloaded 16058953 bytes..."
"2"," [63%] Downloaded 16091721 bytes..."
"2"," [63%] Downloaded 16108105 bytes..."
"2"," [63%] Downloaded 16124489 bytes..."
"2"," [64%] Downloaded 16173641 bytes..."
"2"," [64%] Downloaded 16190025 bytes..."
"2"," [64%] Downloaded 16238049 bytes..."
"2"," [64%] Downloaded 16254433 bytes..."
"2"," [64%] Downloaded 16303585 bytes..."
"2"," [64%] Downloaded 16319969 bytes..."
"2"," [64%] Downloaded 16336353 bytes..."
"2"," [64%] Downloaded 16385505 bytes..."
"2"," [65%] Downloaded 16449913 bytes..."
"2"," [65%] Downloaded 16499065 bytes..."
"2"," [65%] Downloaded 16515449 bytes..."
"2"," [65%] Downloaded 16564601 bytes..."
"2"," [65%] Downloaded 16580985 bytes..."
"2"," [65%] Downloaded 16629009 bytes..."
"2"," [65%] Downloaded 16645393 bytes..."
"2"," [66%] Downloaded 16694545 bytes..."
"2"," [66%] Downloaded 16710929 bytes..."
"2"," [66%] Downloaded 16760081 bytes..."
"2"," [66%] Downloaded 16776465 bytes..."
"2"," [66%] Downloaded 16824489 bytes..."
"2"," [66%] Downloaded 16840873 bytes..."
"2"," [66%] Downloaded 16890025 bytes..."
"2"," [67%] Downloaded 16955561 bytes..."
"2"," [67%] Downloaded 17019969 bytes..."
"2"," [67%] Downloaded 17085505 bytes..."
"2"," [67%] Downloaded 17151041 bytes..."
"2"," [68%] Downloaded 17199065 bytes..."
"2"," [68%] Downloaded 17215449 bytes..."
"2"," [68%] Downloaded 17264601 bytes..."
"2"," [68%] Downloaded 17280985 bytes..."
"2"," [68%] Downloaded 17346521 bytes..."
"2"," [68%] Downloaded 17394545 bytes..."
"2"," [68%] Downloaded 17410929 bytes..."
"2"," [68%] Downloaded 17427313 bytes..."
"2"," [69%] Downloaded 17460081 bytes..."
"2"," [69%] Downloaded 17476465 bytes..."
"2"," [69%] Downloaded 17542001 bytes..."
"2"," [69%] Downloaded 17590025 bytes..."
"2"," [69%] Downloaded 17606409 bytes..."
"2"," [69%] Downloaded 17671945 bytes..."
"2"," [70%] Downloaded 17737481 bytes..."
"2"," [70%] Downloaded 17801889 bytes..."
"2"," [70%] Downloaded 17851041 bytes..."
"2"," [70%] Downloaded 17867425 bytes..."
"2"," [70%] Downloaded 17916577 bytes..."
"2"," [70%] Downloaded 17932961 bytes..."
"2"," [71%] Downloaded 17980985 bytes..."
"2"," [71%] Downloaded 17997369 bytes..."
"2"," [71%] Downloaded 18046521 bytes..."
"2"," [71%] Downloaded 18062905 bytes..."
"2"," [71%] Downloaded 18095673 bytes..."
"2"," [71%] Downloaded 18112057 bytes..."
"2"," [71%] Downloaded 18161209 bytes..."
"2"," [71%] Downloaded 18176465 bytes..."
"2"," [72%] Downloaded 18225617 bytes..."
"2"," [72%] Downloaded 18242001 bytes..."
"2"," [72%] Downloaded 18291153 bytes..."
"2"," [72%] Downloaded 18307537 bytes..."
"2"," [72%] Downloaded 18340305 bytes..."
"2"," [72%] Downloaded 18356689 bytes..."
"2"," [72%] Downloaded 18371945 bytes..."
"2"," [72%] Downloaded 18421097 bytes..."
"2"," [72%] Downloaded 18437481 bytes..."
"2"," [73%] Downloaded 18486633 bytes..."
"2"," [73%] Downloaded 18503017 bytes..."
"2"," [73%] Downloaded 18552169 bytes..."
"2"," [73%] Downloaded 18567425 bytes..."
"2"," [73%] Downloaded 18632961 bytes..."
"2"," [73%] Downloaded 18698497 bytes..."
"2"," [74%] Downloaded 18747649 bytes..."
"2"," [74%] Downloaded 18761841 bytes..."
"2"," [74%] Downloaded 18794609 bytes..."
"2"," [74%] Downloaded 18827377 bytes..."
"2"," [74%] Downloaded 18892913 bytes..."
"2"," [74%] Downloaded 18909297 bytes..."
"2"," [75%] Downloaded 18957321 bytes..."
"2"," [75%] Downloaded 19006473 bytes..."
"2"," [75%] Downloaded 19022857 bytes..."
"2"," [75%] Downloaded 19088393 bytes..."
"2"," [75%] Downloaded 19104777 bytes..."
"2"," [75%] Downloaded 19137545 bytes..."
"2"," [75%] Downloaded 19152801 bytes..."
"2"," [75%] Downloaded 19201953 bytes..."
"2"," [76%] Downloaded 19218337 bytes..."
"2"," [76%] Downloaded 19283873 bytes..."
"2"," [76%] Downloaded 19333025 bytes..."
"2"," [76%] Downloaded 19348281 bytes..."
"2"," [76%] Downloaded 19397433 bytes..."
"2"," [76%] Downloaded 19413817 bytes..."
"2"," [76%] Downloaded 19446585 bytes..."
"2"," [77%] Downloaded 19462969 bytes..."
"2"," [77%] Downloaded 19512121 bytes..."
"2"," [77%] Downloaded 19528505 bytes..."
"2"," [77%] Downloaded 19543761 bytes..."
"2"," [77%] Downloaded 19592913 bytes..."
"2"," [77%] Downloaded 19609297 bytes..."
"2"," [77%] Downloaded 19642065 bytes..."
"2"," [77%] Downloaded 19658449 bytes..."
"2"," [77%] Downloaded 19707601 bytes..."
"2"," [78%] Downloaded 19723985 bytes..."
"2"," [78%] Downloaded 19772009 bytes..."
"2"," [78%] Downloaded 19788393 bytes..."
"2"," [78%] Downloaded 19853929 bytes..."
"2"," [78%] Downloaded 19903081 bytes..."
"2"," [78%] Downloaded 19919465 bytes..."
"2"," [79%] Downloaded 19983873 bytes..."
"2"," [79%] Downloaded 20049409 bytes..."
"2"," [79%] Downloaded 20098561 bytes..."
"2"," [79%] Downloaded 20114945 bytes..."
"2"," [79%] Downloaded 20179353 bytes..."
"2"," [79%] Downloaded 20212121 bytes..."
"2"," [80%] Downloaded 20244889 bytes..."
"2"," [80%] Downloaded 20310425 bytes..."
"2"," [80%] Downloaded 20358449 bytes..."
"2"," [80%] Downloaded 20374833 bytes..."
"2"," [80%] Downloaded 20440369 bytes..."
"2"," [81%] Downloaded 20505905 bytes..."
"2"," [81%] Downloaded 20537545 bytes..."
"2"," [81%] Downloaded 20570313 bytes..."
"2"," [81%] Downloaded 20619465 bytes..."
"2"," [81%] Downloaded 20635849 bytes..."
"2"," [81%] Downloaded 20668617 bytes..."
"2"," [81%] Downloaded 20685001 bytes..."
"2"," [82%] Downloaded 20749409 bytes..."
"2"," [82%] Downloaded 20814945 bytes..."
"2"," [82%] Downloaded 20864097 bytes..."
"2"," [82%] Downloaded 20880481 bytes..."
"2"," [82%] Downloaded 20912121 bytes..."
"2"," [82%] Downloaded 20944889 bytes..."
"2"," [83%] Downloaded 21010425 bytes..."
"2"," [83%] Downloaded 21026809 bytes..."
"2"," [83%] Downloaded 21059577 bytes..."
"2"," [83%] Downloaded 21075961 bytes..."
"2"," [83%] Downloaded 21106657 bytes..."
"2"," [83%] Downloaded 21139425 bytes..."
"2"," [83%] Downloaded 21204961 bytes..."
"2"," [83%] Downloaded 21221345 bytes..."
"2"," [84%] Downloaded 21270497 bytes..."
"2"," [84%] Downloaded 21334905 bytes..."
"2"," [84%] Downloaded 21400441 bytes..."
"2"," [84%] Downloaded 21449593 bytes..."
"2"," [84%] Downloaded 21465977 bytes..."
"2"," [85%] Downloaded 21529745 bytes..."
"2"," [85%] Downloaded 21595281 bytes..."
"2"," [85%] Downloaded 21660817 bytes..."
"2"," [85%] Downloaded 21692457 bytes..."
"2"," [85%] Downloaded 21725225 bytes..."
"2"," [86%] Downloaded 21790761 bytes..."
"2"," [86%] Downloaded 21839913 bytes..."
"2"," [86%] Downloaded 21856297 bytes..."
"2"," [86%] Downloaded 21920705 bytes..."
"2"," [86%] Downloaded 21969857 bytes..."
"2"," [87%] Downloaded 21986241 bytes..."
"2"," [87%] Downloaded 22035393 bytes..."
"2"," [87%] Downloaded 22051777 bytes..."
"2"," [87%] Downloaded 22099801 bytes..."
"2"," [87%] Downloaded 22116185 bytes..."
"2"," [87%] Downloaded 22165337 bytes..."
"2"," [87%] Downloaded 22214489 bytes..."
"2"," [87%] Downloaded 22230873 bytes..."
"2"," [88%] Downloaded 22278897 bytes..."
"2"," [88%] Downloaded 22295281 bytes..."
"2"," [88%] Downloaded 22328049 bytes..."
"2"," [88%] Downloaded 22360817 bytes..."
"2"," [88%] Downloaded 22426353 bytes..."
"2"," [88%] Downloaded 22474377 bytes..."
"2"," [89%] Downloaded 22490761 bytes..."
"2"," [89%] Downloaded 22539913 bytes..."
"2"," [89%] Downloaded 22556297 bytes..."
"2"," [89%] Downloaded 22621833 bytes..."
"2"," [89%] Downloaded 22654601 bytes..."
"2"," [89%] Downloaded 22686241 bytes..."
"2"," [89%] Downloaded 22719009 bytes..."
"2"," [89%] Downloaded 22735393 bytes..."
"2"," [90%] Downloaded 22751777 bytes..."
"2"," [90%] Downloaded 22784545 bytes..."
"2"," [90%] Downloaded 22800929 bytes..."
"2"," [90%] Downloaded 22817313 bytes..."
"2"," [90%] Downloaded 22865337 bytes..."
"2"," [90%] Downloaded 22881721 bytes..."
"2"," [90%] Downloaded 22914489 bytes..."
"2"," [90%] Downloaded 22930873 bytes..."
"2"," [90%] Downloaded 22947257 bytes..."
"2"," [91%] Downloaded 22996409 bytes..."
"2"," [91%] Downloaded 23012793 bytes..."
"2"," [91%] Downloaded 23060817 bytes..."
"2"," [91%] Downloaded 23077201 bytes..."
"2"," [91%] Downloaded 23109969 bytes..."
"2"," [91%] Downloaded 23142737 bytes..."
"2"," [91%] Downloaded 23208273 bytes..."
"2"," [92%] Downloaded 23256297 bytes..."
"2"," [92%] Downloaded 23272681 bytes..."
"2"," [92%] Downloaded 23321833 bytes..."
"2"," [92%] Downloaded 23338217 bytes..."
"2"," [92%] Downloaded 23370985 bytes..."
"2"," [92%] Downloaded 23387369 bytes..."
"2"," [92%] Downloaded 23451777 bytes..."
"2"," [92%] Downloaded 23468161 bytes..."
"2"," [93%] Downloaded 23517313 bytes..."
"2"," [93%] Downloaded 23566465 bytes..."
"2"," [93%] Downloaded 23582849 bytes..."
"2"," [93%] Downloaded 23632001 bytes..."
"2"," [93%] Downloaded 23647257 bytes..."
"2"," [93%] Downloaded 23712793 bytes..."
"2"," [94%] Downloaded 23761945 bytes..."
"2"," [94%] Downloaded 23778329 bytes..."
"2"," [94%] Downloaded 23842737 bytes..."
"2"," [94%] Downloaded 23891889 bytes..."
"2"," [94%] Downloaded 23908273 bytes..."
"2"," [94%] Downloaded 23941041 bytes..."
"2"," [94%] Downloaded 23973809 bytes..."
"2"," [95%] Downloaded 24038217 bytes..."
"2"," [95%] Downloaded 24070985 bytes..."
"2"," [95%] Downloaded 24103753 bytes..."
"2"," [95%] Downloaded 24152905 bytes..."
"2"," [95%] Downloaded 24169289 bytes..."
"2"," [95%] Downloaded 24233697 bytes..."
"2"," [96%] Downloaded 24299233 bytes..."
"2"," [96%] Downloaded 24315617 bytes..."
"2"," [96%] Downloaded 24364769 bytes..."
"2"," [96%] Downloaded 24397537 bytes..."
"2"," [96%] Downloaded 24429177 bytes..."
"2"," [96%] Downloaded 24478329 bytes..."
"2"," [96%] Downloaded 24494713 bytes..."
"2"," [97%] Downloaded 24543865 bytes..."
"2"," [97%] Downloaded 24609401 bytes..."
"2"," [97%] Downloaded 24624657 bytes..."
"2"," [97%] Downloaded 24657425 bytes..."
"2"," [97%] Downloaded 24673809 bytes..."
"2"," [97%] Downloaded 24722961 bytes..."
"2"," [97%] Downloaded 24739345 bytes..."
"2"," [98%] Downloaded 24804881 bytes..."
"2"," [98%] Downloaded 24869289 bytes..."
"2"," [98%] Downloaded 24934825 bytes..."
"2"," [98%] Downloaded 24983977 bytes..."
"2"," [98%] Downloaded 25000361 bytes..."
"2"," [99%] Downloaded 25064769 bytes..."
"2"," [99%] Downloaded 25130305 bytes..."
"2"," [99%] Downloaded 25189377 bytes..."
"2"," [99%] Downloaded 25238529 bytes..."
"2"," [99%] Downloaded 25254913 bytes..."
"2"," [100%] Downloaded 25269871 bytes..."
"2","
"
"2"," [0%] Downloaded 48809 bytes..."
"2"," [0%] Downloaded 64881 bytes..."
"2"," [0%] Downloaded 97649 bytes..."
"2"," [0%] Downloaded 114033 bytes..."
"2"," [1%] Downloaded 130041 bytes..."
"2"," [1%] Downloaded 146425 bytes..."
"2"," [1%] Downloaded 179193 bytes..."
"2"," [1%] Downloaded 195201 bytes..."
"2"," [1%] Downloaded 244353 bytes..."
"2"," [2%] Downloaded 260361 bytes..."
"2"," [2%] Downloaded 309513 bytes..."
"2"," [2%] Downloaded 375049 bytes..."
"2"," [3%] Downloaded 440585 bytes..."
"2"," [3%] Downloaded 488609 bytes..."
"2"," [3%] Downloaded 504993 bytes..."
"2"," [4%] Downloaded 570529 bytes..."
"2"," [4%] Downloaded 603297 bytes..."
"2"," [4%] Downloaded 636065 bytes..."
"2"," [5%] Downloaded 667705 bytes..."
"2"," [5%] Downloaded 700473 bytes..."
"2"," [5%] Downloaded 716857 bytes..."
"2"," [5%] Downloaded 733241 bytes..."
"2"," [5%] Downloaded 766009 bytes..."
"2"," [6%] Downloaded 798777 bytes..."
"2"," [6%] Downloaded 815161 bytes..."
"2"," [6%] Downloaded 831545 bytes..."
"2"," [6%] Downloaded 863185 bytes..."
"2"," [7%] Downloaded 895953 bytes..."
"2"," [7%] Downloaded 928721 bytes..."
"2"," [7%] Downloaded 961489 bytes..."
"2"," [7%] Downloaded 994257 bytes..."
"2"," [8%] Downloaded 1027025 bytes..."
"2"," [8%] Downloaded 1058665 bytes..."
"2"," [8%] Downloaded 1091433 bytes..."
"2"," [8%] Downloaded 1124201 bytes..."
"2"," [8%] Downloaded 1140585 bytes..."
"2"," [9%] Downloaded 1156969 bytes..."
"2"," [9%] Downloaded 1189737 bytes..."
"2"," [9%] Downloaded 1206121 bytes..."
"2"," [9%] Downloaded 1254145 bytes..."
"2"," [10%] Downloaded 1286913 bytes..."
"2"," [10%] Downloaded 1303297 bytes..."
"2"," [10%] Downloaded 1319681 bytes..."
"2"," [10%] Downloaded 1352449 bytes..."
"2"," [10%] Downloaded 1385217 bytes..."
"2"," [10%] Downloaded 1401601 bytes..."
"2"," [11%] Downloaded 1449625 bytes..."
"2"," [11%] Downloaded 1466009 bytes..."
"2"," [11%] Downloaded 1515161 bytes..."
"2"," [11%] Downloaded 1531545 bytes..."
"2"," [12%] Downloaded 1580697 bytes..."
"2"," [12%] Downloaded 1597081 bytes..."
"2"," [13%] Downloaded 1661489 bytes..."
"2"," [13%] Downloaded 1727025 bytes..."
"2"," [13%] Downloaded 1776177 bytes..."
"2"," [14%] Downloaded 1792561 bytes..."
"2"," [14%] Downloaded 1856969 bytes..."
"2"," [15%] Downloaded 1922505 bytes..."
"2"," [15%] Downloaded 1988041 bytes..."
"2"," [16%] Downloaded 2052449 bytes..."
"2"," [16%] Downloaded 2101601 bytes..."
"2"," [16%] Downloaded 2117985 bytes..."
"2"," [17%] Downloaded 2183521 bytes..."
"2"," [17%] Downloaded 2247929 bytes..."
"2"," [18%] Downloaded 2313465 bytes..."
"2"," [18%] Downloaded 2379001 bytes..."
"2"," [19%] Downloaded 2443409 bytes..."
"2"," [19%] Downloaded 2492561 bytes..."
"2"," [19%] Downloaded 2508945 bytes..."
"2"," [19%] Downloaded 2541713 bytes..."
"2"," [20%] Downloaded 2558097 bytes..."
"2"," [20%] Downloaded 2590865 bytes..."
"2"," [20%] Downloaded 2622505 bytes..."
"2"," [20%] Downloaded 2638889 bytes..."
"2"," [20%] Downloaded 2671657 bytes..."
"2"," [21%] Downloaded 2688041 bytes..."
"2"," [21%] Downloaded 2753577 bytes..."
"2"," [22%] Downloaded 2817985 bytes..."
"2"," [22%] Downloaded 2883521 bytes..."
"2"," [22%] Downloaded 2899905 bytes..."
"2"," [23%] Downloaded 2949057 bytes..."
"2"," [23%] Downloaded 3013465 bytes..."
"2"," [24%] Downloaded 3079001 bytes..."
"2"," [24%] Downloaded 3111769 bytes..."
"2"," [24%] Downloaded 3144537 bytes..."
"2"," [24%] Downloaded 3177305 bytes..."
"2"," [25%] Downloaded 3208945 bytes..."
"2"," [25%] Downloaded 3241713 bytes..."
"2"," [25%] Downloaded 3274481 bytes..."
"2"," [25%] Downloaded 3307249 bytes..."
"2"," [26%] Downloaded 3340017 bytes..."
"2"," [26%] Downloaded 3372785 bytes..."
"2"," [26%] Downloaded 3404425 bytes..."
"2"," [26%] Downloaded 3437193 bytes..."
"2"," [27%] Downloaded 3453577 bytes..."
"2"," [27%] Downloaded 3469961 bytes..."
"2"," [27%] Downloaded 3502729 bytes..."
"2"," [27%] Downloaded 3535497 bytes..."
"2"," [27%] Downloaded 3568265 bytes..."
"2"," [28%] Downloaded 3599905 bytes..."
"2"," [28%] Downloaded 3632673 bytes..."
"2"," [28%] Downloaded 3649057 bytes..."
"2"," [28%] Downloaded 3665441 bytes..."
"2"," [28%] Downloaded 3681825 bytes..."
"2"," [28%] Downloaded 3698209 bytes..."
"2"," [29%] Downloaded 3714593 bytes..."
"2"," [29%] Downloaded 3763745 bytes..."
"2"," [29%] Downloaded 3779001 bytes..."
"2"," [29%] Downloaded 3828153 bytes..."
"2"," [30%] Downloaded 3844537 bytes..."
"2"," [30%] Downloaded 3893689 bytes..."
"2"," [30%] Downloaded 3910073 bytes..."
"2"," [31%] Downloaded 3974481 bytes..."
"2"," [31%] Downloaded 4023633 bytes..."
"2"," [31%] Downloaded 4040017 bytes..."
"2"," [32%] Downloaded 4105553 bytes..."
"2"," [32%] Downloaded 4169961 bytes..."
"2"," [33%] Downloaded 4219113 bytes..."
"2"," [33%] Downloaded 4235497 bytes..."
"2"," [33%] Downloaded 4284649 bytes..."
"2"," [33%] Downloaded 4301033 bytes..."
"2"," [34%] Downloaded 4365441 bytes..."
"2"," [34%] Downloaded 4430977 bytes..."
"2"," [34%] Downloaded 4447361 bytes..."
"2"," [35%] Downloaded 4496513 bytes..."
"2"," [35%] Downloaded 4560921 bytes..."
"2"," [36%] Downloaded 4626457 bytes..."
"2"," [36%] Downloaded 4691993 bytes..."
"2"," [36%] Downloaded 4724761 bytes..."
"2"," [37%] Downloaded 4756401 bytes..."
"2"," [37%] Downloaded 4789169 bytes..."
"2"," [37%] Downloaded 4805553 bytes..."
"2"," [37%] Downloaded 4821937 bytes..."
"2"," [38%] Downloaded 4871089 bytes..."
"2"," [38%] Downloaded 4936625 bytes..."
"2"," [38%] Downloaded 4951881 bytes..."
"2"," [39%] Downloaded 4984649 bytes..."
"2"," [39%] Downloaded 5001033 bytes..."
"2"," [39%] Downloaded 5066569 bytes..."
"2"," [40%] Downloaded 5132105 bytes..."
"2"," [40%] Downloaded 5196513 bytes..."
"2"," [40%] Downloaded 5212897 bytes..."
"2"," [41%] Downloaded 5262049 bytes..."
"2"," [41%] Downloaded 5278433 bytes..."
"2"," [41%] Downloaded 5327585 bytes..."
"2"," [41%] Downloaded 5342841 bytes..."
"2"," [42%] Downloaded 5391993 bytes..."
"2"," [42%] Downloaded 5457529 bytes..."
"2"," [43%] Downloaded 5506681 bytes..."
"2"," [43%] Downloaded 5523065 bytes..."
"2"," [43%] Downloaded 5571089 bytes..."
"2"," [43%] Downloaded 5587473 bytes..."
"2"," [44%] Downloaded 5653009 bytes..."
"2"," [44%] Downloaded 5702161 bytes..."
"2"," [44%] Downloaded 5718545 bytes..."
"2"," [45%] Downloaded 5782953 bytes..."
"2"," [45%] Downloaded 5832105 bytes..."
"2"," [45%] Downloaded 5848489 bytes..."
"2"," [45%] Downloaded 5864873 bytes..."
"2"," [46%] Downloaded 5914025 bytes..."
"2"," [46%] Downloaded 5978433 bytes..."
"2"," [47%] Downloaded 6027585 bytes..."
"2"," [47%] Downloaded 6043969 bytes..."
"2"," [47%] Downloaded 6093121 bytes..."
"2"," [47%] Downloaded 6109505 bytes..."
"2"," [48%] Downloaded 6141145 bytes..."
"2"," [48%] Downloaded 6157529 bytes..."
"2"," [48%] Downloaded 6173913 bytes..."
"2"," [48%] Downloaded 6223065 bytes..."
"2"," [49%] Downloaded 6288601 bytes..."
"2"," [49%] Downloaded 6353009 bytes..."
"2"," [50%] Downloaded 6418545 bytes..."
"2"," [50%] Downloaded 6451313 bytes..."
"2"," [50%] Downloaded 6484081 bytes..."
"2"," [51%] Downloaded 6548489 bytes..."
"2"," [51%] Downloaded 6614025 bytes..."
"2"," [52%] Downloaded 6679561 bytes..."
"2"," [52%] Downloaded 6743969 bytes..."
"2"," [53%] Downloaded 6793121 bytes..."
"2"," [53%] Downloaded 6809505 bytes..."
"2"," [53%] Downloaded 6858657 bytes..."
"2"," [53%] Downloaded 6875041 bytes..."
"2"," [54%] Downloaded 6923065 bytes..."
"2"," [54%] Downloaded 6939449 bytes..."
"2"," [54%] Downloaded 6988601 bytes..."
"2"," [54%] Downloaded 7004985 bytes..."
"2"," [55%] Downloaded 7054137 bytes..."
"2"," [55%] Downloaded 7070521 bytes..."
"2"," [55%] Downloaded 7118545 bytes..."
"2"," [55%] Downloaded 7134929 bytes..."
"2"," [56%] Downloaded 7184081 bytes..."
"2"," [56%] Downloaded 7200465 bytes..."
"2"," [56%] Downloaded 7233233 bytes..."
"2"," [56%] Downloaded 7249617 bytes..."
"2"," [56%] Downloaded 7266001 bytes..."
"2"," [57%] Downloaded 7314025 bytes..."
"2"," [57%] Downloaded 7330409 bytes..."
"2"," [57%] Downloaded 7363177 bytes..."
"2"," [57%] Downloaded 7379561 bytes..."
"2"," [58%] Downloaded 7428713 bytes..."
"2"," [58%] Downloaded 7445097 bytes..."
"2"," [58%] Downloaded 7509505 bytes..."
"2"," [58%] Downloaded 7525889 bytes..."
"2"," [59%] Downloaded 7558657 bytes..."
"2"," [59%] Downloaded 7575041 bytes..."
"2"," [59%] Downloaded 7624193 bytes..."
"2"," [59%] Downloaded 7640577 bytes..."
"2"," [60%] Downloaded 7688601 bytes..."
"2"," [60%] Downloaded 7704985 bytes..."
"2"," [60%] Downloaded 7754137 bytes..."
"2"," [60%] Downloaded 7770521 bytes..."
"2"," [61%] Downloaded 7819673 bytes..."
"2"," [61%] Downloaded 7836057 bytes..."
"2"," [61%] Downloaded 7884081 bytes..."
"2"," [61%] Downloaded 7900465 bytes..."
"2"," [62%] Downloaded 7949617 bytes..."
"2"," [62%] Downloaded 7966001 bytes..."
"2"," [62%] Downloaded 7982385 bytes..."
"2"," [62%] Downloaded 8031537 bytes..."
"2"," [63%] Downloaded 8095945 bytes..."
"2"," [63%] Downloaded 8128713 bytes..."
"2"," [63%] Downloaded 8145097 bytes..."
"2"," [63%] Downloaded 8161481 bytes..."
"2"," [64%] Downloaded 8210633 bytes..."
"2"," [64%] Downloaded 8227017 bytes..."
"2"," [64%] Downloaded 8275041 bytes..."
"2"," [64%] Downloaded 8291425 bytes..."
"2"," [65%] Downloaded 8324193 bytes..."
"2"," [65%] Downloaded 8340577 bytes..."
"2"," [65%] Downloaded 8356961 bytes..."
"2"," [65%] Downloaded 8406113 bytes..."
"2"," [65%] Downloaded 8422497 bytes..."
"2"," [66%] Downloaded 8470521 bytes..."
"2"," [66%] Downloaded 8486905 bytes..."
"2"," [66%] Downloaded 8536057 bytes..."
"2"," [66%] Downloaded 8552441 bytes..."
"2"," [67%] Downloaded 8601593 bytes..."
"2"," [67%] Downloaded 8617977 bytes..."
"2"," [67%] Downloaded 8666001 bytes..."
"2"," [67%] Downloaded 8682385 bytes..."
"2"," [68%] Downloaded 8715153 bytes..."
"2"," [68%] Downloaded 8731537 bytes..."
"2"," [68%] Downloaded 8747921 bytes..."
"2"," [68%] Downloaded 8797073 bytes..."
"2"," [68%] Downloaded 8813457 bytes..."
"2"," [69%] Downloaded 8861481 bytes..."
"2"," [69%] Downloaded 8877865 bytes..."
"2"," [69%] Downloaded 8927017 bytes..."
"2"," [69%] Downloaded 8943401 bytes..."
"2"," [70%] Downloaded 8959785 bytes..."
"2"," [70%] Downloaded 8992553 bytes..."
"2"," [70%] Downloaded 9008937 bytes..."
"2"," [70%] Downloaded 9056961 bytes..."
"2"," [71%] Downloaded 9073345 bytes..."
"2"," [71%] Downloaded 9122497 bytes..."
"2"," [71%] Downloaded 9138881 bytes..."
"2"," [71%] Downloaded 9188033 bytes..."
"2"," [72%] Downloaded 9204417 bytes..."
"2"," [72%] Downloaded 9252441 bytes..."
"2"," [72%] Downloaded 9268825 bytes..."
"2"," [72%] Downloaded 9301593 bytes..."
"2"," [72%] Downloaded 9317977 bytes..."
"2"," [73%] Downloaded 9334361 bytes..."
"2"," [73%] Downloaded 9367129 bytes..."
"2"," [73%] Downloaded 9383513 bytes..."
"2"," [73%] Downloaded 9399897 bytes..."
"2"," [73%] Downloaded 9416281 bytes..."
"2"," [73%] Downloaded 9447921 bytes..."
"2"," [74%] Downloaded 9464305 bytes..."
"2"," [74%] Downloaded 9513457 bytes..."
"2"," [74%] Downloaded 9529841 bytes..."
"2"," [74%] Downloaded 9546225 bytes..."
"2"," [75%] Downloaded 9595377 bytes..."
"2"," [75%] Downloaded 9643401 bytes..."
"2"," [75%] Downloaded 9659785 bytes..."
"2"," [75%] Downloaded 9692553 bytes..."
"2"," [75%] Downloaded 9708937 bytes..."
"2"," [76%] Downloaded 9725321 bytes..."
"2"," [76%] Downloaded 9774473 bytes..."
"2"," [76%] Downloaded 9838881 bytes..."
"2"," [77%] Downloaded 9871649 bytes..."
"2"," [77%] Downloaded 9904417 bytes..."
"2"," [78%] Downloaded 9969953 bytes..."
"2"," [78%] Downloaded 10034361 bytes..."
"2"," [78%] Downloaded 10083513 bytes..."
"2"," [79%] Downloaded 10099897 bytes..."
"2"," [79%] Downloaded 10149049 bytes..."
"2"," [79%] Downloaded 10165433 bytes..."
"2"," [79%] Downloaded 10214585 bytes..."
"2"," [80%] Downloaded 10229841 bytes..."
"2"," [80%] Downloaded 10295377 bytes..."
"2"," [81%] Downloaded 10360913 bytes..."
"2"," [81%] Downloaded 10425321 bytes..."
"2"," [82%] Downloaded 10490857 bytes..."
"2"," [82%] Downloaded 10540009 bytes..."
"2"," [82%] Downloaded 10556393 bytes..."
"2"," [83%] Downloaded 10620801 bytes..."
"2"," [83%] Downloaded 10637185 bytes..."
"2"," [83%] Downloaded 10669953 bytes..."
"2"," [83%] Downloaded 10686337 bytes..."
"2"," [83%] Downloaded 10719105 bytes..."
"2"," [84%] Downloaded 10751873 bytes..."
"2"," [84%] Downloaded 10816281 bytes..."
"2"," [84%] Downloaded 10849049 bytes..."
"2"," [85%] Downloaded 10865433 bytes..."
"2"," [85%] Downloaded 10881817 bytes..."
"2"," [85%] Downloaded 10930969 bytes..."
"2"," [86%] Downloaded 10996505 bytes..."
"2"," [86%] Downloaded 11011761 bytes..."
"2"," [86%] Downloaded 11060913 bytes..."
"2"," [87%] Downloaded 11126449 bytes..."
"2"," [87%] Downloaded 11175601 bytes..."
"2"," [87%] Downloaded 11191985 bytes..."
"2"," [87%] Downloaded 11240009 bytes..."
"2"," [88%] Downloaded 11256393 bytes..."
"2"," [88%] Downloaded 11305545 bytes..."
"2"," [88%] Downloaded 11321929 bytes..."
"2"," [88%] Downloaded 11371081 bytes..."
"2"," [89%] Downloaded 11387465 bytes..."
"2"," [89%] Downloaded 11435864 bytes..."
"2"," [89%] Downloaded 11452248 bytes..."
"2"," [90%] Downloaded 11517784 bytes..."
"2"," [90%] Downloaded 11583320 bytes..."
"2"," [91%] Downloaded 11631344 bytes..."
"2"," [91%] Downloaded 11647728 bytes..."
"2"," [91%] Downloaded 11713264 bytes..."
"2"," [91%] Downloaded 11729648 bytes..."
"2"," [92%] Downloaded 11778800 bytes..."
"2"," [92%] Downloaded 11843208 bytes..."
"2"," [93%] Downloaded 11908744 bytes..."
"2"," [93%] Downloaded 11974280 bytes..."
"2"," [93%] Downloaded 11989536 bytes..."
"2"," [94%] Downloaded 12038688 bytes..."
"2"," [94%] Downloaded 12087840 bytes..."
"2"," [94%] Downloaded 12104224 bytes..."
"2"," [94%] Downloaded 12136992 bytes..."
"2"," [95%] Downloaded 12153376 bytes..."
"2"," [95%] Downloaded 12169760 bytes..."
"2"," [95%] Downloaded 12185016 bytes..."
"2"," [95%] Downloaded 12217784 bytes..."
"2"," [95%] Downloaded 12234168 bytes..."
"2"," [95%] Downloaded 12266936 bytes..."
"2"," [96%] Downloaded 12283320 bytes..."
"2"," [96%] Downloaded 12299704 bytes..."
"2"," [96%] Downloaded 12348856 bytes..."
"2"," [97%] Downloaded 12413264 bytes..."
"2"," [97%] Downloaded 12478800 bytes..."
"2"," [98%] Downloaded 12544336 bytes..."
"2"," [98%] Downloaded 12608744 bytes..."
"2"," [99%] Downloaded 12674280 bytes..."
"2"," [99%] Downloaded 12739816 bytes..."
"2"," [100%] Downloaded 12779088 bytes..."
"2","
"
"2"," [0%] Downloaded 50858 bytes..."
"2"," [1%] Downloaded 129962 bytes..."
"2"," [2%] Downloaded 195122 bytes..."
"2"," [2%] Downloaded 243898 bytes..."
"2"," [3%] Downloaded 260282 bytes..."
"2"," [3%] Downloaded 292674 bytes..."
"2"," [3%] Downloaded 325442 bytes..."
"2"," [4%] Downloaded 358210 bytes..."
"2"," [4%] Downloaded 374594 bytes..."
"2"," [4%] Downloaded 390978 bytes..."
"2"," [4%] Downloaded 407362 bytes..."
"2"," [5%] Downloaded 440130 bytes..."
"2"," [6%] Downloaded 504538 bytes..."
"2"," [6%] Downloaded 520922 bytes..."
"2"," [6%] Downloaded 570074 bytes..."
"2"," [7%] Downloaded 635610 bytes..."
"2"," [8%] Downloaded 683634 bytes..."
"2"," [8%] Downloaded 700018 bytes..."
"2"," [9%] Downloaded 749170 bytes..."
"2"," [9%] Downloaded 765554 bytes..."
"2"," [9%] Downloaded 814706 bytes..."
"2"," [10%] Downloaded 831090 bytes..."
"2"," [10%] Downloaded 879114 bytes..."
"2"," [10%] Downloaded 895498 bytes..."
"2"," [11%] Downloaded 944650 bytes..."
"2"," [11%] Downloaded 961034 bytes..."
"2"," [12%] Downloaded 1010186 bytes..."
"2"," [12%] Downloaded 1026570 bytes..."
"2"," [13%] Downloaded 1074594 bytes..."
"2"," [13%] Downloaded 1090978 bytes..."
"2"," [13%] Downloaded 1140130 bytes..."
"2"," [14%] Downloaded 1156514 bytes..."
"2"," [14%] Downloaded 1205666 bytes..."
"2"," [14%] Downloaded 1222050 bytes..."
"2"," [15%] Downloaded 1270074 bytes..."
"2"," [15%] Downloaded 1286458 bytes..."
"2"," [16%] Downloaded 1335610 bytes..."
"2"," [16%] Downloaded 1351994 bytes..."
"2"," [17%] Downloaded 1401146 bytes..."
"2"," [17%] Downloaded 1417530 bytes..."
"2"," [17%] Downloaded 1465554 bytes..."
"2"," [18%] Downloaded 1481938 bytes..."
"2"," [18%] Downloaded 1514706 bytes..."
"2"," [18%] Downloaded 1531090 bytes..."
"2"," [18%] Downloaded 1547474 bytes..."
"2"," [19%] Downloaded 1596626 bytes..."
"2"," [19%] Downloaded 1613010 bytes..."
"2"," [20%] Downloaded 1661034 bytes..."
"2"," [20%] Downloaded 1677418 bytes..."
"2"," [21%] Downloaded 1726570 bytes..."
"2"," [21%] Downloaded 1742954 bytes..."
"2"," [21%] Downloaded 1792106 bytes..."
"2"," [22%] Downloaded 1808490 bytes..."
"2"," [22%] Downloaded 1856514 bytes..."
"2"," [22%] Downloaded 1872898 bytes..."
"2"," [23%] Downloaded 1922050 bytes..."
"2"," [23%] Downloaded 1938434 bytes..."
"2"," [24%] Downloaded 1987586 bytes..."
"2"," [24%] Downloaded 2003970 bytes..."
"2"," [24%] Downloaded 2020354 bytes..."
"2"," [25%] Downloaded 2051994 bytes..."
"2"," [25%] Downloaded 2068378 bytes..."
"2"," [25%] Downloaded 2117530 bytes..."
"2"," [26%] Downloaded 2133914 bytes..."
"2"," [26%] Downloaded 2183066 bytes..."
"2"," [26%] Downloaded 2199450 bytes..."
"2"," [27%] Downloaded 2263858 bytes..."
"2"," [28%] Downloaded 2329394 bytes..."
"2"," [29%] Downloaded 2394930 bytes..."
"2"," [30%] Downloaded 2459338 bytes..."
"2"," [30%] Downloaded 2508490 bytes..."
"2"," [30%] Downloaded 2524874 bytes..."
"2"," [31%] Downloaded 2574026 bytes..."
"2"," [31%] Downloaded 2590410 bytes..."
"2"," [32%] Downloaded 2622050 bytes..."
"2"," [32%] Downloaded 2654818 bytes..."
"2"," [33%] Downloaded 2703970 bytes..."
"2"," [33%] Downloaded 2720354 bytes..."
"2"," [33%] Downloaded 2736738 bytes..."
"2"," [33%] Downloaded 2769506 bytes..."
"2"," [34%] Downloaded 2833914 bytes..."
"2"," [35%] Downloaded 2883066 bytes..."
"2"," [35%] Downloaded 2899450 bytes..."
"2"," [36%] Downloaded 2964986 bytes..."
"2"," [36%] Downloaded 2997754 bytes..."
"2"," [37%] Downloaded 3029394 bytes..."
"2"," [37%] Downloaded 3078546 bytes..."
"2"," [37%] Downloaded 3094930 bytes..."
"2"," [38%] Downloaded 3127698 bytes..."
"2"," [38%] Downloaded 3160466 bytes..."
"2"," [39%] Downloaded 3208490 bytes..."
"2"," [39%] Downloaded 3224874 bytes..."
"2"," [40%] Downloaded 3274026 bytes..."
"2"," [40%] Downloaded 3290410 bytes..."
"2"," [40%] Downloaded 3339562 bytes..."
"2"," [41%] Downloaded 3355946 bytes..."
"2"," [41%] Downloaded 3388714 bytes..."
"2"," [41%] Downloaded 3420354 bytes..."
"2"," [42%] Downloaded 3469506 bytes..."
"2"," [42%] Downloaded 3485890 bytes..."
"2"," [43%] Downloaded 3535042 bytes..."
"2"," [43%] Downloaded 3551426 bytes..."
"2"," [44%] Downloaded 3599450 bytes..."
"2"," [44%] Downloaded 3615834 bytes..."
"2"," [44%] Downloaded 3648602 bytes..."
"2"," [45%] Downloaded 3681370 bytes..."
"2"," [45%] Downloaded 3730522 bytes..."
"2"," [45%] Downloaded 3746906 bytes..."
"2"," [46%] Downloaded 3794930 bytes..."
"2"," [46%] Downloaded 3811314 bytes..."
"2"," [47%] Downloaded 3860466 bytes..."
"2"," [47%] Downloaded 3876850 bytes..."
"2"," [48%] Downloaded 3926002 bytes..."
"2"," [48%] Downloaded 3942386 bytes..."
"2"," [48%] Downloaded 3975154 bytes..."
"2"," [48%] Downloaded 3990410 bytes..."
"2"," [49%] Downloaded 4006794 bytes..."
"2"," [49%] Downloaded 4039562 bytes..."
"2"," [49%] Downloaded 4055946 bytes..."
"2"," [49%] Downloaded 4072330 bytes..."
"2"," [50%] Downloaded 4105098 bytes..."
"2"," [50%] Downloaded 4121482 bytes..."
"2"," [50%] Downloaded 4137866 bytes..."
"2"," [51%] Downloaded 4185890 bytes..."
"2"," [52%] Downloaded 4251426 bytes..."
"2"," [52%] Downloaded 4300578 bytes..."
"2"," [52%] Downloaded 4316962 bytes..."
"2"," [53%] Downloaded 4381370 bytes..."
"2"," [54%] Downloaded 4430522 bytes..."
"2"," [54%] Downloaded 4446906 bytes..."
"2"," [55%] Downloaded 4512442 bytes..."
"2"," [55%] Downloaded 4576850 bytes..."
"2"," [56%] Downloaded 4626002 bytes..."
"2"," [56%] Downloaded 4642386 bytes..."
"2"," [57%] Downloaded 4675154 bytes..."
"2"," [57%] Downloaded 4707922 bytes..."
"2"," [58%] Downloaded 4772330 bytes..."
"2"," [59%] Downloaded 4837866 bytes..."
"2"," [59%] Downloaded 4854250 bytes..."
"2"," [59%] Downloaded 4903402 bytes..."
"2"," [60%] Downloaded 4952554 bytes..."
"2"," [60%] Downloaded 4967810 bytes..."
"2"," [61%] Downloaded 5033346 bytes..."
"2"," [61%] Downloaded 5049730 bytes..."
"2"," [62%] Downloaded 5082498 bytes..."
"2"," [62%] Downloaded 5098882 bytes..."
"2"," [62%] Downloaded 5148034 bytes..."
"2"," [63%] Downloaded 5163290 bytes..."
"2"," [63%] Downloaded 5212442 bytes..."
"2"," [63%] Downloaded 5228826 bytes..."
"2"," [64%] Downloaded 5261594 bytes..."
"2"," [64%] Downloaded 5277978 bytes..."
"2"," [65%] Downloaded 5327130 bytes..."
"2"," [65%] Downloaded 5343514 bytes..."
"2"," [65%] Downloaded 5358770 bytes..."
"2"," [65%] Downloaded 5391538 bytes..."
"2"," [66%] Downloaded 5407922 bytes..."
"2"," [66%] Downloaded 5424306 bytes..."
"2"," [66%] Downloaded 5473458 bytes..."
"2"," [67%] Downloaded 5506226 bytes..."
"2"," [67%] Downloaded 5538994 bytes..."
"2"," [68%] Downloaded 5603402 bytes..."
"2"," [69%] Downloaded 5652554 bytes..."
"2"," [69%] Downloaded 5668938 bytes..."
"2"," [70%] Downloaded 5734474 bytes..."
"2"," [70%] Downloaded 5782498 bytes..."
"2"," [70%] Downloaded 5798882 bytes..."
"2"," [71%] Downloaded 5848034 bytes..."
"2"," [71%] Downloaded 5864418 bytes..."
"2"," [72%] Downloaded 5913570 bytes..."
"2"," [72%] Downloaded 5929954 bytes..."
"2"," [73%] Downloaded 5994362 bytes..."
"2"," [73%] Downloaded 6043514 bytes..."
"2"," [74%] Downloaded 6059898 bytes..."
"2"," [74%] Downloaded 6125434 bytes..."
"2"," [75%] Downloaded 6189842 bytes..."
"2"," [76%] Downloaded 6238994 bytes..."
"2"," [76%] Downloaded 6255378 bytes..."
"2"," [76%] Downloaded 6271762 bytes..."
"2"," [77%] Downloaded 6304530 bytes..."
"2"," [77%] Downloaded 6320914 bytes..."
"2"," [77%] Downloaded 6368938 bytes..."
"2"," [78%] Downloaded 6385322 bytes..."
"2"," [78%] Downloaded 6401706 bytes..."
"2"," [78%] Downloaded 6434474 bytes..."
"2"," [78%] Downloaded 6450858 bytes..."
"2"," [79%] Downloaded 6483626 bytes..."
"2"," [79%] Downloaded 6500010 bytes..."
"2"," [79%] Downloaded 6516394 bytes..."
"2"," [80%] Downloaded 6564418 bytes..."
"2"," [80%] Downloaded 6580802 bytes..."
"2"," [80%] Downloaded 6613570 bytes..."
"2"," [81%] Downloaded 6629954 bytes..."
"2"," [81%] Downloaded 6679106 bytes..."
"2"," [81%] Downloaded 6695490 bytes..."
"2"," [82%] Downloaded 6711874 bytes..."
"2"," [82%] Downloaded 6759898 bytes..."
"2"," [83%] Downloaded 6809050 bytes..."
"2"," [83%] Downloaded 6825434 bytes..."
"2"," [84%] Downloaded 6874586 bytes..."
"2"," [84%] Downloaded 6890970 bytes..."
"2"," [84%] Downloaded 6922610 bytes..."
"2"," [85%] Downloaded 6955378 bytes..."
"2"," [85%] Downloaded 7004530 bytes..."
"2"," [85%] Downloaded 7020914 bytes..."
"2"," [86%] Downloaded 7086450 bytes..."
"2"," [87%] Downloaded 7134474 bytes..."
"2"," [87%] Downloaded 7150858 bytes..."
"2"," [88%] Downloaded 7216394 bytes..."
"2"," [88%] Downloaded 7265546 bytes..."
"2"," [89%] Downloaded 7281930 bytes..."
"2"," [89%] Downloaded 7329954 bytes..."
"2"," [89%] Downloaded 7346338 bytes..."
"2"," [90%] Downloaded 7411874 bytes..."
"2"," [91%] Downloaded 7477410 bytes..."
"2"," [91%] Downloaded 7493794 bytes..."
"2"," [92%] Downloaded 7541818 bytes..."
"2"," [92%] Downloaded 7590970 bytes..."
"2"," [93%] Downloaded 7607354 bytes..."
"2"," [93%] Downloaded 7623738 bytes..."
"2"," [93%] Downloaded 7656506 bytes..."
"2"," [93%] Downloaded 7672890 bytes..."
"2"," [94%] Downloaded 7720914 bytes..."
"2"," [94%] Downloaded 7737298 bytes..."
"2"," [95%] Downloaded 7770066 bytes..."
"2"," [95%] Downloaded 7786450 bytes..."
"2"," [95%] Downloaded 7802834 bytes..."
"2"," [96%] Downloaded 7851986 bytes..."
"2"," [96%] Downloaded 7916394 bytes..."
"2"," [97%] Downloaded 7932778 bytes..."
"2"," [97%] Downloaded 7981930 bytes..."
"2"," [98%] Downloaded 8031082 bytes..."
"2"," [98%] Downloaded 8047466 bytes..."
"2"," [99%] Downloaded 8111874 bytes..."
"2"," [100%] Downloaded 8174249 bytes..."
"2","
"
"2"," [0%] Downloaded 48809 bytes..."
"2"," [0%] Downloaded 114033 bytes..."
"2"," [1%] Downloaded 130041 bytes..."
"2"," [1%] Downloaded 162809 bytes..."
"2"," [1%] Downloaded 179193 bytes..."
"2"," [1%] Downloaded 227969 bytes..."
"2"," [1%] Downloaded 244353 bytes..."
"2"," [2%] Downloaded 309513 bytes..."
"2"," [2%] Downloaded 325897 bytes..."
"2"," [2%] Downloaded 375049 bytes..."
"2"," [3%] Downloaded 440585 bytes..."
"2"," [4%] Downloaded 504353 bytes..."
"2"," [4%] Downloaded 553505 bytes..."
"2"," [4%] Downloaded 569889 bytes..."
"2"," [5%] Downloaded 635425 bytes..."
"2"," [5%] Downloaded 667065 bytes..."
"2"," [5%] Downloaded 699833 bytes..."
"2"," [6%] Downloaded 765369 bytes..."
"2"," [6%] Downloaded 798137 bytes..."
"2"," [6%] Downloaded 830905 bytes..."
"2"," [7%] Downloaded 895313 bytes..."
"2"," [7%] Downloaded 960849 bytes..."
"2"," [7%] Downloaded 993617 bytes..."
"2"," [8%] Downloaded 1026385 bytes..."
"2"," [8%] Downloaded 1090793 bytes..."
"2"," [8%] Downloaded 1123561 bytes..."
"2"," [9%] Downloaded 1156329 bytes..."
"2"," [9%] Downloaded 1172713 bytes..."
"2"," [9%] Downloaded 1189097 bytes..."
"2"," [9%] Downloaded 1205481 bytes..."
"2"," [9%] Downloaded 1221865 bytes..."
"2"," [9%] Downloaded 1253505 bytes..."
"2"," [10%] Downloaded 1269889 bytes..."
"2"," [10%] Downloaded 1286273 bytes..."
"2"," [10%] Downloaded 1319041 bytes..."
"2"," [10%] Downloaded 1335425 bytes..."
"2"," [11%] Downloaded 1384577 bytes..."
"2"," [11%] Downloaded 1400961 bytes..."
"2"," [11%] Downloaded 1417345 bytes..."
"2"," [11%] Downloaded 1465369 bytes..."
"2"," [12%] Downloaded 1530905 bytes..."
"2"," [12%] Downloaded 1596441 bytes..."
"2"," [12%] Downloaded 1628081 bytes..."
"2"," [13%] Downloaded 1644465 bytes..."
"2"," [13%] Downloaded 1660849 bytes..."
"2"," [13%] Downloaded 1693617 bytes..."
"2"," [13%] Downloaded 1710001 bytes..."
"2"," [13%] Downloaded 1726385 bytes..."
"2"," [14%] Downloaded 1791921 bytes..."
"2"," [14%] Downloaded 1808305 bytes..."
"2"," [14%] Downloaded 1856329 bytes..."
"2"," [15%] Downloaded 1921865 bytes..."
"2"," [15%] Downloaded 1971017 bytes..."
"2"," [15%] Downloaded 1987401 bytes..."
"2"," [16%] Downloaded 2035425 bytes..."
"2"," [16%] Downloaded 2051809 bytes..."
"2"," [16%] Downloaded 2117345 bytes..."
"2"," [17%] Downloaded 2182881 bytes..."
"2"," [17%] Downloaded 2230905 bytes..."
"2"," [17%] Downloaded 2247289 bytes..."
"2"," [18%] Downloaded 2312825 bytes..."
"2"," [18%] Downloaded 2361977 bytes..."
"2"," [18%] Downloaded 2378361 bytes..."
"2"," [19%] Downloaded 2426385 bytes..."
"2"," [19%] Downloaded 2442769 bytes..."
"2"," [19%] Downloaded 2491921 bytes..."
"2"," [19%] Downloaded 2508305 bytes..."
"2"," [20%] Downloaded 2541073 bytes..."
"2"," [20%] Downloaded 2557457 bytes..."
"2"," [20%] Downloaded 2621865 bytes..."
"2"," [21%] Downloaded 2638249 bytes..."
"2"," [21%] Downloaded 2671017 bytes..."
"2"," [21%] Downloaded 2687401 bytes..."
"2"," [21%] Downloaded 2752937 bytes..."
"2"," [22%] Downloaded 2785705 bytes..."
"2"," [22%] Downloaded 2817345 bytes..."
"2"," [22%] Downloaded 2882881 bytes..."
"2"," [23%] Downloaded 2932033 bytes..."
"2"," [23%] Downloaded 2948417 bytes..."
"2"," [23%] Downloaded 3012825 bytes..."
"2"," [24%] Downloaded 3078361 bytes..."
"2"," [25%] Downloaded 3143897 bytes..."
"2"," [25%] Downloaded 3191921 bytes..."
"2"," [25%] Downloaded 3208305 bytes..."
"2"," [25%] Downloaded 3241073 bytes..."
"2"," [26%] Downloaded 3273841 bytes..."
"2"," [26%] Downloaded 3339377 bytes..."
"2"," [27%] Downloaded 3403785 bytes..."
"2"," [27%] Downloaded 3452937 bytes..."
"2"," [27%] Downloaded 3469321 bytes..."
"2"," [28%] Downloaded 3518473 bytes..."
"2"," [28%] Downloaded 3534857 bytes..."
"2"," [28%] Downloaded 3599265 bytes..."
"2"," [29%] Downloaded 3648417 bytes..."
"2"," [29%] Downloaded 3664801 bytes..."
"2"," [29%] Downloaded 3713953 bytes..."
"2"," [29%] Downloaded 3730337 bytes..."
"2"," [30%] Downloaded 3778361 bytes..."
"2"," [30%] Downloaded 3794745 bytes..."
"2"," [30%] Downloaded 3827513 bytes..."
"2"," [30%] Downloaded 3843897 bytes..."
"2"," [30%] Downloaded 3876665 bytes..."
"2"," [31%] Downloaded 3909433 bytes..."
"2"," [31%] Downloaded 3958585 bytes..."
"2"," [31%] Downloaded 3973841 bytes..."
"2"," [32%] Downloaded 4022993 bytes..."
"2"," [32%] Downloaded 4039377 bytes..."
"2"," [32%] Downloaded 4072145 bytes..."
"2"," [32%] Downloaded 4104913 bytes..."
"2"," [33%] Downloaded 4154065 bytes..."
"2"," [33%] Downloaded 4169321 bytes..."
"2"," [33%] Downloaded 4185705 bytes..."
"2"," [33%] Downloaded 4234857 bytes..."
"2"," [34%] Downloaded 4284009 bytes..."
"2"," [34%] Downloaded 4300393 bytes..."
"2"," [34%] Downloaded 4364801 bytes..."
"2"," [35%] Downloaded 4430337 bytes..."
"2"," [35%] Downloaded 4495873 bytes..."
"2"," [36%] Downloaded 4560281 bytes..."
"2"," [36%] Downloaded 4625817 bytes..."
"2"," [37%] Downloaded 4691353 bytes..."
"2"," [37%] Downloaded 4724121 bytes..."
"2"," [37%] Downloaded 4755761 bytes..."
"2"," [38%] Downloaded 4804913 bytes..."
"2"," [38%] Downloaded 4821297 bytes..."
"2"," [38%] Downloaded 4837681 bytes..."
"2"," [38%] Downloaded 4870449 bytes..."
"2"," [38%] Downloaded 4886833 bytes..."
"2"," [39%] Downloaded 4919601 bytes..."
"2"," [39%] Downloaded 4935985 bytes..."
"2"," [39%] Downloaded 4951241 bytes..."
"2"," [39%] Downloaded 5000393 bytes..."
"2"," [39%] Downloaded 5016777 bytes..."
"2"," [40%] Downloaded 5049545 bytes..."
"2"," [40%] Downloaded 5065929 bytes..."
"2"," [40%] Downloaded 5082313 bytes..."
"2"," [40%] Downloaded 5115081 bytes..."
"2"," [40%] Downloaded 5131465 bytes..."
"2"," [40%] Downloaded 5146721 bytes..."
"2"," [41%] Downloaded 5195873 bytes..."
"2"," [41%] Downloaded 5245025 bytes..."
"2"," [41%] Downloaded 5261409 bytes..."
"2"," [42%] Downloaded 5310561 bytes..."
"2"," [42%] Downloaded 5326945 bytes..."
"2"," [42%] Downloaded 5374969 bytes..."
"2"," [42%] Downloaded 5391353 bytes..."
"2"," [43%] Downloaded 5424121 bytes..."
"2"," [43%] Downloaded 5440505 bytes..."
"2"," [43%] Downloaded 5456889 bytes..."
"2"," [43%] Downloaded 5489657 bytes..."
"2"," [43%] Downloaded 5522425 bytes..."
"2"," [44%] Downloaded 5570449 bytes..."
"2"," [44%] Downloaded 5586833 bytes..."
"2"," [44%] Downloaded 5635985 bytes..."
"2"," [44%] Downloaded 5652369 bytes..."
"2"," [45%] Downloaded 5685137 bytes..."
"2"," [45%] Downloaded 5717905 bytes..."
"2"," [45%] Downloaded 5765929 bytes..."
"2"," [46%] Downloaded 5782313 bytes..."
"2"," [46%] Downloaded 5831465 bytes..."
"2"," [46%] Downloaded 5847849 bytes..."
"2"," [46%] Downloaded 5897001 bytes..."
"2"," [47%] Downloaded 5913385 bytes..."
"2"," [47%] Downloaded 5977793 bytes..."
"2"," [48%] Downloaded 6043329 bytes..."
"2"," [48%] Downloaded 6059713 bytes..."
"2"," [48%] Downloaded 6076097 bytes..."
"2"," [48%] Downloaded 6108865 bytes..."
"2"," [49%] Downloaded 6173273 bytes..."
"2"," [49%] Downloaded 6189657 bytes..."
"2"," [49%] Downloaded 6238809 bytes..."
"2"," [49%] Downloaded 6271577 bytes..."
"2"," [50%] Downloaded 6287961 bytes..."
"2"," [50%] Downloaded 6304345 bytes..."
"2"," [50%] Downloaded 6368753 bytes..."
"2"," [51%] Downloaded 6417905 bytes..."
"2"," [51%] Downloaded 6483441 bytes..."
"2"," [51%] Downloaded 6499825 bytes..."
"2"," [51%] Downloaded 6531465 bytes..."
"2"," [52%] Downloaded 6547849 bytes..."
"2"," [52%] Downloaded 6564233 bytes..."
"2"," [52%] Downloaded 6597001 bytes..."
"2"," [52%] Downloaded 6613385 bytes..."
"2"," [52%] Downloaded 6646153 bytes..."
"2"," [53%] Downloaded 6678921 bytes..."
"2"," [53%] Downloaded 6710561 bytes..."
"2"," [53%] Downloaded 6743329 bytes..."
"2"," [54%] Downloaded 6792481 bytes..."
"2"," [54%] Downloaded 6808865 bytes..."
"2"," [54%] Downloaded 6874401 bytes..."
"2"," [55%] Downloaded 6938809 bytes..."
"2"," [55%] Downloaded 6987961 bytes..."
"2"," [55%] Downloaded 7004345 bytes..."
"2"," [56%] Downloaded 7069881 bytes..."
"2"," [56%] Downloaded 7134289 bytes..."
"2"," [56%] Downloaded 7150673 bytes..."
"2"," [57%] Downloaded 7199825 bytes..."
"2"," [57%] Downloaded 7265361 bytes..."
"2"," [58%] Downloaded 7329769 bytes..."
"2"," [58%] Downloaded 7378921 bytes..."
"2"," [58%] Downloaded 7395305 bytes..."
"2"," [59%] Downloaded 7460841 bytes..."
"2"," [59%] Downloaded 7525249 bytes..."
"2"," [60%] Downloaded 7590785 bytes..."
"2"," [60%] Downloaded 7607169 bytes..."
"2"," [60%] Downloaded 7639937 bytes..."
"2"," [60%] Downloaded 7656321 bytes..."
"2"," [61%] Downloaded 7687961 bytes..."
"2"," [61%] Downloaded 7704345 bytes..."
"2"," [61%] Downloaded 7720729 bytes..."
"2"," [61%] Downloaded 7737113 bytes..."
"2"," [61%] Downloaded 7769881 bytes..."
"2"," [61%] Downloaded 7786265 bytes..."
"2"," [62%] Downloaded 7802649 bytes..."
"2"," [62%] Downloaded 7835417 bytes..."
"2"," [62%] Downloaded 7882865 bytes..."
"2"," [62%] Downloaded 7899249 bytes..."
"2"," [63%] Downloaded 7964785 bytes..."
"2"," [63%] Downloaded 8030321 bytes..."
"2"," [64%] Downloaded 8094729 bytes..."
"2"," [64%] Downloaded 8143881 bytes..."
"2"," [64%] Downloaded 8160265 bytes..."
"2"," [65%] Downloaded 8225801 bytes..."
"2"," [65%] Downloaded 8290209 bytes..."
"2"," [66%] Downloaded 8355745 bytes..."
"2"," [67%] Downloaded 8421281 bytes..."
"2"," [67%] Downloaded 8485689 bytes..."
"2"," [68%] Downloaded 8551225 bytes..."
"2"," [68%] Downloaded 8600377 bytes..."
"2"," [68%] Downloaded 8617001 bytes..."
"2"," [69%] Downloaded 8682537 bytes..."
"2"," [69%] Downloaded 8715305 bytes..."
"2"," [69%] Downloaded 8731689 bytes..."
"2"," [69%] Downloaded 8780841 bytes..."
"2"," [70%] Downloaded 8812481 bytes..."
"2"," [70%] Downloaded 8861633 bytes..."
"2"," [70%] Downloaded 8878017 bytes..."
"2"," [71%] Downloaded 8927169 bytes..."
"2"," [71%] Downloaded 8943553 bytes..."
"2"," [71%] Downloaded 8992705 bytes..."
"2"," [71%] Downloaded 9007961 bytes..."
"2"," [72%] Downloaded 9057113 bytes..."
"2"," [72%] Downloaded 9106265 bytes..."
"2"," [72%] Downloaded 9122649 bytes..."
"2"," [72%] Downloaded 9139033 bytes..."
"2"," [73%] Downloaded 9188185 bytes..."
"2"," [73%] Downloaded 9252593 bytes..."
"2"," [73%] Downloaded 9268977 bytes..."
"2"," [74%] Downloaded 9318129 bytes..."
"2"," [74%] Downloaded 9367281 bytes..."
"2"," [74%] Downloaded 9383665 bytes..."
"2"," [75%] Downloaded 9448073 bytes..."
"2"," [75%] Downloaded 9480841 bytes..."
"2"," [75%] Downloaded 9513609 bytes..."
"2"," [76%] Downloaded 9562761 bytes..."
"2"," [76%] Downloaded 9579145 bytes..."
"2"," [76%] Downloaded 9594401 bytes..."
"2"," [76%] Downloaded 9643553 bytes..."
"2"," [77%] Downloaded 9709089 bytes..."
"2"," [77%] Downloaded 9758241 bytes..."
"2"," [77%] Downloaded 9774625 bytes..."
"2"," [77%] Downloaded 9789881 bytes..."
"2"," [78%] Downloaded 9839033 bytes..."
"2"," [78%] Downloaded 9904569 bytes..."
"2"," [79%] Downloaded 9970105 bytes..."
"2"," [79%] Downloaded 10018129 bytes..."
"2"," [79%] Downloaded 10034513 bytes..."
"2"," [80%] Downloaded 10083665 bytes..."
"2"," [80%] Downloaded 10100049 bytes..."
"2"," [80%] Downloaded 10132817 bytes..."
"2"," [80%] Downloaded 10149201 bytes..."
"2"," [81%] Downloaded 10197225 bytes..."
"2"," [81%] Downloaded 10213609 bytes..."
"2"," [81%] Downloaded 10229993 bytes..."
"2"," [81%] Downloaded 10246377 bytes..."
"2"," [81%] Downloaded 10262761 bytes..."
"2"," [81%] Downloaded 10279145 bytes..."
"2"," [82%] Downloaded 10328297 bytes..."
"2"," [82%] Downloaded 10344681 bytes..."
"2"," [82%] Downloaded 10376321 bytes..."
"2"," [82%] Downloaded 10392705 bytes..."
"2"," [82%] Downloaded 10409089 bytes..."
"2"," [83%] Downloaded 10441857 bytes..."
"2"," [83%] Downloaded 10474625 bytes..."
"2"," [83%] Downloaded 10507393 bytes..."
"2"," [83%] Downloaded 10540161 bytes..."
"2"," [84%] Downloaded 10588185 bytes..."
"2"," [84%] Downloaded 10604569 bytes..."
"2"," [84%] Downloaded 10670105 bytes..."
"2"," [85%] Downloaded 10686489 bytes..."
"2"," [85%] Downloaded 10702873 bytes..."
"2"," [85%] Downloaded 10735641 bytes..."
"2"," [85%] Downloaded 10767281 bytes..."
"2"," [85%] Downloaded 10783665 bytes..."
"2"," [85%] Downloaded 10800049 bytes..."
"2"," [86%] Downloaded 10849201 bytes..."
"2"," [86%] Downloaded 10865585 bytes..."
"2"," [86%] Downloaded 10914737 bytes..."
"2"," [87%] Downloaded 10931121 bytes..."
"2"," [87%] Downloaded 10979145 bytes..."
"2"," [87%] Downloaded 10995529 bytes..."
"2"," [87%] Downloaded 11028297 bytes..."
"2"," [87%] Downloaded 11044681 bytes..."
"2"," [88%] Downloaded 11061065 bytes..."
"2"," [88%] Downloaded 11093833 bytes..."
"2"," [88%] Downloaded 11126601 bytes..."
"2"," [88%] Downloaded 11142985 bytes..."
"2"," [88%] Downloaded 11158241 bytes..."
"2"," [89%] Downloaded 11191009 bytes..."
"2"," [89%] Downloaded 11223777 bytes..."
"2"," [89%] Downloaded 11256545 bytes..."
"2"," [89%] Downloaded 11289313 bytes..."
"2"," [90%] Downloaded 11322081 bytes..."
"2"," [90%] Downloaded 11353721 bytes..."
"2"," [90%] Downloaded 11386489 bytes..."
"2"," [90%] Downloaded 11419257 bytes..."
"2"," [91%] Downloaded 11435641 bytes..."
"2"," [91%] Downloaded 11452025 bytes..."
"2"," [91%] Downloaded 11484793 bytes..."
"2"," [91%] Downloaded 11501177 bytes..."
"2"," [91%] Downloaded 11549201 bytes..."
"2"," [92%] Downloaded 11565585 bytes..."
"2"," [92%] Downloaded 11614737 bytes..."
"2"," [92%] Downloaded 11631121 bytes..."
"2"," [92%] Downloaded 11680273 bytes..."
"2"," [93%] Downloaded 11696657 bytes..."
"2"," [93%] Downloaded 11744681 bytes..."
"2"," [93%] Downloaded 11761065 bytes..."
"2"," [93%] Downloaded 11793833 bytes..."
"2"," [94%] Downloaded 11810217 bytes..."
"2"," [94%] Downloaded 11826601 bytes..."
"2"," [94%] Downloaded 11842985 bytes..."
"2"," [94%] Downloaded 11875753 bytes..."
"2"," [94%] Downloaded 11892137 bytes..."
"2"," [94%] Downloaded 11908521 bytes..."
"2"," [95%] Downloaded 11956545 bytes..."
"2"," [95%] Downloaded 12005697 bytes..."
"2"," [95%] Downloaded 12022081 bytes..."
"2"," [96%] Downloaded 12087617 bytes..."
"2"," [96%] Downloaded 12135641 bytes..."
"2"," [96%] Downloaded 12152025 bytes..."
"2"," [97%] Downloaded 12217561 bytes..."
"2"," [97%] Downloaded 12250329 bytes..."
"2"," [97%] Downloaded 12283097 bytes..."
"2"," [98%] Downloaded 12331121 bytes..."
"2"," [98%] Downloaded 12347505 bytes..."
"2"," [98%] Downloaded 12363889 bytes..."
"2"," [98%] Downloaded 12413041 bytes..."
"2"," [99%] Downloaded 12445809 bytes..."
"2"," [99%] Downloaded 12478577 bytes..."
"2"," [99%] Downloaded 12511345 bytes..."
"2"," [99%] Downloaded 12542985 bytes..."
"2"," [100%] Downloaded 12562650 bytes..."
"2","
"
"2"," [0%] Downloaded 55201 bytes..."
"2"," [0%] Downloaded 103977 bytes..."
"2"," [0%] Downloaded 120361 bytes..."
"2"," [1%] Downloaded 185521 bytes..."
"2"," [1%] Downloaded 218289 bytes..."
"2"," [2%] Downloaded 250681 bytes..."
"2"," [2%] Downloaded 315841 bytes..."
"2"," [2%] Downloaded 364993 bytes..."
"2"," [3%] Downloaded 381377 bytes..."
"2"," [3%] Downloaded 446913 bytes..."
"2"," [3%] Downloaded 463297 bytes..."
"2"," [4%] Downloaded 511321 bytes..."
"2"," [4%] Downloaded 576857 bytes..."
"2"," [5%] Downloaded 626009 bytes..."
"2"," [5%] Downloaded 642393 bytes..."
"2"," [5%] Downloaded 706801 bytes..."
"2"," [6%] Downloaded 739569 bytes..."
"2"," [6%] Downloaded 755953 bytes..."
"2"," [6%] Downloaded 772337 bytes..."
"2"," [6%] Downloaded 788721 bytes..."
"2"," [6%] Downloaded 805105 bytes..."
"2"," [6%] Downloaded 821489 bytes..."
"2"," [6%] Downloaded 837873 bytes..."
"2"," [7%] Downloaded 885897 bytes..."
"2"," [7%] Downloaded 902281 bytes..."
"2"," [7%] Downloaded 935049 bytes..."
"2"," [7%] Downloaded 951433 bytes..."
"2"," [8%] Downloaded 1016969 bytes..."
"2"," [8%] Downloaded 1066121 bytes..."
"2"," [8%] Downloaded 1081377 bytes..."
"2"," [9%] Downloaded 1146913 bytes..."
"2"," [9%] Downloaded 1212449 bytes..."
"2"," [10%] Downloaded 1276857 bytes..."
"2"," [11%] Downloaded 1342393 bytes..."
"2"," [11%] Downloaded 1407929 bytes..."
"2"," [11%] Downloaded 1457081 bytes..."
"2"," [12%] Downloaded 1472337 bytes..."
"2"," [12%] Downloaded 1521489 bytes..."
"2"," [12%] Downloaded 1537873 bytes..."
"2"," [12%] Downloaded 1570641 bytes..."
"2"," [13%] Downloaded 1603409 bytes..."
"2"," [13%] Downloaded 1667817 bytes..."
"2"," [14%] Downloaded 1733353 bytes..."
"2"," [14%] Downloaded 1782505 bytes..."
"2"," [14%] Downloaded 1798889 bytes..."
"2"," [15%] Downloaded 1863297 bytes..."
"2"," [15%] Downloaded 1912449 bytes..."
"2"," [15%] Downloaded 1928833 bytes..."
"2"," [16%] Downloaded 1977985 bytes..."
"2"," [16%] Downloaded 1994369 bytes..."
"2"," [16%] Downloaded 2043521 bytes..."
"2"," [16%] Downloaded 2058777 bytes..."
"2"," [17%] Downloaded 2107929 bytes..."
"2"," [17%] Downloaded 2124313 bytes..."
"2"," [17%] Downloaded 2157081 bytes..."
"2"," [17%] Downloaded 2173465 bytes..."
"2"," [18%] Downloaded 2239001 bytes..."
"2"," [18%] Downloaded 2254257 bytes..."
"2"," [18%] Downloaded 2303409 bytes..."
"2"," [19%] Downloaded 2352561 bytes..."
"2"," [19%] Downloaded 2368945 bytes..."
"2"," [20%] Downloaded 2434481 bytes..."
"2"," [20%] Downloaded 2498889 bytes..."
"2"," [21%] Downloaded 2564425 bytes..."
"2"," [21%] Downloaded 2613577 bytes..."
"2"," [21%] Downloaded 2629961 bytes..."
"2"," [22%] Downloaded 2677985 bytes..."
"2"," [22%] Downloaded 2694369 bytes..."
"2"," [22%] Downloaded 2743521 bytes..."
"2"," [22%] Downloaded 2759905 bytes..."
"2"," [22%] Downloaded 2792673 bytes..."
"2"," [23%] Downloaded 2825441 bytes..."
"2"," [23%] Downloaded 2889849 bytes..."
"2"," [23%] Downloaded 2906233 bytes..."
"2"," [24%] Downloaded 2955385 bytes..."
"2"," [24%] Downloaded 3020921 bytes..."
"2"," [25%] Downloaded 3068945 bytes..."
"2"," [25%] Downloaded 3085329 bytes..."
"2"," [25%] Downloaded 3150865 bytes..."
"2"," [26%] Downloaded 3200017 bytes..."
"2"," [26%] Downloaded 3216401 bytes..."
"2"," [26%] Downloaded 3248041 bytes..."
"2"," [26%] Downloaded 3280809 bytes..."
"2"," [27%] Downloaded 3329961 bytes..."
"2"," [27%] Downloaded 3346345 bytes..."
"2"," [27%] Downloaded 3395497 bytes..."
"2"," [28%] Downloaded 3411881 bytes..."
"2"," [28%] Downloaded 3443521 bytes..."
"2"," [28%] Downloaded 3459905 bytes..."
"2"," [28%] Downloaded 3525441 bytes..."
"2"," [29%] Downloaded 3590977 bytes..."
"2"," [30%] Downloaded 3655385 bytes..."
"2"," [30%] Downloaded 3720921 bytes..."
"2"," [30%] Downloaded 3770073 bytes..."
"2"," [31%] Downloaded 3786457 bytes..."
"2"," [31%] Downloaded 3850953 bytes..."
"2"," [32%] Downloaded 3916489 bytes..."
"2"," [32%] Downloaded 3982025 bytes..."
"2"," [33%] Downloaded 4046433 bytes..."
"2"," [33%] Downloaded 4111969 bytes..."
"2"," [34%] Downloaded 4177505 bytes..."
"2"," [34%] Downloaded 4225529 bytes..."
"2"," [34%] Downloaded 4241913 bytes..."
"2"," [35%] Downloaded 4291065 bytes..."
"2"," [35%] Downloaded 4307449 bytes..."
"2"," [35%] Downloaded 4356601 bytes..."
"2"," [35%] Downloaded 4372985 bytes..."
"2"," [36%] Downloaded 4437393 bytes..."
"2"," [36%] Downloaded 4486545 bytes..."
"2"," [36%] Downloaded 4502929 bytes..."
"2"," [37%] Downloaded 4552081 bytes..."
"2"," [37%] Downloaded 4568465 bytes..."
"2"," [37%] Downloaded 4600273 bytes..."
"2"," [37%] Downloaded 4616657 bytes..."
"2"," [38%] Downloaded 4682193 bytes..."
"2"," [39%] Downloaded 4747729 bytes..."
"2"," [39%] Downloaded 4795753 bytes..."
"2"," [39%] Downloaded 4812137 bytes..."
"2"," [39%] Downloaded 4861289 bytes..."
"2"," [40%] Downloaded 4877673 bytes..."
"2"," [40%] Downloaded 4943209 bytes..."
"2"," [41%] Downloaded 5007617 bytes..."
"2"," [41%] Downloaded 5024001 bytes..."
"2"," [41%] Downloaded 5073153 bytes..."
"2"," [42%] Downloaded 5138689 bytes..."
"2"," [42%] Downloaded 5186713 bytes..."
"2"," [42%] Downloaded 5203097 bytes..."
"2"," [43%] Downloaded 5268633 bytes..."
"2"," [43%] Downloaded 5301401 bytes..."
"2"," [43%] Downloaded 5334169 bytes..."
"2"," [44%] Downloaded 5382193 bytes..."
"2"," [44%] Downloaded 5398577 bytes..."
"2"," [44%] Downloaded 5464113 bytes..."
"2"," [45%] Downloaded 5513265 bytes..."
"2"," [45%] Downloaded 5529649 bytes..."
"2"," [45%] Downloaded 5594057 bytes..."
"2"," [46%] Downloaded 5626825 bytes..."
"2"," [46%] Downloaded 5659593 bytes..."
"2"," [46%] Downloaded 5692361 bytes..."
"2"," [46%] Downloaded 5708745 bytes..."
"2"," [47%] Downloaded 5725129 bytes..."
"2"," [47%] Downloaded 5757897 bytes..."
"2"," [47%] Downloaded 5773153 bytes..."
"2"," [47%] Downloaded 5789537 bytes..."
"2"," [47%] Downloaded 5838689 bytes..."
"2"," [48%] Downloaded 5855073 bytes..."
"2"," [48%] Downloaded 5904225 bytes..."
"2"," [49%] Downloaded 5968633 bytes..."
"2"," [49%] Downloaded 5985017 bytes..."
"2"," [49%] Downloaded 6017785 bytes..."
"2"," [49%] Downloaded 6034169 bytes..."
"2"," [50%] Downloaded 6099705 bytes..."
"2"," [50%] Downloaded 6164113 bytes..."
"2"," [51%] Downloaded 6213265 bytes..."
"2"," [51%] Downloaded 6229649 bytes..."
"2"," [51%] Downloaded 6262417 bytes..."
"2"," [51%] Downloaded 6295185 bytes..."
"2"," [52%] Downloaded 6359593 bytes..."
"2"," [52%] Downloaded 6375977 bytes..."
"2"," [52%] Downloaded 6425129 bytes..."
"2"," [53%] Downloaded 6490665 bytes..."
"2"," [53%] Downloaded 6555073 bytes..."
"2"," [54%] Downloaded 6604225 bytes..."
"2"," [54%] Downloaded 6620609 bytes..."
"2"," [54%] Downloaded 6669761 bytes..."
"2"," [54%] Downloaded 6686145 bytes..."
"2"," [55%] Downloaded 6735297 bytes..."
"2"," [55%] Downloaded 6750553 bytes..."
"2"," [55%] Downloaded 6783321 bytes..."
"2"," [55%] Downloaded 6799705 bytes..."
"2"," [56%] Downloaded 6816089 bytes..."
"2"," [56%] Downloaded 6865241 bytes..."
"2"," [56%] Downloaded 6881625 bytes..."
"2"," [56%] Downloaded 6930777 bytes..."
"2"," [57%] Downloaded 6946033 bytes..."
"2"," [57%] Downloaded 6978801 bytes..."
"2"," [57%] Downloaded 6995185 bytes..."
"2"," [57%] Downloaded 7011569 bytes..."
"2"," [58%] Downloaded 7060721 bytes..."
"2"," [58%] Downloaded 7093489 bytes..."
"2"," [58%] Downloaded 7126257 bytes..."
"2"," [58%] Downloaded 7141513 bytes..."
"2"," [59%] Downloaded 7190665 bytes..."
"2"," [59%] Downloaded 7256201 bytes..."
"2"," [60%] Downloaded 7305353 bytes..."
"2"," [60%] Downloaded 7321737 bytes..."
"2"," [60%] Downloaded 7369761 bytes..."
"2"," [60%] Downloaded 7386145 bytes..."
"2"," [61%] Downloaded 7451681 bytes..."
"2"," [61%] Downloaded 7517217 bytes..."
"2"," [62%] Downloaded 7581625 bytes..."
"2"," [62%] Downloaded 7647161 bytes..."
"2"," [63%] Downloaded 7696313 bytes..."
"2"," [63%] Downloaded 7712697 bytes..."
"2"," [63%] Downloaded 7777105 bytes..."
"2"," [64%] Downloaded 7842641 bytes..."
"2"," [64%] Downloaded 7908177 bytes..."
"2"," [65%] Downloaded 7972585 bytes..."
"2"," [66%] Downloaded 8038121 bytes..."
"2"," [66%] Downloaded 8087273 bytes..."
"2"," [66%] Downloaded 8103657 bytes..."
"2"," [67%] Downloaded 8168065 bytes..."
"2"," [67%] Downloaded 8200833 bytes..."
"2"," [67%] Downloaded 8217217 bytes..."
"2"," [67%] Downloaded 8233601 bytes..."
"2"," [68%] Downloaded 8282753 bytes..."
"2"," [68%] Downloaded 8347161 bytes..."
"2"," [68%] Downloaded 8363545 bytes..."
"2"," [68%] Downloaded 8379929 bytes..."
"2"," [69%] Downloaded 8412697 bytes..."
"2"," [69%] Downloaded 8429081 bytes..."
"2"," [69%] Downloaded 8478233 bytes..."
"2"," [69%] Downloaded 8509873 bytes..."
"2"," [70%] Downloaded 8542641 bytes..."
"2"," [70%] Downloaded 8608177 bytes..."
"2"," [71%] Downloaded 8673713 bytes..."
"2"," [71%] Downloaded 8705353 bytes..."
"2"," [71%] Downloaded 8738121 bytes..."
"2"," [72%] Downloaded 8803657 bytes..."
"2"," [72%] Downloaded 8852809 bytes..."
"2"," [72%] Downloaded 8869193 bytes..."
"2"," [73%] Downloaded 8900833 bytes..."
"2"," [73%] Downloaded 8933601 bytes..."
"2"," [73%] Downloaded 8999137 bytes..."
"2"," [74%] Downloaded 9064673 bytes..."
"2"," [74%] Downloaded 9112697 bytes..."
"2"," [75%] Downloaded 9129081 bytes..."
"2"," [75%] Downloaded 9194617 bytes..."
"2"," [76%] Downloaded 9260153 bytes..."
"2"," [76%] Downloaded 9324561 bytes..."
"2"," [77%] Downloaded 9390097 bytes..."
"2"," [77%] Downloaded 9439249 bytes..."
"2"," [77%] Downloaded 9455633 bytes..."
"2"," [77%] Downloaded 9487273 bytes..."
"2"," [78%] Downloaded 9503657 bytes..."
"2"," [78%] Downloaded 9520041 bytes..."
"2"," [78%] Downloaded 9569193 bytes..."
"2"," [78%] Downloaded 9585577 bytes..."
"2"," [79%] Downloaded 9618345 bytes..."
"2"," [79%] Downloaded 9634729 bytes..."
"2"," [79%] Downloaded 9651113 bytes..."
"2"," [79%] Downloaded 9699137 bytes..."
"2"," [79%] Downloaded 9715521 bytes..."
"2"," [80%] Downloaded 9748289 bytes..."
"2"," [80%] Downloaded 9764673 bytes..."
"2"," [80%] Downloaded 9830209 bytes..."
"2"," [81%] Downloaded 9878233 bytes..."
"2"," [81%] Downloaded 9894617 bytes..."
"2"," [81%] Downloaded 9960153 bytes..."
"2"," [82%] Downloaded 9992921 bytes..."
"2"," [82%] Downloaded 10025689 bytes..."
"2"," [82%] Downloaded 10090097 bytes..."
"2"," [83%] Downloaded 10139249 bytes..."
"2"," [83%] Downloaded 10155633 bytes..."
"2"," [83%] Downloaded 10188401 bytes..."
"2"," [83%] Downloaded 10221169 bytes..."
"2"," [84%] Downloaded 10269193 bytes..."
"2"," [84%] Downloaded 10285577 bytes..."
"2"," [84%] Downloaded 10334729 bytes..."
"2"," [85%] Downloaded 10351113 bytes..."
"2"," [85%] Downloaded 10383881 bytes..."
"2"," [85%] Downloaded 10416649 bytes..."
"2"," [85%] Downloaded 10464673 bytes..."
"2"," [86%] Downloaded 10481057 bytes..."
"2"," [86%] Downloaded 10546593 bytes..."
"2"," [86%] Downloaded 10579361 bytes..."
"2"," [87%] Downloaded 10595745 bytes..."
"2"," [87%] Downloaded 10612129 bytes..."
"2"," [87%] Downloaded 10676537 bytes..."
"2"," [88%] Downloaded 10725689 bytes..."
"2"," [88%] Downloaded 10742073 bytes..."
"2"," [88%] Downloaded 10791225 bytes..."
"2"," [89%] Downloaded 10855633 bytes..."
"2"," [89%] Downloaded 10872017 bytes..."
"2"," [89%] Downloaded 10904785 bytes..."
"2"," [89%] Downloaded 10921169 bytes..."
"2"," [90%] Downloaded 10986705 bytes..."
"2"," [90%] Downloaded 11003089 bytes..."
"2"," [90%] Downloaded 11051113 bytes..."
"2"," [91%] Downloaded 11116649 bytes..."
"2"," [91%] Downloaded 11165801 bytes..."
"2"," [91%] Downloaded 11182185 bytes..."
"2"," [92%] Downloaded 11231337 bytes..."
"2"," [92%] Downloaded 11246593 bytes..."
"2"," [92%] Downloaded 11312129 bytes..."
"2"," [93%] Downloaded 11377665 bytes..."
"2"," [93%] Downloaded 11410433 bytes..."
"2"," [94%] Downloaded 11442073 bytes..."
"2"," [94%] Downloaded 11507609 bytes..."
"2"," [94%] Downloaded 11523993 bytes..."
"2"," [95%] Downloaded 11573145 bytes..."
"2"," [95%] Downloaded 11637553 bytes..."
"2"," [96%] Downloaded 11703089 bytes..."
"2"," [96%] Downloaded 11752241 bytes..."
"2"," [96%] Downloaded 11768625 bytes..."
"2"," [96%] Downloaded 11801393 bytes..."
"2"," [97%] Downloaded 11833033 bytes..."
"2"," [97%] Downloaded 11882185 bytes..."
"2"," [98%] Downloaded 11931337 bytes..."
"2"," [98%] Downloaded 11947721 bytes..."
"2"," [98%] Downloaded 12013257 bytes..."
"2"," [98%] Downloaded 12028513 bytes..."
"2"," [99%] Downloaded 12061281 bytes..."
"2"," [99%] Downloaded 12077665 bytes..."
"2"," [99%] Downloaded 12143201 bytes..."
"2"," [100%] Downloaded 12171562 bytes..."
"2","
"
"2"," [0%] Downloaded 41177 bytes..."
"2"," [0%] Downloaded 54745 bytes..."
"2"," [0%] Downloaded 103897 bytes..."
"2"," [1%] Downloaded 119905 bytes..."
"2"," [1%] Downloaded 169057 bytes..."
"2"," [1%] Downloaded 185065 bytes..."
"2"," [2%] Downloaded 234217 bytes..."
"2"," [2%] Downloaded 250225 bytes..."
"2"," [2%] Downloaded 315761 bytes..."
"2"," [3%] Downloaded 381297 bytes..."
"2"," [3%] Downloaded 414065 bytes..."
"2"," [3%] Downloaded 445705 bytes..."
"2"," [4%] Downloaded 494857 bytes..."
"2"," [4%] Downloaded 511241 bytes..."
"2"," [5%] Downloaded 576777 bytes..."
"2"," [5%] Downloaded 641185 bytes..."
"2"," [6%] Downloaded 690337 bytes..."
"2"," [6%] Downloaded 706721 bytes..."
"2"," [6%] Downloaded 755873 bytes..."
"2"," [6%] Downloaded 772257 bytes..."
"2"," [7%] Downloaded 836665 bytes..."
"2"," [7%] Downloaded 869433 bytes..."
"2"," [7%] Downloaded 885817 bytes..."
"2"," [8%] Downloaded 902201 bytes..."
"2"," [8%] Downloaded 951353 bytes..."
"2"," [8%] Downloaded 967737 bytes..."
"2"," [8%] Downloaded 1000505 bytes..."
"2"," [9%] Downloaded 1032145 bytes..."
"2"," [9%] Downloaded 1081297 bytes..."
"2"," [9%] Downloaded 1097681 bytes..."
"2"," [10%] Downloaded 1130449 bytes..."
"2"," [10%] Downloaded 1146833 bytes..."
"2"," [10%] Downloaded 1212369 bytes..."
"2"," [11%] Downloaded 1276777 bytes..."
"2"," [11%] Downloaded 1342313 bytes..."
"2"," [12%] Downloaded 1391465 bytes..."
"2"," [12%] Downloaded 1407849 bytes..."
"2"," [12%] Downloaded 1455873 bytes..."
"2"," [13%] Downloaded 1472257 bytes..."
"2"," [13%] Downloaded 1537793 bytes..."
"2"," [14%] Downloaded 1603329 bytes..."
"2"," [14%] Downloaded 1667737 bytes..."
"2"," [15%] Downloaded 1733273 bytes..."
"2"," [15%] Downloaded 1798809 bytes..."
"2"," [16%] Downloaded 1846833 bytes..."
"2"," [16%] Downloaded 1863217 bytes..."
"2"," [17%] Downloaded 1928753 bytes..."
"2"," [17%] Downloaded 1977905 bytes..."
"2"," [17%] Downloaded 1994289 bytes..."
"2"," [17%] Downloaded 2009545 bytes..."
"2"," [18%] Downloaded 2058697 bytes..."
"2"," [18%] Downloaded 2107849 bytes..."
"2"," [18%] Downloaded 2124233 bytes..."
"2"," [19%] Downloaded 2173385 bytes..."
"2"," [19%] Downloaded 2189769 bytes..."
"2"," [19%] Downloaded 2221409 bytes..."
"2"," [19%] Downloaded 2237793 bytes..."
"2"," [20%] Downloaded 2254177 bytes..."
"2"," [20%] Downloaded 2303329 bytes..."
"2"," [20%] Downloaded 2319713 bytes..."
"2"," [20%] Downloaded 2352481 bytes..."
"2"," [21%] Downloaded 2368865 bytes..."
"2"," [21%] Downloaded 2433273 bytes..."
"2"," [22%] Downloaded 2482425 bytes..."
"2"," [22%] Downloaded 2498809 bytes..."
"2"," [22%] Downloaded 2564345 bytes..."
"2"," [23%] Downloaded 2595985 bytes..."
"2"," [23%] Downloaded 2628753 bytes..."
"2"," [23%] Downloaded 2694289 bytes..."
"2"," [24%] Downloaded 2743441 bytes..."
"2"," [24%] Downloaded 2759825 bytes..."
"2"," [24%] Downloaded 2791465 bytes..."
"2"," [25%] Downloaded 2824233 bytes..."
"2"," [25%] Downloaded 2857001 bytes..."
"2"," [25%] Downloaded 2889769 bytes..."
"2"," [25%] Downloaded 2922537 bytes..."
"2"," [26%] Downloaded 2959433 bytes..."
"2"," [26%] Downloaded 2975817 bytes..."
"2"," [26%] Downloaded 3024969 bytes..."
"2"," [27%] Downloaded 3090505 bytes..."
"2"," [27%] Downloaded 3106889 bytes..."
"2"," [28%] Downloaded 3154913 bytes..."
"2"," [28%] Downloaded 3171297 bytes..."
"2"," [28%] Downloaded 3187681 bytes..."
"2"," [28%] Downloaded 3220449 bytes..."
"2"," [29%] Downloaded 3269601 bytes..."
"2"," [29%] Downloaded 3285985 bytes..."
"2"," [29%] Downloaded 3335137 bytes..."
"2"," [29%] Downloaded 3350393 bytes..."
"2"," [30%] Downloaded 3399545 bytes..."
"2"," [30%] Downloaded 3415929 bytes..."
"2"," [30%] Downloaded 3448697 bytes..."
"2"," [30%] Downloaded 3465081 bytes..."
"2"," [30%] Downloaded 3481465 bytes..."
"2"," [31%] Downloaded 3530617 bytes..."
"2"," [31%] Downloaded 3545873 bytes..."
"2"," [31%] Downloaded 3578641 bytes..."
"2"," [31%] Downloaded 3595025 bytes..."
"2"," [32%] Downloaded 3660561 bytes..."
"2"," [32%] Downloaded 3709713 bytes..."
"2"," [33%] Downloaded 3726097 bytes..."
"2"," [33%] Downloaded 3757737 bytes..."
"2"," [33%] Downloaded 3790505 bytes..."
"2"," [34%] Downloaded 3856041 bytes..."
"2"," [34%] Downloaded 3905193 bytes..."
"2"," [34%] Downloaded 3921577 bytes..."
"2"," [35%] Downloaded 3985985 bytes..."
"2"," [35%] Downloaded 4002369 bytes..."
"2"," [36%] Downloaded 4051521 bytes..."
"2"," [36%] Downloaded 4100673 bytes..."
"2"," [36%] Downloaded 4117057 bytes..."
"2"," [37%] Downloaded 4181465 bytes..."
"2"," [37%] Downloaded 4197849 bytes..."
"2"," [37%] Downloaded 4214233 bytes..."
"2"," [37%] Downloaded 4230617 bytes..."
"2"," [37%] Downloaded 4247001 bytes..."
"2"," [38%] Downloaded 4296153 bytes..."
"2"," [38%] Downloaded 4312537 bytes..."
"2"," [38%] Downloaded 4360561 bytes..."
"2"," [38%] Downloaded 4376945 bytes..."
"2"," [39%] Downloaded 4409713 bytes..."
"2"," [39%] Downloaded 4442481 bytes..."
"2"," [39%] Downloaded 4458865 bytes..."
"2"," [39%] Downloaded 4475249 bytes..."
"2"," [40%] Downloaded 4508017 bytes..."
"2"," [40%] Downloaded 4539657 bytes..."
"2"," [40%] Downloaded 4572425 bytes..."
"2"," [40%] Downloaded 4605193 bytes..."
"2"," [41%] Downloaded 4621577 bytes..."
"2"," [41%] Downloaded 4637961 bytes..."
"2"," [41%] Downloaded 4670729 bytes..."
"2"," [41%] Downloaded 4687113 bytes..."
"2"," [42%] Downloaded 4735137 bytes..."
"2"," [42%] Downloaded 4751521 bytes..."
"2"," [42%] Downloaded 4800673 bytes..."
"2"," [42%] Downloaded 4817057 bytes..."
"2"," [43%] Downloaded 4866209 bytes..."
"2"," [43%] Downloaded 4882593 bytes..."
"2"," [43%] Downloaded 4930617 bytes..."
"2"," [43%] Downloaded 4947001 bytes..."
"2"," [44%] Downloaded 4996153 bytes..."
"2"," [44%] Downloaded 5012537 bytes..."
"2"," [45%] Downloaded 5061689 bytes..."
"2"," [45%] Downloaded 5078073 bytes..."
"2"," [45%] Downloaded 5126097 bytes..."
"2"," [45%] Downloaded 5142481 bytes..."
"2"," [46%] Downloaded 5191633 bytes..."
"2"," [46%] Downloaded 5208017 bytes..."
"2"," [46%] Downloaded 5224401 bytes..."
"2"," [46%] Downloaded 5257169 bytes..."
"2"," [46%] Downloaded 5273553 bytes..."
"2"," [47%] Downloaded 5289937 bytes..."
"2"," [47%] Downloaded 5321577 bytes..."
"2"," [47%] Downloaded 5337961 bytes..."
"2"," [47%] Downloaded 5370729 bytes..."
"2"," [47%] Downloaded 5387113 bytes..."
"2"," [48%] Downloaded 5403497 bytes..."
"2"," [48%] Downloaded 5452649 bytes..."
"2"," [48%] Downloaded 5469033 bytes..."
"2"," [48%] Downloaded 5500673 bytes..."
"2"," [49%] Downloaded 5517057 bytes..."
"2"," [49%] Downloaded 5533441 bytes..."
"2"," [49%] Downloaded 5582593 bytes..."
"2"," [49%] Downloaded 5598977 bytes..."
"2"," [50%] Downloaded 5648129 bytes..."
"2"," [50%] Downloaded 5664513 bytes..."
"2"," [50%] Downloaded 5712537 bytes..."
"2"," [50%] Downloaded 5728921 bytes..."
"2"," [51%] Downloaded 5761689 bytes..."
"2"," [51%] Downloaded 5778073 bytes..."
"2"," [51%] Downloaded 5794457 bytes..."
"2"," [51%] Downloaded 5827225 bytes..."
"2"," [52%] Downloaded 5859993 bytes..."
"2"," [52%] Downloaded 5891633 bytes..."
"2"," [52%] Downloaded 5924401 bytes..."
"2"," [52%] Downloaded 5957169 bytes..."
"2"," [53%] Downloaded 5973553 bytes..."
"2"," [53%] Downloaded 5989937 bytes..."
"2"," [53%] Downloaded 6022705 bytes..."
"2"," [53%] Downloaded 6039089 bytes..."
"2"," [54%] Downloaded 6087113 bytes..."
"2"," [54%] Downloaded 6103497 bytes..."
"2"," [54%] Downloaded 6152649 bytes..."
"2"," [54%] Downloaded 6169033 bytes..."
"2"," [55%] Downloaded 6218185 bytes..."
"2"," [55%] Downloaded 6234569 bytes..."
"2"," [55%] Downloaded 6282593 bytes..."
"2"," [56%] Downloaded 6298977 bytes..."
"2"," [56%] Downloaded 6348129 bytes..."
"2"," [56%] Downloaded 6364513 bytes..."
"2"," [56%] Downloaded 6380897 bytes..."
"2"," [57%] Downloaded 6413665 bytes..."
"2"," [57%] Downloaded 6462817 bytes..."
"2"," [57%] Downloaded 6478073 bytes..."
"2"," [58%] Downloaded 6527225 bytes..."
"2"," [58%] Downloaded 6543609 bytes..."
"2"," [58%] Downloaded 6592761 bytes..."
"2"," [58%] Downloaded 6609145 bytes..."
"2"," [59%] Downloaded 6673553 bytes..."
"2"," [59%] Downloaded 6739089 bytes..."
"2"," [60%] Downloaded 6788241 bytes..."
"2"," [60%] Downloaded 6804625 bytes..."
"2"," [61%] Downloaded 6869033 bytes..."
"2"," [61%] Downloaded 6901801 bytes..."
"2"," [61%] Downloaded 6918185 bytes..."
"2"," [61%] Downloaded 6934569 bytes..."
"2"," [62%] Downloaded 6983721 bytes..."
"2"," [62%] Downloaded 7016489 bytes..."
"2"," [62%] Downloaded 7049257 bytes..."
"2"," [62%] Downloaded 7064513 bytes..."
"2"," [63%] Downloaded 7097281 bytes..."
"2"," [63%] Downloaded 7113665 bytes..."
"2"," [63%] Downloaded 7179201 bytes..."
"2"," [64%] Downloaded 7228353 bytes..."
"2"," [64%] Downloaded 7244737 bytes..."
"2"," [64%] Downloaded 7309145 bytes..."
"2"," [65%] Downloaded 7374681 bytes..."
"2"," [66%] Downloaded 7423833 bytes..."
"2"," [66%] Downloaded 7440217 bytes..."
"2"," [66%] Downloaded 7471857 bytes..."
"2"," [66%] Downloaded 7504625 bytes..."
"2"," [67%] Downloaded 7570161 bytes..."
"2"," [67%] Downloaded 7619313 bytes..."
"2"," [67%] Downloaded 7635697 bytes..."
"2"," [68%] Downloaded 7700105 bytes..."
"2"," [69%] Downloaded 7765641 bytes..."
"2"," [69%] Downloaded 7814793 bytes..."
"2"," [69%] Downloaded 7831177 bytes..."
"2"," [70%] Downloaded 7879201 bytes..."
"2"," [70%] Downloaded 7895585 bytes..."
"2"," [70%] Downloaded 7944737 bytes..."
"2"," [70%] Downloaded 7961121 bytes..."
"2"," [71%] Downloaded 8010273 bytes..."
"2"," [71%] Downloaded 8026657 bytes..."
"2"," [71%] Downloaded 8091065 bytes..."
"2"," [72%] Downloaded 8123833 bytes..."
"2"," [72%] Downloaded 8140217 bytes..."
"2"," [72%] Downloaded 8156601 bytes..."
"2"," [72%] Downloaded 8205753 bytes..."
"2"," [73%] Downloaded 8253777 bytes..."
"2"," [73%] Downloaded 8270161 bytes..."
"2"," [73%] Downloaded 8286545 bytes..."
"2"," [74%] Downloaded 8335697 bytes..."
"2"," [74%] Downloaded 8401233 bytes..."
"2"," [75%] Downloaded 8465641 bytes..."
"2"," [75%] Downloaded 8531177 bytes..."
"2"," [76%] Downloaded 8563945 bytes..."
"2"," [76%] Downloaded 8596713 bytes..."
"2"," [76%] Downloaded 8644737 bytes..."
"2"," [77%] Downloaded 8661121 bytes..."
"2"," [77%] Downloaded 8677505 bytes..."
"2"," [77%] Downloaded 8726657 bytes..."
"2"," [78%] Downloaded 8792193 bytes..."
"2"," [78%] Downloaded 8840217 bytes..."
"2"," [78%] Downloaded 8856601 bytes..."
"2"," [79%] Downloaded 8905753 bytes..."
"2"," [79%] Downloaded 8922137 bytes..."
"2"," [79%] Downloaded 8987673 bytes..."
"2"," [80%] Downloaded 9035697 bytes..."
"2"," [80%] Downloaded 9052081 bytes..."
"2"," [80%] Downloaded 9101233 bytes..."
"2"," [81%] Downloaded 9117617 bytes..."
"2"," [81%] Downloaded 9183153 bytes..."
"2"," [82%] Downloaded 9247561 bytes..."
"2"," [82%] Downloaded 9313097 bytes..."
"2"," [83%] Downloaded 9362249 bytes..."
"2"," [83%] Downloaded 9378633 bytes..."
"2"," [83%] Downloaded 9426657 bytes..."
"2"," [83%] Downloaded 9443041 bytes..."
"2"," [84%] Downloaded 9492193 bytes..."
"2"," [84%] Downloaded 9508577 bytes..."
"2"," [84%] Downloaded 9557729 bytes..."
"2"," [85%] Downloaded 9622137 bytes..."
"2"," [85%] Downloaded 9638521 bytes..."
"2"," [85%] Downloaded 9671289 bytes..."
"2"," [86%] Downloaded 9687673 bytes..."
"2"," [86%] Downloaded 9753209 bytes..."
"2"," [87%] Downloaded 9785977 bytes..."
"2"," [87%] Downloaded 9817617 bytes..."
"2"," [87%] Downloaded 9883153 bytes..."
"2"," [88%] Downloaded 9948689 bytes..."
"2"," [89%] Downloaded 10013097 bytes..."
"2"," [89%] Downloaded 10078633 bytes..."
"2"," [90%] Downloaded 10144169 bytes..."
"2"," [90%] Downloaded 10192193 bytes..."
"2"," [90%] Downloaded 10208577 bytes..."
"2"," [91%] Downloaded 10241345 bytes..."
"2"," [91%] Downloaded 10274113 bytes..."
"2"," [91%] Downloaded 10323265 bytes..."
"2"," [91%] Downloaded 10339649 bytes..."
"2"," [92%] Downloaded 10404057 bytes..."
"2"," [92%] Downloaded 10453209 bytes..."
"2"," [93%] Downloaded 10469593 bytes..."
"2"," [93%] Downloaded 10518745 bytes..."
"2"," [93%] Downloaded 10535129 bytes..."
"2"," [93%] Downloaded 10551513 bytes..."
"2"," [94%] Downloaded 10583153 bytes..."
"2"," [94%] Downloaded 10599537 bytes..."
"2"," [94%] Downloaded 10648689 bytes..."
"2"," [94%] Downloaded 10665073 bytes..."
"2"," [95%] Downloaded 10714225 bytes..."
"2"," [95%] Downloaded 10746993 bytes..."
"2"," [95%] Downloaded 10778633 bytes..."
"2"," [95%] Downloaded 10795017 bytes..."
"2"," [96%] Downloaded 10844169 bytes..."
"2"," [96%] Downloaded 10893321 bytes..."
"2"," [96%] Downloaded 10909705 bytes..."
"2"," [97%] Downloaded 10974113 bytes..."
"2"," [98%] Downloaded 11023265 bytes..."
"2"," [98%] Downloaded 11039649 bytes..."
"2"," [98%] Downloaded 11088801 bytes..."
"2"," [98%] Downloaded 11105185 bytes..."
"2"," [99%] Downloaded 11154337 bytes..."
"2"," [99%] Downloaded 11169593 bytes..."
"2"," [99%] Downloaded 11202361 bytes..."
"2"," [99%] Downloaded 11218745 bytes..."
"2"," [99%] Downloaded 11235129 bytes..."
"2"," [100%] Downloaded 11247506 bytes..."
"2","
"
"2"," [0%] Downloaded 48810 bytes..."
"2"," [1%] Downloaded 114034 bytes..."
"2"," [1%] Downloaded 130042 bytes..."
"2"," [2%] Downloaded 162810 bytes..."
"2"," [2%] Downloaded 179194 bytes..."
"2"," [3%] Downloaded 227970 bytes..."
"2"," [3%] Downloaded 244354 bytes..."
"2"," [3%] Downloaded 276746 bytes..."
"2"," [3%] Downloaded 293130 bytes..."
"2"," [4%] Downloaded 309514 bytes..."
"2"," [4%] Downloaded 374674 bytes..."
"2"," [5%] Downloaded 407442 bytes..."
"2"," [5%] Downloaded 440210 bytes..."
"2"," [6%] Downloaded 505746 bytes..."
"2"," [7%] Downloaded 570154 bytes..."
"2"," [7%] Downloaded 586538 bytes..."
"2"," [8%] Downloaded 635690 bytes..."
"2"," [9%] Downloaded 684842 bytes..."
"2"," [9%] Downloaded 701226 bytes..."
"2"," [10%] Downloaded 765634 bytes..."
"2"," [10%] Downloaded 814786 bytes..."
"2"," [11%] Downloaded 831170 bytes..."
"2"," [11%] Downloaded 880322 bytes..."
"2"," [11%] Downloaded 896706 bytes..."
"2"," [12%] Downloaded 944730 bytes..."
"2"," [12%] Downloaded 961114 bytes..."
"2"," [13%] Downloaded 1010266 bytes..."
"2"," [13%] Downloaded 1026650 bytes..."
"2"," [14%] Downloaded 1075802 bytes..."
"2"," [14%] Downloaded 1092186 bytes..."
"2"," [15%] Downloaded 1140210 bytes..."
"2"," [15%] Downloaded 1156594 bytes..."
"2"," [16%] Downloaded 1205746 bytes..."
"2"," [16%] Downloaded 1222130 bytes..."
"2"," [17%] Downloaded 1287666 bytes..."
"2"," [17%] Downloaded 1335690 bytes..."
"2"," [17%] Downloaded 1352074 bytes..."
"2"," [18%] Downloaded 1401226 bytes..."
"2"," [18%] Downloaded 1417610 bytes..."
"2"," [19%] Downloaded 1466762 bytes..."
"2"," [20%] Downloaded 1514786 bytes..."
"2"," [20%] Downloaded 1531170 bytes..."
"2"," [20%] Downloaded 1547554 bytes..."
"2"," [21%] Downloaded 1596706 bytes..."
"2"," [21%] Downloaded 1645858 bytes..."
"2"," [22%] Downloaded 1662242 bytes..."
"2"," [22%] Downloaded 1693882 bytes..."
"2"," [22%] Downloaded 1726650 bytes..."
"2"," [23%] Downloaded 1775802 bytes..."
"2"," [23%] Downloaded 1792186 bytes..."
"2"," [24%] Downloaded 1841338 bytes..."
"2"," [24%] Downloaded 1857722 bytes..."
"2"," [25%] Downloaded 1905746 bytes..."
"2"," [25%] Downloaded 1922130 bytes..."
"2"," [26%] Downloaded 1971282 bytes..."
"2"," [26%] Downloaded 1987666 bytes..."
"2"," [27%] Downloaded 2036818 bytes..."
"2"," [27%] Downloaded 2053202 bytes..."
"2"," [27%] Downloaded 2101226 bytes..."
"2"," [28%] Downloaded 2117610 bytes..."
"2"," [28%] Downloaded 2166762 bytes..."
"2"," [29%] Downloaded 2183146 bytes..."
"2"," [29%] Downloaded 2232298 bytes..."
"2"," [29%] Downloaded 2248682 bytes..."
"2"," [30%] Downloaded 2296706 bytes..."
"2"," [30%] Downloaded 2313090 bytes..."
"2"," [30%] Downloaded 2329474 bytes..."
"2"," [31%] Downloaded 2345858 bytes..."
"2"," [31%] Downloaded 2378626 bytes..."
"2"," [32%] Downloaded 2411394 bytes..."
"2"," [32%] Downloaded 2444162 bytes..."
"2"," [33%] Downloaded 2508570 bytes..."
"2"," [34%] Downloaded 2574106 bytes..."
"2"," [34%] Downloaded 2623258 bytes..."
"2"," [35%] Downloaded 2639642 bytes..."
"2"," [35%] Downloaded 2704050 bytes..."
"2"," [36%] Downloaded 2753202 bytes..."
"2"," [37%] Downloaded 2785970 bytes..."
"2"," [37%] Downloaded 2818738 bytes..."
"2"," [37%] Downloaded 2835122 bytes..."
"2"," [38%] Downloaded 2874914 bytes..."
"2"," [38%] Downloaded 2891298 bytes..."
"2"," [39%] Downloaded 2940450 bytes..."
"2"," [39%] Downloaded 2956834 bytes..."
"2"," [39%] Downloaded 2989602 bytes..."
"2"," [39%] Downloaded 3005986 bytes..."
"2"," [40%] Downloaded 3022370 bytes..."
"2"," [41%] Downloaded 3086778 bytes..."
"2"," [41%] Downloaded 3152314 bytes..."
"2"," [42%] Downloaded 3217850 bytes..."
"2"," [43%] Downloaded 3282258 bytes..."
"2"," [44%] Downloaded 3347794 bytes..."
"2"," [45%] Downloaded 3396946 bytes..."
"2"," [45%] Downloaded 3413330 bytes..."
"2"," [46%] Downloaded 3477738 bytes..."
"2"," [46%] Downloaded 3494122 bytes..."
"2"," [46%] Downloaded 3526890 bytes..."
"2"," [47%] Downloaded 3576042 bytes..."
"2"," [47%] Downloaded 3592426 bytes..."
"2"," [48%] Downloaded 3608810 bytes..."
"2"," [48%] Downloaded 3656834 bytes..."
"2"," [48%] Downloaded 3673218 bytes..."
"2"," [49%] Downloaded 3705986 bytes..."
"2"," [49%] Downloaded 3722370 bytes..."
"2"," [50%] Downloaded 3771522 bytes..."
"2"," [50%] Downloaded 3787906 bytes..."
"2"," [51%] Downloaded 3835930 bytes..."
"2"," [51%] Downloaded 3852314 bytes..."
"2"," [51%] Downloaded 3885082 bytes..."
"2"," [51%] Downloaded 3901466 bytes..."
"2"," [52%] Downloaded 3917850 bytes..."
"2"," [52%] Downloaded 3950618 bytes..."
"2"," [52%] Downloaded 3967002 bytes..."
"2"," [52%] Downloaded 3983386 bytes..."
"2"," [53%] Downloaded 4031410 bytes..."
"2"," [53%] Downloaded 4047794 bytes..."
"2"," [54%] Downloaded 4113330 bytes..."
"2"," [55%] Downloaded 4162482 bytes..."
"2"," [55%] Downloaded 4178866 bytes..."
"2"," [56%] Downloaded 4243274 bytes..."
"2"," [57%] Downloaded 4308810 bytes..."
"2"," [57%] Downloaded 4357962 bytes..."
"2"," [58%] Downloaded 4374346 bytes..."
"2"," [58%] Downloaded 4422370 bytes..."
"2"," [59%] Downloaded 4438754 bytes..."
"2"," [59%] Downloaded 4504290 bytes..."
"2"," [60%] Downloaded 4569826 bytes..."
"2"," [61%] Downloaded 4617850 bytes..."
"2"," [61%] Downloaded 4634234 bytes..."
"2"," [61%] Downloaded 4650618 bytes..."
"2"," [62%] Downloaded 4699770 bytes..."
"2"," [63%] Downloaded 4765306 bytes..."
"2"," [64%] Downloaded 4829714 bytes..."
"2"," [64%] Downloaded 4878866 bytes..."
"2"," [65%] Downloaded 4895250 bytes..."
"2"," [65%] Downloaded 4944402 bytes..."
"2"," [66%] Downloaded 5008810 bytes..."
"2"," [66%] Downloaded 5025194 bytes..."
"2"," [67%] Downloaded 5074346 bytes..."
"2"," [68%] Downloaded 5123498 bytes..."
"2"," [68%] Downloaded 5139882 bytes..."
"2"," [69%] Downloaded 5204290 bytes..."
"2"," [69%] Downloaded 5220674 bytes..."
"2"," [70%] Downloaded 5269826 bytes..."
"2"," [70%] Downloaded 5335362 bytes..."
"2"," [71%] Downloaded 5399770 bytes..."
"2"," [72%] Downloaded 5465306 bytes..."
"2"," [73%] Downloaded 5514458 bytes..."
"2"," [73%] Downloaded 5530842 bytes..."
"2"," [74%] Downloaded 5595250 bytes..."
"2"," [75%] Downloaded 5644402 bytes..."
"2"," [75%] Downloaded 5660786 bytes..."
"2"," [76%] Downloaded 5726322 bytes..."
"2"," [77%] Downloaded 5790730 bytes..."
"2"," [77%] Downloaded 5823498 bytes..."
"2"," [77%] Downloaded 5856266 bytes..."
"2"," [78%] Downloaded 5872650 bytes..."
"2"," [78%] Downloaded 5921802 bytes..."
"2"," [79%] Downloaded 5986210 bytes..."
"2"," [80%] Downloaded 6035362 bytes..."
"2"," [80%] Downloaded 6051746 bytes..."
"2"," [80%] Downloaded 6084514 bytes..."
"2"," [81%] Downloaded 6100898 bytes..."
"2"," [82%] Downloaded 6165306 bytes..."
"2"," [82%] Downloaded 6181690 bytes..."
"2"," [82%] Downloaded 6230842 bytes..."
"2"," [83%] Downloaded 6279994 bytes..."
"2"," [83%] Downloaded 6296378 bytes..."
"2"," [84%] Downloaded 6360786 bytes..."
"2"," [85%] Downloaded 6426322 bytes..."
"2"," [86%] Downloaded 6475474 bytes..."
"2"," [86%] Downloaded 6491858 bytes..."
"2"," [86%] Downloaded 6524626 bytes..."
"2"," [87%] Downloaded 6556266 bytes..."
"2"," [88%] Downloaded 6621802 bytes..."
"2"," [88%] Downloaded 6670954 bytes..."
"2"," [88%] Downloaded 6687338 bytes..."
"2"," [89%] Downloaded 6751746 bytes..."
"2"," [90%] Downloaded 6817282 bytes..."
"2"," [91%] Downloaded 6882818 bytes..."
"2"," [92%] Downloaded 6947226 bytes..."
"2"," [93%] Downloaded 7012762 bytes..."
"2"," [94%] Downloaded 7078298 bytes..."
"2"," [94%] Downloaded 7111066 bytes..."
"2"," [95%] Downloaded 7142706 bytes..."
"2"," [95%] Downloaded 7175474 bytes..."
"2"," [95%] Downloaded 7191858 bytes..."
"2"," [95%] Downloaded 7208242 bytes..."
"2"," [96%] Downloaded 7257394 bytes..."
"2"," [96%] Downloaded 7290162 bytes..."
"2"," [97%] Downloaded 7322930 bytes..."
"2"," [97%] Downloaded 7338186 bytes..."
"2"," [98%] Downloaded 7387338 bytes..."
"2"," [99%] Downloaded 7452874 bytes..."
"2"," [100%] Downloaded 7517919 bytes..."
"2","
"
"2"," [0%] Downloaded 63889 bytes..."
"2"," [0%] Downloaded 127601 bytes..."
"2"," [1%] Downloaded 176377 bytes..."
"2"," [1%] Downloaded 192761 bytes..."
"2"," [1%] Downloaded 241537 bytes..."
"2"," [1%] Downloaded 257921 bytes..."
"2"," [1%] Downloaded 306697 bytes..."
"2"," [2%] Downloaded 323081 bytes..."
"2"," [2%] Downloaded 372233 bytes..."
"2"," [2%] Downloaded 388617 bytes..."
"2"," [2%] Downloaded 437769 bytes..."
"2"," [2%] Downloaded 454153 bytes..."
"2"," [3%] Downloaded 486921 bytes..."
"2"," [3%] Downloaded 502177 bytes..."
"2"," [3%] Downloaded 518561 bytes..."
"2"," [3%] Downloaded 551329 bytes..."
"2"," [3%] Downloaded 567713 bytes..."
"2"," [3%] Downloaded 616865 bytes..."
"2"," [4%] Downloaded 633249 bytes..."
"2"," [4%] Downloaded 697657 bytes..."
"2"," [4%] Downloaded 763193 bytes..."
"2"," [5%] Downloaded 795961 bytes..."
"2"," [5%] Downloaded 828729 bytes..."
"2"," [5%] Downloaded 877881 bytes..."
"2"," [5%] Downloaded 893137 bytes..."
"2"," [5%] Downloaded 942289 bytes..."
"2"," [6%] Downloaded 958673 bytes..."
"2"," [6%] Downloaded 1024209 bytes..."
"2"," [6%] Downloaded 1088617 bytes..."
"2"," [7%] Downloaded 1121385 bytes..."
"2"," [7%] Downloaded 1154153 bytes..."
"2"," [7%] Downloaded 1203305 bytes..."
"2"," [7%] Downloaded 1219689 bytes..."
"2"," [8%] Downloaded 1268841 bytes..."
"2"," [8%] Downloaded 1284097 bytes..."
"2"," [8%] Downloaded 1316865 bytes..."
"2"," [8%] Downloaded 1349633 bytes..."
"2"," [8%] Downloaded 1382401 bytes..."
"2"," [8%] Downloaded 1415169 bytes..."
"2"," [9%] Downloaded 1447937 bytes..."
"2"," [9%] Downloaded 1479577 bytes..."
"2"," [9%] Downloaded 1545113 bytes..."
"2"," [10%] Downloaded 1594265 bytes..."
"2"," [10%] Downloaded 1610649 bytes..."
"2"," [10%] Downloaded 1659801 bytes..."
"2"," [10%] Downloaded 1675057 bytes..."
"2"," [10%] Downloaded 1724209 bytes..."
"2"," [11%] Downloaded 1740593 bytes..."
"2"," [11%] Downloaded 1773361 bytes..."
"2"," [11%] Downloaded 1789745 bytes..."
"2"," [11%] Downloaded 1855281 bytes..."
"2"," [12%] Downloaded 1919689 bytes..."
"2"," [12%] Downloaded 1968841 bytes..."
"2"," [12%] Downloaded 1985225 bytes..."
"2"," [12%] Downloaded 2001609 bytes..."
"2"," [12%] Downloaded 2034377 bytes..."
"2"," [13%] Downloaded 2050761 bytes..."
"2"," [13%] Downloaded 2082401 bytes..."
"2"," [13%] Downloaded 2098785 bytes..."
"2"," [13%] Downloaded 2115169 bytes..."
"2"," [13%] Downloaded 2164321 bytes..."
"2"," [13%] Downloaded 2180705 bytes..."
"2"," [14%] Downloaded 2229857 bytes..."
"2"," [14%] Downloaded 2246241 bytes..."
"2"," [14%] Downloaded 2294265 bytes..."
"2"," [14%] Downloaded 2310649 bytes..."
"2"," [14%] Downloaded 2359801 bytes..."
"2"," [15%] Downloaded 2376185 bytes..."
"2"," [15%] Downloaded 2425337 bytes..."
"2"," [15%] Downloaded 2441721 bytes..."
"2"," [15%] Downloaded 2456977 bytes..."
"2"," [15%] Downloaded 2489745 bytes..."
"2"," [15%] Downloaded 2506129 bytes..."
"2"," [16%] Downloaded 2538897 bytes..."
"2"," [16%] Downloaded 2571665 bytes..."
"2"," [16%] Downloaded 2620817 bytes..."
"2"," [16%] Downloaded 2637201 bytes..."
"2"," [17%] Downloaded 2685225 bytes..."
"2"," [17%] Downloaded 2701609 bytes..."
"2"," [17%] Downloaded 2767145 bytes..."
"2"," [17%] Downloaded 2832681 bytes..."
"2"," [18%] Downloaded 2880705 bytes..."
"2"," [18%] Downloaded 2897089 bytes..."
"2"," [18%] Downloaded 2962625 bytes..."
"2"," [19%] Downloaded 2995393 bytes..."
"2"," [19%] Downloaded 3011777 bytes..."
"2"," [19%] Downloaded 3076185 bytes..."
"2"," [19%] Downloaded 3092569 bytes..."
"2"," [19%] Downloaded 3125337 bytes..."
"2"," [19%] Downloaded 3141721 bytes..."
"2"," [20%] Downloaded 3158105 bytes..."
"2"," [20%] Downloaded 3207257 bytes..."
"2"," [20%] Downloaded 3223641 bytes..."
"2"," [20%] Downloaded 3255281 bytes..."
"2"," [20%] Downloaded 3271665 bytes..."
"2"," [20%] Downloaded 3288049 bytes..."
"2"," [21%] Downloaded 3320817 bytes..."
"2"," [21%] Downloaded 3337201 bytes..."
"2"," [21%] Downloaded 3402737 bytes..."
"2"," [21%] Downloaded 3434377 bytes..."
"2"," [21%] Downloaded 3467145 bytes..."
"2"," [22%] Downloaded 3516297 bytes..."
"2"," [22%] Downloaded 3532681 bytes..."
"2"," [22%] Downloaded 3581833 bytes..."
"2"," [22%] Downloaded 3598217 bytes..."
"2"," [23%] Downloaded 3662625 bytes..."
"2"," [23%] Downloaded 3728161 bytes..."
"2"," [24%] Downloaded 3793697 bytes..."
"2"," [24%] Downloaded 3858105 bytes..."
"2"," [24%] Downloaded 3923641 bytes..."
"2"," [25%] Downloaded 3956409 bytes..."
"2"," [25%] Downloaded 3989177 bytes..."
"2"," [25%] Downloaded 4020817 bytes..."
"2"," [25%] Downloaded 4053585 bytes..."
"2"," [25%] Downloaded 4086353 bytes..."
"2"," [26%] Downloaded 4119121 bytes..."
"2"," [26%] Downloaded 4168273 bytes..."
"2"," [26%] Downloaded 4184657 bytes..."
"2"," [26%] Downloaded 4232681 bytes..."
"2"," [26%] Downloaded 4249065 bytes..."
"2"," [27%] Downloaded 4314601 bytes..."
"2"," [27%] Downloaded 4347369 bytes..."
"2"," [27%] Downloaded 4363753 bytes..."
"2"," [27%] Downloaded 4380137 bytes..."
"2"," [27%] Downloaded 4411777 bytes..."
"2"," [28%] Downloaded 4444545 bytes..."
"2"," [28%] Downloaded 4493697 bytes..."
"2"," [28%] Downloaded 4510081 bytes..."
"2"," [28%] Downloaded 4542849 bytes..."
"2"," [28%] Downloaded 4559233 bytes..."
"2"," [29%] Downloaded 4607257 bytes..."
"2"," [29%] Downloaded 4623641 bytes..."
"2"," [29%] Downloaded 4689177 bytes..."
"2"," [30%] Downloaded 4738329 bytes..."
"2"," [30%] Downloaded 4754713 bytes..."
"2"," [30%] Downloaded 4802737 bytes..."
"2"," [30%] Downloaded 4819121 bytes..."
"2"," [30%] Downloaded 4884657 bytes..."
"2"," [31%] Downloaded 4950193 bytes..."
"2"," [31%] Downloaded 5014601 bytes..."
"2"," [32%] Downloaded 5080137 bytes..."
"2"," [32%] Downloaded 5112905 bytes..."
"2"," [32%] Downloaded 5129289 bytes..."
"2"," [32%] Downloaded 5145673 bytes..."
"2"," [32%] Downloaded 5193697 bytes..."
"2"," [33%] Downloaded 5210081 bytes..."
"2"," [33%] Downloaded 5275617 bytes..."
"2"," [33%] Downloaded 5341153 bytes..."
"2"," [34%] Downloaded 5405561 bytes..."
"2"," [34%] Downloaded 5438329 bytes..."
"2"," [34%] Downloaded 5471097 bytes..."
"2"," [35%] Downloaded 5536633 bytes..."
"2"," [35%] Downloaded 5601041 bytes..."
"2"," [35%] Downloaded 5633809 bytes..."
"2"," [35%] Downloaded 5650193 bytes..."
"2"," [35%] Downloaded 5666577 bytes..."
"2"," [36%] Downloaded 5699345 bytes..."
"2"," [36%] Downloaded 5715729 bytes..."
"2"," [36%] Downloaded 5732113 bytes..."
"2"," [36%] Downloaded 5780137 bytes..."
"2"," [36%] Downloaded 5796521 bytes..."
"2"," [37%] Downloaded 5845673 bytes..."
"2"," [37%] Downloaded 5862057 bytes..."
"2"," [37%] Downloaded 5911209 bytes..."
"2"," [37%] Downloaded 5975617 bytes..."
"2"," [38%] Downloaded 6041153 bytes..."
"2"," [38%] Downloaded 6106689 bytes..."
"2"," [39%] Downloaded 6155841 bytes..."
"2"," [39%] Downloaded 6171097 bytes..."
"2"," [39%] Downloaded 6236633 bytes..."
"2"," [39%] Downloaded 6285785 bytes..."
"2"," [39%] Downloaded 6302169 bytes..."
"2"," [40%] Downloaded 6351321 bytes..."
"2"," [40%] Downloaded 6366577 bytes..."
"2"," [40%] Downloaded 6415729 bytes..."
"2"," [40%] Downloaded 6432113 bytes..."
"2"," [41%] Downloaded 6497649 bytes..."
"2"," [41%] Downloaded 6562057 bytes..."
"2"," [41%] Downloaded 6611209 bytes..."
"2"," [42%] Downloaded 6627593 bytes..."
"2"," [42%] Downloaded 6676745 bytes..."
"2"," [42%] Downloaded 6693129 bytes..."
"2"," [42%] Downloaded 6742281 bytes..."
"2"," [42%] Downloaded 6757537 bytes..."
"2"," [43%] Downloaded 6823073 bytes..."
"2"," [43%] Downloaded 6872225 bytes..."
"2"," [43%] Downloaded 6888609 bytes..."
"2"," [43%] Downloaded 6921377 bytes..."
"2"," [44%] Downloaded 6937761 bytes..."
"2"," [44%] Downloaded 6953017 bytes..."
"2"," [44%] Downloaded 6985785 bytes..."
"2"," [44%] Downloaded 7002169 bytes..."
"2"," [44%] Downloaded 7018553 bytes..."
"2"," [44%] Downloaded 7067705 bytes..."
"2"," [45%] Downloaded 7133241 bytes..."
"2"," [45%] Downloaded 7148497 bytes..."
"2"," [45%] Downloaded 7197649 bytes..."
"2"," [46%] Downloaded 7263185 bytes..."
"2"," [46%] Downloaded 7328721 bytes..."
"2"," [46%] Downloaded 7393129 bytes..."
"2"," [47%] Downloaded 7409513 bytes..."
"2"," [47%] Downloaded 7458665 bytes..."
"2"," [47%] Downloaded 7524201 bytes..."
"2"," [48%] Downloaded 7572225 bytes..."
"2"," [48%] Downloaded 7588609 bytes..."
"2"," [48%] Downloaded 7637761 bytes..."
"2"," [48%] Downloaded 7654145 bytes..."
"2"," [48%] Downloaded 7703297 bytes..."
"2"," [48%] Downloaded 7719681 bytes..."
"2"," [49%] Downloaded 7767705 bytes..."
"2"," [49%] Downloaded 7784089 bytes..."
"2"," [49%] Downloaded 7833241 bytes..."
"2"," [49%] Downloaded 7849625 bytes..."
"2"," [50%] Downloaded 7898777 bytes..."
"2"," [50%] Downloaded 7915161 bytes..."
"2"," [50%] Downloaded 7930417 bytes..."
"2"," [50%] Downloaded 7963185 bytes..."
"2"," [50%] Downloaded 7979569 bytes..."
"2"," [50%] Downloaded 8028721 bytes..."
"2"," [51%] Downloaded 8045105 bytes..."
"2"," [51%] Downloaded 8077873 bytes..."
"2"," [51%] Downloaded 8110641 bytes..."
"2"," [51%] Downloaded 8142656 bytes..."
"2"," [51%] Downloaded 8175424 bytes..."
"2"," [52%] Downloaded 8224576 bytes..."
"2"," [52%] Downloaded 8240960 bytes..."
"2"," [52%] Downloaded 8290112 bytes..."
"2"," [52%] Downloaded 8354520 bytes..."
"2"," [53%] Downloaded 8420056 bytes..."
"2"," [53%] Downloaded 8469208 bytes..."
"2"," [53%] Downloaded 8485592 bytes..."
"2"," [54%] Downloaded 8533616 bytes..."
"2"," [54%] Downloaded 8550000 bytes..."
"2"," [54%] Downloaded 8599152 bytes..."
"2"," [54%] Downloaded 8615536 bytes..."
"2"," [55%] Downloaded 8681072 bytes..."
"2"," [55%] Downloaded 8697456 bytes..."
"2"," [55%] Downloaded 8745480 bytes..."
"2"," [55%] Downloaded 8794632 bytes..."
"2"," [55%] Downloaded 8811016 bytes..."
"2"," [56%] Downloaded 8860168 bytes..."
"2"," [56%] Downloaded 8876552 bytes..."
"2"," [56%] Downloaded 8924576 bytes..."
"2"," [56%] Downloaded 8940960 bytes..."
"2"," [57%] Downloaded 8990112 bytes..."
"2"," [57%] Downloaded 9006496 bytes..."
"2"," [57%] Downloaded 9072032 bytes..."
"2"," [57%] Downloaded 9088416 bytes..."
"2"," [57%] Downloaded 9136440 bytes..."
"2"," [58%] Downloaded 9185592 bytes..."
"2"," [58%] Downloaded 9201976 bytes..."
"2"," [58%] Downloaded 9267512 bytes..."
"2"," [58%] Downloaded 9299152 bytes..."
"2"," [59%] Downloaded 9331920 bytes..."
"2"," [59%] Downloaded 9364688 bytes..."
"2"," [59%] Downloaded 9381072 bytes..."
"2"," [59%] Downloaded 9397456 bytes..."
"2"," [59%] Downloaded 9430224 bytes..."
"2"," [59%] Downloaded 9446608 bytes..."
"2"," [60%] Downloaded 9462992 bytes..."
"2"," [60%] Downloaded 9511016 bytes..."
"2"," [60%] Downloaded 9527400 bytes..."
"2"," [60%] Downloaded 9543784 bytes..."
"2"," [60%] Downloaded 9576552 bytes..."
"2"," [60%] Downloaded 9592936 bytes..."
"2"," [60%] Downloaded 9609320 bytes..."
"2"," [61%] Downloaded 9642088 bytes..."
"2"," [61%] Downloaded 9706496 bytes..."
"2"," [61%] Downloaded 9722880 bytes..."
"2"," [61%] Downloaded 9755648 bytes..."
"2"," [61%] Downloaded 9772032 bytes..."
"2"," [62%] Downloaded 9837568 bytes..."
"2"," [62%] Downloaded 9885592 bytes..."
"2"," [62%] Downloaded 9901976 bytes..."
"2"," [63%] Downloaded 9967512 bytes..."
"2"," [63%] Downloaded 10033048 bytes..."
"2"," [63%] Downloaded 10081072 bytes..."
"2"," [64%] Downloaded 10097456 bytes..."
"2"," [64%] Downloaded 10146608 bytes..."
"2"," [64%] Downloaded 10162992 bytes..."
"2"," [64%] Downloaded 10228528 bytes..."
"2"," [65%] Downloaded 10292936 bytes..."
"2"," [65%] Downloaded 10325704 bytes..."
"2"," [65%] Downloaded 10358472 bytes..."
"2"," [65%] Downloaded 10391240 bytes..."
"2"," [66%] Downloaded 10424008 bytes..."
"2"," [66%] Downloaded 10472032 bytes..."
"2"," [66%] Downloaded 10488416 bytes..."
"2"," [66%] Downloaded 10537568 bytes..."
"2"," [66%] Downloaded 10553952 bytes..."
"2"," [67%] Downloaded 10603104 bytes..."
"2"," [67%] Downloaded 10619488 bytes..."
"2"," [67%] Downloaded 10635872 bytes..."
"2"," [67%] Downloaded 10667512 bytes..."
"2"," [67%] Downloaded 10683896 bytes..."
"2"," [68%] Downloaded 10733048 bytes..."
"2"," [68%] Downloaded 10749432 bytes..."
"2"," [68%] Downloaded 10798584 bytes..."
"2"," [68%] Downloaded 10831352 bytes..."
"2"," [68%] Downloaded 10862992 bytes..."
"2"," [69%] Downloaded 10928528 bytes..."
"2"," [69%] Downloaded 10994064 bytes..."
"2"," [70%] Downloaded 11058472 bytes..."
"2"," [70%] Downloaded 11107624 bytes..."
"2"," [70%] Downloaded 11124008 bytes..."
"2"," [70%] Downloaded 11173160 bytes..."
"2"," [70%] Downloaded 11189544 bytes..."
"2"," [71%] Downloaded 11253952 bytes..."
"2"," [71%] Downloaded 11319488 bytes..."
"2"," [72%] Downloaded 11368640 bytes..."
"2"," [72%] Downloaded 11385024 bytes..."
"2"," [72%] Downloaded 11449432 bytes..."
"2"," [72%] Downloaded 11498584 bytes..."
"2"," [73%] Downloaded 11514968 bytes..."
"2"," [73%] Downloaded 11564120 bytes..."
"2"," [73%] Downloaded 11580504 bytes..."
"2"," [73%] Downloaded 11644912 bytes..."
"2"," [74%] Downloaded 11710448 bytes..."
"2"," [74%] Downloaded 11743216 bytes..."
"2"," [74%] Downloaded 11759600 bytes..."
"2"," [74%] Downloaded 11775984 bytes..."
"2"," [75%] Downloaded 11825136 bytes..."
"2"," [75%] Downloaded 11840392 bytes..."
"2"," [75%] Downloaded 11889544 bytes..."
"2"," [75%] Downloaded 11905928 bytes..."
"2"," [75%] Downloaded 11955080 bytes..."
"2"," [76%] Downloaded 12020616 bytes..."
"2"," [76%] Downloaded 12035872 bytes..."
"2"," [76%] Downloaded 12052256 bytes..."
"2"," [76%] Downloaded 12085024 bytes..."
"2"," [76%] Downloaded 12117792 bytes..."
"2"," [77%] Downloaded 12150560 bytes..."
"2"," [77%] Downloaded 12199712 bytes..."
"2"," [77%] Downloaded 12216096 bytes..."
"2"," [77%] Downloaded 12264120 bytes..."
"2"," [77%] Downloaded 12280504 bytes..."
"2"," [78%] Downloaded 12346040 bytes..."
"2"," [78%] Downloaded 12411576 bytes..."
"2"," [79%] Downloaded 12475984 bytes..."
"2"," [79%] Downloaded 12541520 bytes..."
"2"," [79%] Downloaded 12607056 bytes..."
"2"," [80%] Downloaded 12671464 bytes..."
"2"," [80%] Downloaded 12704232 bytes..."
"2"," [80%] Downloaded 12737000 bytes..."
"2"," [81%] Downloaded 12802536 bytes..."
"2"," [81%] Downloaded 12850560 bytes..."
"2"," [81%] Downloaded 12866944 bytes..."
"2"," [82%] Downloaded 12932480 bytes..."
"2"," [82%] Downloaded 12981632 bytes..."
"2"," [82%] Downloaded 12998016 bytes..."
"2"," [82%] Downloaded 13029656 bytes..."
"2"," [82%] Downloaded 13062424 bytes..."
"2"," [83%] Downloaded 13111576 bytes..."
"2"," [83%] Downloaded 13127960 bytes..."
"2"," [83%] Downloaded 13177112 bytes..."
"2"," [83%] Downloaded 13193496 bytes..."
"2"," [84%] Downloaded 13241520 bytes..."
"2"," [84%] Downloaded 13257904 bytes..."
"2"," [84%] Downloaded 13274288 bytes..."
"2"," [84%] Downloaded 13307056 bytes..."
"2"," [84%] Downloaded 13356208 bytes..."
"2"," [84%] Downloaded 13372592 bytes..."
"2"," [85%] Downloaded 13437000 bytes..."
"2"," [85%] Downloaded 13502536 bytes..."
"2"," [85%] Downloaded 13535304 bytes..."
"2"," [86%] Downloaded 13568072 bytes..."
"2"," [86%] Downloaded 13632480 bytes..."
"2"," [86%] Downloaded 13681632 bytes..."
"2"," [86%] Downloaded 13698016 bytes..."
"2"," [87%] Downloaded 13763552 bytes..."
"2"," [87%] Downloaded 13827960 bytes..."
"2"," [88%] Downloaded 13893496 bytes..."
"2"," [88%] Downloaded 13942648 bytes..."
"2"," [88%] Downloaded 13959032 bytes..."
"2"," [88%] Downloaded 14007056 bytes..."
"2"," [88%] Downloaded 14023440 bytes..."
"2"," [89%] Downloaded 14056208 bytes..."
"2"," [89%] Downloaded 14072592 bytes..."
"2"," [89%] Downloaded 14088976 bytes..."
"2"," [89%] Downloaded 14138128 bytes..."
"2"," [89%] Downloaded 14154512 bytes..."
"2"," [90%] Downloaded 14202536 bytes..."
"2"," [90%] Downloaded 14218920 bytes..."
"2"," [90%] Downloaded 14235304 bytes..."
"2"," [90%] Downloaded 14268072 bytes..."
"2"," [90%] Downloaded 14284456 bytes..."
"2"," [91%] Downloaded 14349992 bytes..."
"2"," [91%] Downloaded 14381632 bytes..."
"2"," [91%] Downloaded 14414400 bytes..."
"2"," [91%] Downloaded 14447168 bytes..."
"2"," [91%] Downloaded 14463552 bytes..."
"2"," [92%] Downloaded 14512704 bytes..."
"2"," [92%] Downloaded 14529088 bytes..."
"2"," [92%] Downloaded 14593496 bytes..."
"2"," [92%] Downloaded 14609880 bytes..."
"2"," [92%] Downloaded 14659032 bytes..."
"2"," [93%] Downloaded 14724568 bytes..."
"2"," [93%] Downloaded 14788976 bytes..."
"2"," [94%] Downloaded 14821744 bytes..."
"2"," [94%] Downloaded 14854512 bytes..."
"2"," [94%] Downloaded 14887280 bytes..."
"2"," [94%] Downloaded 14920048 bytes..."
"2"," [95%] Downloaded 14984456 bytes..."
"2"," [95%] Downloaded 15033608 bytes..."
"2"," [95%] Downloaded 15049992 bytes..."
"2"," [95%] Downloaded 15115528 bytes..."
"2"," [96%] Downloaded 15163552 bytes..."
"2"," [96%] Downloaded 15179936 bytes..."
"2"," [96%] Downloaded 15245472 bytes..."
"2"," [96%] Downloaded 15278240 bytes..."
"2"," [97%] Downloaded 15311008 bytes..."
"2"," [97%] Downloaded 15375416 bytes..."
"2"," [97%] Downloaded 15440952 bytes..."
"2"," [98%] Downloaded 15506488 bytes..."
"2"," [98%] Downloaded 15554512 bytes..."
"2"," [98%] Downloaded 15570896 bytes..."
"2"," [98%] Downloaded 15603664 bytes..."
"2"," [99%] Downloaded 15620048 bytes..."
"2"," [99%] Downloaded 15636432 bytes..."
"2"," [99%] Downloaded 15685584 bytes..."
"2"," [100%] Downloaded 15763300 bytes..."
"2","
"
"2"," [0%] Downloaded 33481 bytes..."
"2"," [0%] Downloaded 51849 bytes..."
"2"," [0%] Downloaded 117009 bytes..."
"2"," [1%] Downloaded 149777 bytes..."
"2"," [1%] Downloaded 182169 bytes..."
"2"," [1%] Downloaded 247329 bytes..."
"2"," [2%] Downloaded 312865 bytes..."
"2"," [2%] Downloaded 378401 bytes..."
"2"," [3%] Downloaded 411169 bytes..."
"2"," [3%] Downloaded 442865 bytes..."
"2"," [3%] Downloaded 508401 bytes..."
"2"," [4%] Downloaded 573937 bytes..."
"2"," [4%] Downloaded 638345 bytes..."
"2"," [5%] Downloaded 687497 bytes..."
"2"," [5%] Downloaded 703881 bytes..."
"2"," [5%] Downloaded 736649 bytes..."
"2"," [5%] Downloaded 769417 bytes..."
"2"," [6%] Downloaded 833825 bytes..."
"2"," [6%] Downloaded 899361 bytes..."
"2"," [7%] Downloaded 948513 bytes..."
"2"," [7%] Downloaded 964897 bytes..."
"2"," [7%] Downloaded 997665 bytes..."
"2"," [7%] Downloaded 1029305 bytes..."
"2"," [8%] Downloaded 1078457 bytes..."
"2"," [8%] Downloaded 1094841 bytes..."
"2"," [8%] Downloaded 1143993 bytes..."
"2"," [8%] Downloaded 1160377 bytes..."
"2"," [8%] Downloaded 1176761 bytes..."
"2"," [8%] Downloaded 1193145 bytes..."
"2"," [9%] Downloaded 1209529 bytes..."
"2"," [9%] Downloaded 1224785 bytes..."
"2"," [9%] Downloaded 1257553 bytes..."
"2"," [9%] Downloaded 1273937 bytes..."
"2"," [9%] Downloaded 1290321 bytes..."
"2"," [9%] Downloaded 1323089 bytes..."
"2"," [10%] Downloaded 1339473 bytes..."
"2"," [10%] Downloaded 1388625 bytes..."
"2"," [10%] Downloaded 1405009 bytes..."
"2"," [10%] Downloaded 1453033 bytes..."
"2"," [10%] Downloaded 1469417 bytes..."
"2"," [11%] Downloaded 1518569 bytes..."
"2"," [11%] Downloaded 1534953 bytes..."
"2"," [11%] Downloaded 1600489 bytes..."
"2"," [12%] Downloaded 1615745 bytes..."
"2"," [12%] Downloaded 1664897 bytes..."
"2"," [12%] Downloaded 1714049 bytes..."
"2"," [12%] Downloaded 1730433 bytes..."
"2"," [13%] Downloaded 1795969 bytes..."
"2"," [13%] Downloaded 1860377 bytes..."
"2"," [14%] Downloaded 1925913 bytes..."
"2"," [14%] Downloaded 1991449 bytes..."
"2"," [15%] Downloaded 2039473 bytes..."
"2"," [15%] Downloaded 2055857 bytes..."
"2"," [15%] Downloaded 2105009 bytes..."
"2"," [15%] Downloaded 2121393 bytes..."
"2"," [16%] Downloaded 2170545 bytes..."
"2"," [16%] Downloaded 2186929 bytes..."
"2"," [16%] Downloaded 2234953 bytes..."
"2"," [16%] Downloaded 2251337 bytes..."
"2"," [17%] Downloaded 2300489 bytes..."
"2"," [17%] Downloaded 2316873 bytes..."
"2"," [17%] Downloaded 2366025 bytes..."
"2"," [17%] Downloaded 2382409 bytes..."
"2"," [18%] Downloaded 2430433 bytes..."
"2"," [18%] Downloaded 2446817 bytes..."
"2"," [18%] Downloaded 2495969 bytes..."
"2"," [19%] Downloaded 2561505 bytes..."
"2"," [19%] Downloaded 2609529 bytes..."
"2"," [19%] Downloaded 2625913 bytes..."
"2"," [20%] Downloaded 2675065 bytes..."
"2"," [20%] Downloaded 2691449 bytes..."
"2"," [20%] Downloaded 2740601 bytes..."
"2"," [20%] Downloaded 2756985 bytes..."
"2"," [20%] Downloaded 2805009 bytes..."
"2"," [21%] Downloaded 2821393 bytes..."
"2"," [21%] Downloaded 2870545 bytes..."
"2"," [21%] Downloaded 2886929 bytes..."
"2"," [21%] Downloaded 2919697 bytes..."
"2"," [21%] Downloaded 2936081 bytes..."
"2"," [22%] Downloaded 2952465 bytes..."
"2"," [22%] Downloaded 3000489 bytes..."
"2"," [22%] Downloaded 3016873 bytes..."
"2"," [22%] Downloaded 3066025 bytes..."
"2"," [23%] Downloaded 3082409 bytes..."
"2"," [23%] Downloaded 3131561 bytes..."
"2"," [23%] Downloaded 3147945 bytes..."
"2"," [23%] Downloaded 3195969 bytes..."
"2"," [24%] Downloaded 3212353 bytes..."
"2"," [24%] Downloaded 3261505 bytes..."
"2"," [24%] Downloaded 3277889 bytes..."
"2"," [24%] Downloaded 3327041 bytes..."
"2"," [25%] Downloaded 3343425 bytes..."
"2"," [25%] Downloaded 3375065 bytes..."
"2"," [25%] Downloaded 3391449 bytes..."
"2"," [25%] Downloaded 3407833 bytes..."
"2"," [25%] Downloaded 3440601 bytes..."
"2"," [25%] Downloaded 3456985 bytes..."
"2"," [25%] Downloaded 3473369 bytes..."
"2"," [26%] Downloaded 3506137 bytes..."
"2"," [26%] Downloaded 3522521 bytes..."
"2"," [26%] Downloaded 3538905 bytes..."
"2"," [26%] Downloaded 3570545 bytes..."
"2"," [26%] Downloaded 3586929 bytes..."
"2"," [26%] Downloaded 3603313 bytes..."
"2"," [27%] Downloaded 3636081 bytes..."
"2"," [27%] Downloaded 3652465 bytes..."
"2"," [27%] Downloaded 3701617 bytes..."
"2"," [27%] Downloaded 3713897 bytes..."
"2"," [27%] Downloaded 3730281 bytes..."
"2"," [28%] Downloaded 3763049 bytes..."
"2"," [28%] Downloaded 3779433 bytes..."
"2"," [28%] Downloaded 3795817 bytes..."
"2"," [28%] Downloaded 3844969 bytes..."
"2"," [29%] Downloaded 3894121 bytes..."
"2"," [29%] Downloaded 3909377 bytes..."
"2"," [29%] Downloaded 3974913 bytes..."
"2"," [30%] Downloaded 4040449 bytes..."
"2"," [30%] Downloaded 4104857 bytes..."
"2"," [31%] Downloaded 4170393 bytes..."
"2"," [31%] Downloaded 4235929 bytes..."
"2"," [32%] Downloaded 4300337 bytes..."
"2"," [32%] Downloaded 4365873 bytes..."
"2"," [32%] Downloaded 4382257 bytes..."
"2"," [33%] Downloaded 4415025 bytes..."
"2"," [33%] Downloaded 4431409 bytes..."
"2"," [33%] Downloaded 4495817 bytes..."
"2"," [34%] Downloaded 4561353 bytes..."
"2"," [34%] Downloaded 4610505 bytes..."
"2"," [34%] Downloaded 4626889 bytes..."
"2"," [35%] Downloaded 4691297 bytes..."
"2"," [35%] Downloaded 4724065 bytes..."
"2"," [35%] Downloaded 4740449 bytes..."
"2"," [35%] Downloaded 4756833 bytes..."
"2"," [35%] Downloaded 4805985 bytes..."
"2"," [36%] Downloaded 4822369 bytes..."
"2"," [36%] Downloaded 4871521 bytes..."
"2"," [36%] Downloaded 4886777 bytes..."
"2"," [36%] Downloaded 4935929 bytes..."
"2"," [37%] Downloaded 4952313 bytes..."
"2"," [37%] Downloaded 4985081 bytes..."
"2"," [37%] Downloaded 5050617 bytes..."
"2"," [37%] Downloaded 5067001 bytes..."
"2"," [38%] Downloaded 5082257 bytes..."
"2"," [38%] Downloaded 5098641 bytes..."
"2"," [38%] Downloaded 5115025 bytes..."
"2"," [38%] Downloaded 5131409 bytes..."
"2"," [38%] Downloaded 5147793 bytes..."
"2"," [38%] Downloaded 5164177 bytes..."
"2"," [38%] Downloaded 5180561 bytes..."
"2"," [38%] Downloaded 5196945 bytes..."
"2"," [39%] Downloaded 5229713 bytes..."
"2"," [39%] Downloaded 5277737 bytes..."
"2"," [39%] Downloaded 5310505 bytes..."
"2"," [39%] Downloaded 5343273 bytes..."
"2"," [40%] Downloaded 5359657 bytes..."
"2"," [40%] Downloaded 5392425 bytes..."
"2"," [40%] Downloaded 5441577 bytes..."
"2"," [41%] Downloaded 5489601 bytes..."
"2"," [41%] Downloaded 5538753 bytes..."
"2"," [41%] Downloaded 5571521 bytes..."
"2"," [41%] Downloaded 5587905 bytes..."
"2"," [42%] Downloaded 5620673 bytes..."
"2"," [42%] Downloaded 5637057 bytes..."
"2"," [42%] Downloaded 5685081 bytes..."
"2"," [42%] Downloaded 5734233 bytes..."
"2"," [43%] Downloaded 5783385 bytes..."
"2"," [43%] Downloaded 5848921 bytes..."
"2"," [44%] Downloaded 5896945 bytes..."
"2"," [44%] Downloaded 5962481 bytes..."
"2"," [44%] Downloaded 5995249 bytes..."
"2"," [45%] Downloaded 6028017 bytes..."
"2"," [45%] Downloaded 6076041 bytes..."
"2"," [45%] Downloaded 6092425 bytes..."
"2"," [45%] Downloaded 6125193 bytes..."
"2"," [46%] Downloaded 6157961 bytes..."
"2"," [46%] Downloaded 6223497 bytes..."
"2"," [47%] Downloaded 6287905 bytes..."
"2"," [47%] Downloaded 6353441 bytes..."
"2"," [47%] Downloaded 6402593 bytes..."
"2"," [48%] Downloaded 6418977 bytes..."
"2"," [48%] Downloaded 6467001 bytes..."
"2"," [48%] Downloaded 6483385 bytes..."
"2"," [48%] Downloaded 6516153 bytes..."
"2"," [48%] Downloaded 6532537 bytes..."
"2"," [49%] Downloaded 6548921 bytes..."
"2"," [49%] Downloaded 6581689 bytes..."
"2"," [49%] Downloaded 6598073 bytes..."
"2"," [49%] Downloaded 6662481 bytes..."
"2"," [49%] Downloaded 6678865 bytes..."
"2"," [50%] Downloaded 6728017 bytes..."
"2"," [50%] Downloaded 6793553 bytes..."
"2"," [51%] Downloaded 6841577 bytes..."
"2"," [51%] Downloaded 6857961 bytes..."
"2"," [51%] Downloaded 6890729 bytes..."
"2"," [51%] Downloaded 6923497 bytes..."
"2"," [52%] Downloaded 6989033 bytes..."
"2"," [52%] Downloaded 7053441 bytes..."
"2"," [53%] Downloaded 7102593 bytes..."
"2"," [53%] Downloaded 7118977 bytes..."
"2"," [53%] Downloaded 7135361 bytes..."
"2"," [53%] Downloaded 7184513 bytes..."
"2"," [54%] Downloaded 7248921 bytes..."
"2"," [54%] Downloaded 7298073 bytes..."
"2"," [54%] Downloaded 7314457 bytes..."
"2"," [55%] Downloaded 7379993 bytes..."
"2"," [55%] Downloaded 7444401 bytes..."
"2"," [56%] Downloaded 7509937 bytes..."
"2"," [56%] Downloaded 7575473 bytes..."
"2"," [57%] Downloaded 7639881 bytes..."
"2"," [57%] Downloaded 7672649 bytes..."
"2"," [57%] Downloaded 7689033 bytes..."
"2"," [57%] Downloaded 7705417 bytes..."
"2"," [58%] Downloaded 7754569 bytes..."
"2"," [58%] Downloaded 7818977 bytes..."
"2"," [58%] Downloaded 7835361 bytes..."
"2"," [59%] Downloaded 7884513 bytes..."
"2"," [59%] Downloaded 7900897 bytes..."
"2"," [59%] Downloaded 7950049 bytes..."
"2"," [59%] Downloaded 7982817 bytes..."
"2"," [59%] Downloaded 8014457 bytes..."
"2"," [60%] Downloaded 8079993 bytes..."
"2"," [60%] Downloaded 8145529 bytes..."
"2"," [61%] Downloaded 8209937 bytes..."
"2"," [61%] Downloaded 8259089 bytes..."
"2"," [61%] Downloaded 8275473 bytes..."
"2"," [62%] Downloaded 8324625 bytes..."
"2"," [62%] Downloaded 8341009 bytes..."
"2"," [62%] Downloaded 8357393 bytes..."
"2"," [62%] Downloaded 8405417 bytes..."
"2"," [63%] Downloaded 8454569 bytes..."
"2"," [63%] Downloaded 8470953 bytes..."
"2"," [63%] Downloaded 8536489 bytes..."
"2"," [64%] Downloaded 8600897 bytes..."
"2"," [64%] Downloaded 8666433 bytes..."
"2"," [65%] Downloaded 8731969 bytes..."
"2"," [65%] Downloaded 8796377 bytes..."
"2"," [66%] Downloaded 8829145 bytes..."
"2"," [66%] Downloaded 8845529 bytes..."
"2"," [66%] Downloaded 8861913 bytes..."
"2"," [66%] Downloaded 8894681 bytes..."
"2"," [66%] Downloaded 8911065 bytes..."
"2"," [67%] Downloaded 8976601 bytes..."
"2"," [67%] Downloaded 8991857 bytes..."
"2"," [67%] Downloaded 9024625 bytes..."
"2"," [67%] Downloaded 9041009 bytes..."
"2"," [67%] Downloaded 9057393 bytes..."
"2"," [68%] Downloaded 9106545 bytes..."
"2"," [68%] Downloaded 9172081 bytes..."
"2"," [69%] Downloaded 9220105 bytes..."
"2"," [69%] Downloaded 9236489 bytes..."
"2"," [69%] Downloaded 9302025 bytes..."
"2"," [70%] Downloaded 9367561 bytes..."
"2"," [70%] Downloaded 9431969 bytes..."
"2"," [70%] Downloaded 9464737 bytes..."
"2"," [71%] Downloaded 9497505 bytes..."
"2"," [71%] Downloaded 9563041 bytes..."
"2"," [72%] Downloaded 9627449 bytes..."
"2"," [72%] Downloaded 9643833 bytes..."
"2"," [72%] Downloaded 9692985 bytes..."
"2"," [73%] Downloaded 9758521 bytes..."
"2"," [73%] Downloaded 9806545 bytes..."
"2"," [73%] Downloaded 9822929 bytes..."
"2"," [73%] Downloaded 9872081 bytes..."
"2"," [74%] Downloaded 9888465 bytes..."
"2"," [74%] Downloaded 9937617 bytes..."
"2"," [74%] Downloaded 9954001 bytes..."
"2"," [74%] Downloaded 9985641 bytes..."
"2"," [74%] Downloaded 10018409 bytes..."
"2"," [75%] Downloaded 10067561 bytes..."
"2"," [75%] Downloaded 10083945 bytes..."
"2"," [75%] Downloaded 10133097 bytes..."
"2"," [75%] Downloaded 10149481 bytes..."
"2"," [76%] Downloaded 10197505 bytes..."
"2"," [76%] Downloaded 10213889 bytes..."
"2"," [76%] Downloaded 10246657 bytes..."
"2"," [76%] Downloaded 10263041 bytes..."
"2"," [77%] Downloaded 10328577 bytes..."
"2"," [77%] Downloaded 10392985 bytes..."
"2"," [78%] Downloaded 10458521 bytes..."
"2"," [78%] Downloaded 10524057 bytes..."
"2"," [79%] Downloaded 10588465 bytes..."
"2"," [79%] Downloaded 10654001 bytes..."
"2"," [80%] Downloaded 10703153 bytes..."
"2"," [80%] Downloaded 10719537 bytes..."
"2"," [80%] Downloaded 10767561 bytes..."
"2"," [80%] Downloaded 10783945 bytes..."
"2"," [81%] Downloaded 10833097 bytes..."
"2"," [81%] Downloaded 10849481 bytes..."
"2"," [81%] Downloaded 10915017 bytes..."
"2"," [82%] Downloaded 10979425 bytes..."
"2"," [82%] Downloaded 10995809 bytes..."
"2"," [82%] Downloaded 11044961 bytes..."
"2"," [83%] Downloaded 11110497 bytes..."
"2"," [83%] Downloaded 11174905 bytes..."
"2"," [84%] Downloaded 11240441 bytes..."
"2"," [84%] Downloaded 11289593 bytes..."
"2"," [84%] Downloaded 11305977 bytes..."
"2"," [84%] Downloaded 11354001 bytes..."
"2"," [85%] Downloaded 11370385 bytes..."
"2"," [85%] Downloaded 11403153 bytes..."
"2"," [85%] Downloaded 11419537 bytes..."
"2"," [85%] Downloaded 11435921 bytes..."
"2"," [85%] Downloaded 11485073 bytes..."
"2"," [86%] Downloaded 11549481 bytes..."
"2"," [86%] Downloaded 11565865 bytes..."
"2"," [86%] Downloaded 11615017 bytes..."
"2"," [87%] Downloaded 11680553 bytes..."
"2"," [87%] Downloaded 11728577 bytes..."
"2"," [87%] Downloaded 11744961 bytes..."
"2"," [88%] Downloaded 11810497 bytes..."
"2"," [88%] Downloaded 11876033 bytes..."
"2"," [89%] Downloaded 11924057 bytes..."
"2"," [89%] Downloaded 11940441 bytes..."
"2"," [89%] Downloaded 11989593 bytes..."
"2"," [89%] Downloaded 12005977 bytes..."
"2"," [90%] Downloaded 12071513 bytes..."
"2"," [90%] Downloaded 12104281 bytes..."
"2"," [90%] Downloaded 12135921 bytes..."
"2"," [91%] Downloaded 12185073 bytes..."
"2"," [91%] Downloaded 12201457 bytes..."
"2"," [91%] Downloaded 12250609 bytes..."
"2"," [91%] Downloaded 12266993 bytes..."
"2"," [92%] Downloaded 12299761 bytes..."
"2"," [92%] Downloaded 12331401 bytes..."
"2"," [92%] Downloaded 12347785 bytes..."
"2"," [92%] Downloaded 12380553 bytes..."
"2"," [92%] Downloaded 12396937 bytes..."
"2"," [93%] Downloaded 12446089 bytes..."
"2"," [93%] Downloaded 12462473 bytes..."
"2"," [93%] Downloaded 12526881 bytes..."
"2"," [94%] Downloaded 12592417 bytes..."
"2"," [94%] Downloaded 12657953 bytes..."
"2"," [95%] Downloaded 12722361 bytes..."
"2"," [95%] Downloaded 12787897 bytes..."
"2"," [95%] Downloaded 12820665 bytes..."
"2"," [96%] Downloaded 12837049 bytes..."
"2"," [96%] Downloaded 12853433 bytes..."
"2"," [96%] Downloaded 12869817 bytes..."
"2"," [96%] Downloaded 12901457 bytes..."
"2"," [96%] Downloaded 12917841 bytes..."
"2"," [97%] Downloaded 12966993 bytes..."
"2"," [97%] Downloaded 12983377 bytes..."
"2"," [97%] Downloaded 13032529 bytes..."
"2"," [98%] Downloaded 13096937 bytes..."
"2"," [98%] Downloaded 13113321 bytes..."
"2"," [98%] Downloaded 13162473 bytes..."
"2"," [98%] Downloaded 13211625 bytes..."
"2"," [99%] Downloaded 13228009 bytes..."
"2"," [99%] Downloaded 13277161 bytes..."
"2"," [99%] Downloaded 13292417 bytes..."
"2"," [100%] Downloaded 13359907 bytes..."
"2","
"
"2"," [0%] Downloaded 48809 bytes..."
"2"," [0%] Downloaded 64881 bytes..."
"2"," [0%] Downloaded 81265 bytes..."
"2"," [0%] Downloaded 97649 bytes..."
"2"," [0%] Downloaded 114033 bytes..."
"2"," [0%] Downloaded 130041 bytes..."
"2"," [0%] Downloaded 179193 bytes..."
"2"," [0%] Downloaded 195201 bytes..."
"2"," [0%] Downloaded 244353 bytes..."
"2"," [1%] Downloaded 309513 bytes..."
"2"," [1%] Downloaded 325897 bytes..."
"2"," [1%] Downloaded 375049 bytes..."
"2"," [1%] Downloaded 440585 bytes..."
"2"," [1%] Downloaded 488609 bytes..."
"2"," [1%] Downloaded 504993 bytes..."
"2"," [1%] Downloaded 570529 bytes..."
"2"," [2%] Downloaded 619681 bytes..."
"2"," [2%] Downloaded 636065 bytes..."
"2"," [2%] Downloaded 700473 bytes..."
"2"," [2%] Downloaded 733241 bytes..."
"2"," [2%] Downloaded 766009 bytes..."
"2"," [2%] Downloaded 831545 bytes..."
"2"," [3%] Downloaded 879737 bytes..."
"2"," [3%] Downloaded 896121 bytes..."
"2"," [3%] Downloaded 961657 bytes..."
"2"," [3%] Downloaded 1010809 bytes..."
"2"," [3%] Downloaded 1027193 bytes..."
"2"," [3%] Downloaded 1091601 bytes..."
"2"," [4%] Downloaded 1157137 bytes..."
"2"," [4%] Downloaded 1173521 bytes..."
"2"," [4%] Downloaded 1206289 bytes..."
"2"," [4%] Downloaded 1222673 bytes..."
"2"," [4%] Downloaded 1254313 bytes..."
"2"," [4%] Downloaded 1270697 bytes..."
"2"," [4%] Downloaded 1287081 bytes..."
"2"," [4%] Downloaded 1336233 bytes..."
"2"," [4%] Downloaded 1352617 bytes..."
"2"," [4%] Downloaded 1401769 bytes..."
"2"," [5%] Downloaded 1466177 bytes..."
"2"," [5%] Downloaded 1482561 bytes..."
"2"," [5%] Downloaded 1515329 bytes..."
"2"," [5%] Downloaded 1531713 bytes..."
"2"," [5%] Downloaded 1580865 bytes..."
"2"," [5%] Downloaded 1597249 bytes..."
"2"," [5%] Downloaded 1661657 bytes..."
"2"," [5%] Downloaded 1727193 bytes..."
"2"," [6%] Downloaded 1776345 bytes..."
"2"," [6%] Downloaded 1792729 bytes..."
"2"," [6%] Downloaded 1857137 bytes..."
"2"," [6%] Downloaded 1906289 bytes..."
"2"," [6%] Downloaded 1922673 bytes..."
"2"," [6%] Downloaded 1971825 bytes..."
"2"," [6%] Downloaded 1988209 bytes..."
"2"," [7%] Downloaded 2052617 bytes..."
"2"," [7%] Downloaded 2101769 bytes..."
"2"," [7%] Downloaded 2118153 bytes..."
"2"," [7%] Downloaded 2183689 bytes..."
"2"," [7%] Downloaded 2200073 bytes..."
"2"," [7%] Downloaded 2248097 bytes..."
"2"," [7%] Downloaded 2264481 bytes..."
"2"," [8%] Downloaded 2313633 bytes..."
"2"," [8%] Downloaded 2379169 bytes..."
"2"," [8%] Downloaded 2443577 bytes..."
"2"," [8%] Downloaded 2476345 bytes..."
"2"," [8%] Downloaded 2492729 bytes..."
"2"," [8%] Downloaded 2509113 bytes..."
"2"," [8%] Downloaded 2525497 bytes..."
"2"," [8%] Downloaded 2558265 bytes..."
"2"," [8%] Downloaded 2591033 bytes..."
"2"," [9%] Downloaded 2622673 bytes..."
"2"," [9%] Downloaded 2639057 bytes..."
"2"," [9%] Downloaded 2671825 bytes..."
"2"," [9%] Downloaded 2688209 bytes..."
"2"," [9%] Downloaded 2753745 bytes..."
"2"," [9%] Downloaded 2818153 bytes..."
"2"," [9%] Downloaded 2867305 bytes..."
"2"," [9%] Downloaded 2883689 bytes..."
"2"," [10%] Downloaded 2949225 bytes..."
"2"," [10%] Downloaded 2981993 bytes..."
"2"," [10%] Downloaded 3013633 bytes..."
"2"," [10%] Downloaded 3062785 bytes..."
"2"," [10%] Downloaded 3079169 bytes..."
"2"," [10%] Downloaded 3128321 bytes..."
"2"," [10%] Downloaded 3144705 bytes..."
"2"," [11%] Downloaded 3192729 bytes..."
"2"," [11%] Downloaded 3209113 bytes..."
"2"," [11%] Downloaded 3274649 bytes..."
"2"," [11%] Downloaded 3323801 bytes..."
"2"," [11%] Downloaded 3340185 bytes..."
"2"," [11%] Downloaded 3356569 bytes..."
"2"," [11%] Downloaded 3404593 bytes..."
"2"," [11%] Downloaded 3453745 bytes..."
"2"," [12%] Downloaded 3470129 bytes..."
"2"," [12%] Downloaded 3535665 bytes..."
"2"," [12%] Downloaded 3583689 bytes..."
"2"," [12%] Downloaded 3600073 bytes..."
"2"," [12%] Downloaded 3616457 bytes..."
"2"," [12%] Downloaded 3665609 bytes..."
"2"," [12%] Downloaded 3698377 bytes..."
"2"," [12%] Downloaded 3714761 bytes..."
"2"," [12%] Downloaded 3731145 bytes..."
"2"," [13%] Downloaded 3795553 bytes..."
"2"," [13%] Downloaded 3828321 bytes..."
"2"," [13%] Downloaded 3844705 bytes..."
"2"," [13%] Downloaded 3861089 bytes..."
"2"," [13%] Downloaded 3893857 bytes..."
"2"," [13%] Downloaded 3910241 bytes..."
"2"," [13%] Downloaded 3926625 bytes..."
"2"," [13%] Downloaded 3959393 bytes..."
"2"," [13%] Downloaded 3974649 bytes..."
"2"," [13%] Downloaded 3991033 bytes..."
"2"," [13%] Downloaded 4040185 bytes..."
"2"," [14%] Downloaded 4089337 bytes..."
"2"," [14%] Downloaded 4105721 bytes..."
"2"," [14%] Downloaded 4170129 bytes..."
"2"," [14%] Downloaded 4219281 bytes..."
"2"," [14%] Downloaded 4235665 bytes..."
"2"," [14%] Downloaded 4284817 bytes..."
"2"," [14%] Downloaded 4301201 bytes..."
"2"," [15%] Downloaded 4365609 bytes..."
"2"," [15%] Downloaded 4431145 bytes..."
"2"," [15%] Downloaded 4447529 bytes..."
"2"," [15%] Downloaded 4496681 bytes..."
"2"," [15%] Downloaded 4561089 bytes..."
"2"," [15%] Downloaded 4610241 bytes..."
"2"," [16%] Downloaded 4626625 bytes..."
"2"," [16%] Downloaded 4692161 bytes..."
"2"," [16%] Downloaded 4741313 bytes..."
"2"," [16%] Downloaded 4756569 bytes..."
"2"," [16%] Downloaded 4822105 bytes..."
"2"," [16%] Downloaded 4838489 bytes..."
"2"," [16%] Downloaded 4871257 bytes..."
"2"," [16%] Downloaded 4887641 bytes..."
"2"," [17%] Downloaded 4952049 bytes..."
"2"," [17%] Downloaded 5017585 bytes..."
"2"," [17%] Downloaded 5050353 bytes..."
"2"," [17%] Downloaded 5066737 bytes..."
"2"," [17%] Downloaded 5083121 bytes..."
"2"," [17%] Downloaded 5132273 bytes..."
"2"," [17%] Downloaded 5147529 bytes..."
"2"," [17%] Downloaded 5196681 bytes..."
"2"," [18%] Downloaded 5245833 bytes..."
"2"," [18%] Downloaded 5262217 bytes..."
"2"," [18%] Downloaded 5294985 bytes..."
"2"," [18%] Downloaded 5327753 bytes..."
"2"," [18%] Downloaded 5343009 bytes..."
"2"," [18%] Downloaded 5359393 bytes..."
"2"," [18%] Downloaded 5392161 bytes..."
"2"," [18%] Downloaded 5457697 bytes..."
"2"," [19%] Downloaded 5506849 bytes..."
"2"," [19%] Downloaded 5523233 bytes..."
"2"," [19%] Downloaded 5538489 bytes..."
"2"," [19%] Downloaded 5571257 bytes..."
"2"," [19%] Downloaded 5587641 bytes..."
"2"," [19%] Downloaded 5604025 bytes..."
"2"," [19%] Downloaded 5653177 bytes..."
"2"," [19%] Downloaded 5702329 bytes..."
"2"," [19%] Downloaded 5718713 bytes..."
"2"," [19%] Downloaded 5766737 bytes..."
"2"," [20%] Downloaded 5783121 bytes..."
"2"," [20%] Downloaded 5832273 bytes..."
"2"," [20%] Downloaded 5848657 bytes..."
"2"," [20%] Downloaded 5906281 bytes..."
"2"," [20%] Downloaded 5971817 bytes..."
"2"," [20%] Downloaded 6037353 bytes..."
"2"," [21%] Downloaded 6101761 bytes..."
"2"," [21%] Downloaded 6134529 bytes..."
"2"," [21%] Downloaded 6167297 bytes..."
"2"," [21%] Downloaded 6232833 bytes..."
"2"," [21%] Downloaded 6297241 bytes..."
"2"," [21%] Downloaded 6330009 bytes..."
"2"," [22%] Downloaded 6362777 bytes..."
"2"," [22%] Downloaded 6379161 bytes..."
"2"," [22%] Downloaded 6428313 bytes..."
"2"," [22%] Downloaded 6492721 bytes..."
"2"," [22%] Downloaded 6558257 bytes..."
"2"," [22%] Downloaded 6623793 bytes..."
"2"," [22%] Downloaded 6640177 bytes..."
"2"," [23%] Downloaded 6672945 bytes..."
"2"," [23%] Downloaded 6688201 bytes..."
"2"," [23%] Downloaded 6753737 bytes..."
"2"," [23%] Downloaded 6819273 bytes..."
"2"," [23%] Downloaded 6835657 bytes..."
"2"," [23%] Downloaded 6883681 bytes..."
"2"," [23%] Downloaded 6932833 bytes..."
"2"," [24%] Downloaded 6949217 bytes..."
"2"," [24%] Downloaded 6998369 bytes..."
"2"," [24%] Downloaded 7014753 bytes..."
"2"," [24%] Downloaded 7063905 bytes..."
"2"," [24%] Downloaded 7079161 bytes..."
"2"," [24%] Downloaded 7128313 bytes..."
"2"," [24%] Downloaded 7144697 bytes..."
"2"," [24%] Downloaded 7177465 bytes..."
"2"," [24%] Downloaded 7193849 bytes..."
"2"," [25%] Downloaded 7243001 bytes..."
"2"," [25%] Downloaded 7259385 bytes..."
"2"," [25%] Downloaded 7323793 bytes..."
"2"," [25%] Downloaded 7372945 bytes..."
"2"," [25%] Downloaded 7389329 bytes..."
"2"," [25%] Downloaded 7454865 bytes..."
"2"," [25%] Downloaded 7502889 bytes..."
"2"," [26%] Downloaded 7519273 bytes..."
"2"," [26%] Downloaded 7568425 bytes..."
"2"," [26%] Downloaded 7584809 bytes..."
"2"," [26%] Downloaded 7601193 bytes..."
"2"," [26%] Downloaded 7650345 bytes..."
"2"," [26%] Downloaded 7681985 bytes..."
"2"," [26%] Downloaded 7714753 bytes..."
"2"," [26%] Downloaded 7731137 bytes..."
"2"," [26%] Downloaded 7780289 bytes..."
"2"," [27%] Downloaded 7829441 bytes..."
"2"," [27%] Downloaded 7845825 bytes..."
"2"," [27%] Downloaded 7910233 bytes..."
"2"," [27%] Downloaded 7943001 bytes..."
"2"," [27%] Downloaded 7975769 bytes..."
"2"," [27%] Downloaded 8041305 bytes..."
"2"," [27%] Downloaded 8089329 bytes..."
"2"," [28%] Downloaded 8105713 bytes..."
"2"," [28%] Downloaded 8154865 bytes..."
"2"," [28%] Downloaded 8171249 bytes..."
"2"," [28%] Downloaded 8220401 bytes..."
"2"," [28%] Downloaded 8268425 bytes..."
"2"," [28%] Downloaded 8284809 bytes..."
"2"," [28%] Downloaded 8301193 bytes..."
"2"," [28%] Downloaded 8350345 bytes..."
"2"," [28%] Downloaded 8366729 bytes..."
"2"," [29%] Downloaded 8415881 bytes..."
"2"," [29%] Downloaded 8480289 bytes..."
"2"," [29%] Downloaded 8545825 bytes..."
"2"," [29%] Downloaded 8594977 bytes..."
"2"," [29%] Downloaded 8611361 bytes..."
"2"," [30%] Downloaded 8675769 bytes..."
"2"," [30%] Downloaded 8741305 bytes..."
"2"," [30%] Downloaded 8806841 bytes..."
"2"," [30%] Downloaded 8854865 bytes..."
"2"," [30%] Downloaded 8871249 bytes..."
"2"," [30%] Downloaded 8904017 bytes..."
"2"," [30%] Downloaded 8936785 bytes..."
"2"," [31%] Downloaded 9002321 bytes..."
"2"," [31%] Downloaded 9066729 bytes..."
"2"," [31%] Downloaded 9115881 bytes..."
"2"," [31%] Downloaded 9132265 bytes..."
"2"," [31%] Downloaded 9165033 bytes..."
"2"," [31%] Downloaded 9181417 bytes..."
"2"," [31%] Downloaded 9197801 bytes..."
"2"," [31%] Downloaded 9245825 bytes..."
"2"," [32%] Downloaded 9262209 bytes..."
"2"," [32%] Downloaded 9294977 bytes..."
"2"," [32%] Downloaded 9311361 bytes..."
"2"," [32%] Downloaded 9360513 bytes..."
"2"," [32%] Downloaded 9376897 bytes..."
"2"," [32%] Downloaded 9441305 bytes..."
"2"," [32%] Downloaded 9506841 bytes..."
"2"," [33%] Downloaded 9555993 bytes..."
"2"," [33%] Downloaded 9572377 bytes..."
"2"," [33%] Downloaded 9636785 bytes..."
"2"," [33%] Downloaded 9685937 bytes..."
"2"," [33%] Downloaded 9702321 bytes..."
"2"," [33%] Downloaded 9751473 bytes..."
"2"," [33%] Downloaded 9767857 bytes..."
"2"," [33%] Downloaded 9815881 bytes..."
"2"," [34%] Downloaded 9832265 bytes..."
"2"," [34%] Downloaded 9881417 bytes..."
"2"," [34%] Downloaded 9897801 bytes..."
"2"," [34%] Downloaded 9946953 bytes..."
"2"," [34%] Downloaded 9963337 bytes..."
"2"," [34%] Downloaded 10011361 bytes..."
"2"," [34%] Downloaded 10027745 bytes..."
"2"," [34%] Downloaded 10076897 bytes..."
"2"," [34%] Downloaded 10093281 bytes..."
"2"," [35%] Downloaded 10142433 bytes..."
"2"," [35%] Downloaded 10158817 bytes..."
"2"," [35%] Downloaded 10223225 bytes..."
"2"," [35%] Downloaded 10239609 bytes..."
"2"," [35%] Downloaded 10255993 bytes..."
"2"," [35%] Downloaded 10288761 bytes..."
"2"," [35%] Downloaded 10354297 bytes..."
"2"," [36%] Downloaded 10418705 bytes..."
"2"," [36%] Downloaded 10484241 bytes..."
"2"," [36%] Downloaded 10533393 bytes..."
"2"," [36%] Downloaded 10549777 bytes..."
"2"," [36%] Downloaded 10582545 bytes..."
"2"," [36%] Downloaded 10614185 bytes..."
"2"," [36%] Downloaded 10663337 bytes..."
"2"," [36%] Downloaded 10679721 bytes..."
"2"," [37%] Downloaded 10728873 bytes..."
"2"," [37%] Downloaded 10793281 bytes..."
"2"," [37%] Downloaded 10842433 bytes..."
"2"," [37%] Downloaded 10858817 bytes..."
"2"," [37%] Downloaded 10924353 bytes..."
"2"," [38%] Downloaded 10988761 bytes..."
"2"," [38%] Downloaded 11005145 bytes..."
"2"," [38%] Downloaded 11021529 bytes..."
"2"," [38%] Downloaded 11054297 bytes..."
"2"," [38%] Downloaded 11103449 bytes..."
"2"," [38%] Downloaded 11119833 bytes..."
"2"," [38%] Downloaded 11184241 bytes..."
"2"," [38%] Downloaded 11249777 bytes..."
"2"," [39%] Downloaded 11315313 bytes..."
"2"," [39%] Downloaded 11379721 bytes..."
"2"," [39%] Downloaded 11445257 bytes..."
"2"," [39%] Downloaded 11494409 bytes..."
"2"," [39%] Downloaded 11510793 bytes..."
"2"," [39%] Downloaded 11527177 bytes..."
"2"," [40%] Downloaded 11575201 bytes..."
"2"," [40%] Downloaded 11624353 bytes..."
"2"," [40%] Downloaded 11640737 bytes..."
"2"," [40%] Downloaded 11706273 bytes..."
"2"," [40%] Downloaded 11755425 bytes..."
"2"," [40%] Downloaded 11770681 bytes..."
"2"," [40%] Downloaded 11819833 bytes..."
"2"," [40%] Downloaded 11836217 bytes..."
"2"," [41%] Downloaded 11885369 bytes..."
"2"," [41%] Downloaded 11901753 bytes..."
"2"," [41%] Downloaded 11934521 bytes..."
"2"," [41%] Downloaded 11950905 bytes..."
"2"," [41%] Downloaded 11966161 bytes..."
"2"," [41%] Downloaded 12015313 bytes..."
"2"," [41%] Downloaded 12064465 bytes..."
"2"," [41%] Downloaded 12080849 bytes..."
"2"," [41%] Downloaded 12097233 bytes..."
"2"," [42%] Downloaded 12146385 bytes..."
"2"," [42%] Downloaded 12210793 bytes..."
"2"," [42%] Downloaded 12276329 bytes..."
"2"," [42%] Downloaded 12292713 bytes..."
"2"," [42%] Downloaded 12325481 bytes..."
"2"," [42%] Downloaded 12341865 bytes..."
"2"," [42%] Downloaded 12389889 bytes..."
"2"," [42%] Downloaded 12406273 bytes..."
"2"," [43%] Downloaded 12455425 bytes..."
"2"," [43%] Downloaded 12471809 bytes..."
"2"," [43%] Downloaded 12504577 bytes..."
"2"," [43%] Downloaded 12520961 bytes..."
"2"," [43%] Downloaded 12537345 bytes..."
"2"," [43%] Downloaded 12585369 bytes..."
"2"," [43%] Downloaded 12601753 bytes..."
"2"," [43%] Downloaded 12650905 bytes..."
"2"," [43%] Downloaded 12667289 bytes..."
"2"," [43%] Downloaded 12716441 bytes..."
"2"," [44%] Downloaded 12732825 bytes..."
"2"," [44%] Downloaded 12780849 bytes..."
"2"," [44%] Downloaded 12797233 bytes..."
"2"," [44%] Downloaded 12846385 bytes..."
"2"," [44%] Downloaded 12862769 bytes..."
"2"," [44%] Downloaded 12911921 bytes..."
"2"," [44%] Downloaded 12928305 bytes..."
"2"," [44%] Downloaded 12976329 bytes..."
"2"," [44%] Downloaded 12992713 bytes..."
"2"," [45%] Downloaded 13025481 bytes..."
"2"," [45%] Downloaded 13041865 bytes..."
"2"," [45%] Downloaded 13058249 bytes..."
"2"," [45%] Downloaded 13091017 bytes..."
"2"," [45%] Downloaded 13107401 bytes..."
"2"," [45%] Downloaded 13155425 bytes..."
"2"," [45%] Downloaded 13171809 bytes..."
"2"," [45%] Downloaded 13204577 bytes..."
"2"," [45%] Downloaded 13220961 bytes..."
"2"," [45%] Downloaded 13237345 bytes..."
"2"," [45%] Downloaded 13270113 bytes..."
"2"," [45%] Downloaded 13286497 bytes..."
"2"," [46%] Downloaded 13302881 bytes..."
"2"," [46%] Downloaded 13334521 bytes..."
"2"," [46%] Downloaded 13350905 bytes..."
"2"," [46%] Downloaded 13367289 bytes..."
"2"," [46%] Downloaded 13400057 bytes..."
"2"," [46%] Downloaded 13416441 bytes..."
"2"," [46%] Downloaded 13432825 bytes..."
"2"," [46%] Downloaded 13465593 bytes..."
"2"," [46%] Downloaded 13481977 bytes..."
"2"," [46%] Downloaded 13498361 bytes..."
"2"," [46%] Downloaded 13530001 bytes..."
"2"," [46%] Downloaded 13546385 bytes..."
"2"," [46%] Downloaded 13562769 bytes..."
"2"," [47%] Downloaded 13611921 bytes..."
"2"," [47%] Downloaded 13628305 bytes..."
"2"," [47%] Downloaded 13677457 bytes..."
"2"," [47%] Downloaded 13693841 bytes..."
"2"," [47%] Downloaded 13741865 bytes..."
"2"," [47%] Downloaded 13758249 bytes..."
"2"," [47%] Downloaded 13807401 bytes..."
"2"," [47%] Downloaded 13823785 bytes..."
"2"," [47%] Downloaded 13872937 bytes..."
"2"," [48%] Downloaded 13889321 bytes..."
"2"," [48%] Downloaded 13937345 bytes..."
"2"," [48%] Downloaded 13953729 bytes..."
"2"," [48%] Downloaded 14002881 bytes..."
"2"," [48%] Downloaded 14019265 bytes..."
"2"," [48%] Downloaded 14068417 bytes..."
"2"," [48%] Downloaded 14084801 bytes..."
"2"," [48%] Downloaded 14132825 bytes..."
"2"," [48%] Downloaded 14149209 bytes..."
"2"," [49%] Downloaded 14198361 bytes..."
"2"," [49%] Downloaded 14214745 bytes..."
"2"," [49%] Downloaded 14247513 bytes..."
"2"," [49%] Downloaded 14263897 bytes..."
"2"," [49%] Downloaded 14280281 bytes..."
"2"," [49%] Downloaded 14296665 bytes..."
"2"," [49%] Downloaded 14328305 bytes..."
"2"," [49%] Downloaded 14344689 bytes..."
"2"," [49%] Downloaded 14377457 bytes..."
"2"," [49%] Downloaded 14393841 bytes..."
"2"," [49%] Downloaded 14410225 bytes..."
"2"," [49%] Downloaded 14442993 bytes..."
"2"," [50%] Downloaded 14459377 bytes..."
"2"," [50%] Downloaded 14475761 bytes..."
"2"," [50%] Downloaded 14540169 bytes..."
"2"," [50%] Downloaded 14589321 bytes..."
"2"," [50%] Downloaded 14605705 bytes..."
"2"," [50%] Downloaded 14654857 bytes..."
"2"," [50%] Downloaded 14719265 bytes..."
"2"," [50%] Downloaded 14735649 bytes..."
"2"," [51%] Downloaded 14784801 bytes..."
"2"," [51%] Downloaded 14850337 bytes..."
"2"," [51%] Downloaded 14914745 bytes..."
"2"," [51%] Downloaded 14980281 bytes..."
"2"," [52%] Downloaded 15045817 bytes..."
"2"," [52%] Downloaded 15110225 bytes..."
"2"," [52%] Downloaded 15175761 bytes..."
"2"," [52%] Downloaded 15241297 bytes..."
"2"," [52%] Downloaded 15305705 bytes..."
"2"," [53%] Downloaded 15371241 bytes..."
"2"," [53%] Downloaded 15387625 bytes..."
"2"," [53%] Downloaded 15436777 bytes..."
"2"," [53%] Downloaded 15484801 bytes..."
"2"," [53%] Downloaded 15501185 bytes..."
"2"," [53%] Downloaded 15566721 bytes..."
"2"," [54%] Downloaded 15615873 bytes..."
"2"," [54%] Downloaded 15632257 bytes..."
"2"," [54%] Downloaded 15680281 bytes..."
"2"," [54%] Downloaded 15696665 bytes..."
"2"," [54%] Downloaded 15745817 bytes..."
"2"," [54%] Downloaded 15762201 bytes..."
"2"," [54%] Downloaded 15811353 bytes..."
"2"," [54%] Downloaded 15844121 bytes..."
"2"," [54%] Downloaded 15892145 bytes..."
"2"," [55%] Downloaded 15941297 bytes..."
"2"," [55%] Downloaded 15957681 bytes..."
"2"," [55%] Downloaded 15990449 bytes..."
"2"," [55%] Downloaded 16006833 bytes..."
"2"," [55%] Downloaded 16071241 bytes..."
"2"," [55%] Downloaded 16136777 bytes..."
"2"," [56%] Downloaded 16202313 bytes..."
"2"," [56%] Downloaded 16266721 bytes..."
"2"," [56%] Downloaded 16332257 bytes..."
"2"," [56%] Downloaded 16397793 bytes..."
"2"," [56%] Downloaded 16462201 bytes..."
"2"," [57%] Downloaded 16494969 bytes..."
"2"," [57%] Downloaded 16527737 bytes..."
"2"," [57%] Downloaded 16593273 bytes..."
"2"," [57%] Downloaded 16609657 bytes..."
"2"," [57%] Downloaded 16657681 bytes..."
"2"," [57%] Downloaded 16706833 bytes..."
"2"," [57%] Downloaded 16723217 bytes..."
"2"," [58%] Downloaded 16788753 bytes..."
"2"," [58%] Downloaded 16853161 bytes..."
"2"," [58%] Downloaded 16918697 bytes..."
"2"," [58%] Downloaded 16951465 bytes..."
"2"," [58%] Downloaded 16984233 bytes..."
"2"," [58%] Downloaded 17017001 bytes..."
"2"," [58%] Downloaded 17048641 bytes..."
"2"," [59%] Downloaded 17081409 bytes..."
"2"," [59%] Downloaded 17097793 bytes..."
"2"," [59%] Downloaded 17114177 bytes..."
"2"," [59%] Downloaded 17146945 bytes..."
"2"," [59%] Downloaded 17163329 bytes..."
"2"," [59%] Downloaded 17179713 bytes..."
"2"," [59%] Downloaded 17228865 bytes..."
"2"," [59%] Downloaded 17244121 bytes..."
"2"," [59%] Downloaded 17276889 bytes..."
"2"," [59%] Downloaded 17293273 bytes..."
"2"," [59%] Downloaded 17309657 bytes..."
"2"," [59%] Downloaded 17342425 bytes..."
"2"," [60%] Downloaded 17358809 bytes..."
"2"," [60%] Downloaded 17424345 bytes..."
"2"," [60%] Downloaded 17488753 bytes..."
"2"," [60%] Downloaded 17537905 bytes..."
"2"," [60%] Downloaded 17554289 bytes..."
"2"," [60%] Downloaded 17619825 bytes..."
"2"," [61%] Downloaded 17684233 bytes..."
"2"," [61%] Downloaded 17733385 bytes..."
"2"," [61%] Downloaded 17749769 bytes..."
"2"," [61%] Downloaded 17815305 bytes..."
"2"," [61%] Downloaded 17879713 bytes..."
"2"," [62%] Downloaded 17928865 bytes..."
"2"," [62%] Downloaded 17945249 bytes..."
"2"," [62%] Downloaded 17994401 bytes..."
"2"," [62%] Downloaded 18010785 bytes..."
"2"," [62%] Downloaded 18075193 bytes..."
"2"," [62%] Downloaded 18140729 bytes..."
"2"," [62%] Downloaded 18173497 bytes..."
"2"," [62%] Downloaded 18206265 bytes..."
"2"," [63%] Downloaded 18270673 bytes..."
"2"," [63%] Downloaded 18319825 bytes..."
"2"," [63%] Downloaded 18336209 bytes..."
"2"," [63%] Downloaded 18352593 bytes..."
"2"," [63%] Downloaded 18385361 bytes..."
"2"," [63%] Downloaded 18449769 bytes..."
"2"," [63%] Downloaded 18466153 bytes..."
"2"," [63%] Downloaded 18482537 bytes..."
"2"," [64%] Downloaded 18515305 bytes..."
"2"," [64%] Downloaded 18548073 bytes..."
"2"," [64%] Downloaded 18580841 bytes..."
"2"," [64%] Downloaded 18612481 bytes..."
"2"," [64%] Downloaded 18645249 bytes..."
"2"," [64%] Downloaded 18694401 bytes..."
"2"," [64%] Downloaded 18710785 bytes..."
"2"," [64%] Downloaded 18743553 bytes..."
"2"," [64%] Downloaded 18776321 bytes..."
"2"," [65%] Downloaded 18840729 bytes..."
"2"," [65%] Downloaded 18906265 bytes..."
"2"," [65%] Downloaded 18955417 bytes..."
"2"," [65%] Downloaded 18971801 bytes..."
"2"," [65%] Downloaded 19003441 bytes..."
"2"," [65%] Downloaded 19036209 bytes..."
"2"," [66%] Downloaded 19101745 bytes..."
"2"," [66%] Downloaded 19167281 bytes..."
"2"," [66%] Downloaded 19231689 bytes..."
"2"," [66%] Downloaded 19297225 bytes..."
"2"," [66%] Downloaded 19362761 bytes..."
"2"," [67%] Downloaded 19427169 bytes..."
"2"," [67%] Downloaded 19476321 bytes..."
"2"," [67%] Downloaded 19492705 bytes..."
"2"," [67%] Downloaded 19525473 bytes..."
"2"," [67%] Downloaded 19541857 bytes..."
"2"," [67%] Downloaded 19574625 bytes..."
"2"," [67%] Downloaded 19606265 bytes..."
"2"," [67%] Downloaded 19622649 bytes..."
"2"," [67%] Downloaded 19655417 bytes..."
"2"," [68%] Downloaded 19671801 bytes..."
"2"," [68%] Downloaded 19720953 bytes..."
"2"," [68%] Downloaded 19737337 bytes..."
"2"," [68%] Downloaded 19785361 bytes..."
"2"," [68%] Downloaded 19801745 bytes..."
"2"," [68%] Downloaded 19867281 bytes..."
"2"," [68%] Downloaded 19932817 bytes..."
"2"," [69%] Downloaded 19997225 bytes..."
"2"," [69%] Downloaded 20062761 bytes..."
"2"," [69%] Downloaded 20128297 bytes..."
"2"," [69%] Downloaded 20161065 bytes..."
"2"," [69%] Downloaded 20192705 bytes..."
"2"," [70%] Downloaded 20241857 bytes..."
"2"," [70%] Downloaded 20258241 bytes..."
"2"," [70%] Downloaded 20323777 bytes..."
"2"," [70%] Downloaded 20388185 bytes..."
"2"," [70%] Downloaded 20437337 bytes..."
"2"," [70%] Downloaded 20453721 bytes..."
"2"," [70%] Downloaded 20519257 bytes..."
"2"," [71%] Downloaded 20583665 bytes..."
"2"," [71%] Downloaded 20632817 bytes..."
"2"," [71%] Downloaded 20649201 bytes..."
"2"," [71%] Downloaded 20698353 bytes..."
"2"," [71%] Downloaded 20747505 bytes..."
"2"," [71%] Downloaded 20762761 bytes..."
"2"," [71%] Downloaded 20779145 bytes..."
"2"," [72%] Downloaded 20811913 bytes..."
"2"," [72%] Downloaded 20828297 bytes..."
"2"," [72%] Downloaded 20877449 bytes..."
"2"," [72%] Downloaded 20893833 bytes..."
"2"," [72%] Downloaded 20926601 bytes..."
"2"," [72%] Downloaded 20958241 bytes..."
"2"," [72%] Downloaded 21023777 bytes..."
"2"," [72%] Downloaded 21040161 bytes..."
"2"," [72%] Downloaded 21089313 bytes..."
"2"," [73%] Downloaded 21153721 bytes..."
"2"," [73%] Downloaded 21219257 bytes..."
"2"," [73%] Downloaded 21268409 bytes..."
"2"," [73%] Downloaded 21284793 bytes..."
"2"," [73%] Downloaded 21333945 bytes..."
"2"," [73%] Downloaded 21349201 bytes..."
"2"," [74%] Downloaded 21398353 bytes..."
"2"," [74%] Downloaded 21414737 bytes..."
"2"," [74%] Downloaded 21463889 bytes..."
"2"," [74%] Downloaded 21480273 bytes..."
"2"," [74%] Downloaded 21529425 bytes..."
"2"," [74%] Downloaded 21544681 bytes..."
"2"," [74%] Downloaded 21593833 bytes..."
"2"," [74%] Downloaded 21610217 bytes..."
"2"," [74%] Downloaded 21659369 bytes..."
"2"," [74%] Downloaded 21675753 bytes..."
"2"," [75%] Downloaded 21692137 bytes..."
"2"," [75%] Downloaded 21724905 bytes..."
"2"," [75%] Downloaded 21740161 bytes..."
"2"," [75%] Downloaded 21772929 bytes..."
"2"," [75%] Downloaded 21789313 bytes..."
"2"," [75%] Downloaded 21805697 bytes..."
"2"," [75%] Downloaded 21838465 bytes..."
"2"," [75%] Downloaded 21854849 bytes..."
"2"," [75%] Downloaded 21904001 bytes..."
"2"," [75%] Downloaded 21920385 bytes..."
"2"," [76%] Downloaded 21968409 bytes..."
"2"," [76%] Downloaded 21984793 bytes..."
"2"," [76%] Downloaded 22033945 bytes..."
"2"," [76%] Downloaded 22050329 bytes..."
"2"," [76%] Downloaded 22099481 bytes..."
"2"," [76%] Downloaded 22115865 bytes..."
"2"," [76%] Downloaded 22147505 bytes..."
"2"," [76%] Downloaded 22163889 bytes..."
"2"," [76%] Downloaded 22180273 bytes..."
"2"," [76%] Downloaded 22213041 bytes..."
"2"," [76%] Downloaded 22229425 bytes..."
"2"," [76%] Downloaded 22245809 bytes..."
"2"," [77%] Downloaded 22294961 bytes..."
"2"," [77%] Downloaded 22311345 bytes..."
"2"," [77%] Downloaded 22342985 bytes..."
"2"," [77%] Downloaded 22359369 bytes..."
"2"," [77%] Downloaded 22375753 bytes..."
"2"," [77%] Downloaded 22408521 bytes..."
"2"," [77%] Downloaded 22424905 bytes..."
"2"," [77%] Downloaded 22441289 bytes..."
"2"," [77%] Downloaded 22474057 bytes..."
"2"," [77%] Downloaded 22490441 bytes..."
"2"," [77%] Downloaded 22506825 bytes..."
"2"," [77%] Downloaded 22538465 bytes..."
"2"," [78%] Downloaded 22554849 bytes..."
"2"," [78%] Downloaded 22571233 bytes..."
"2"," [78%] Downloaded 22620385 bytes..."
"2"," [78%] Downloaded 22636769 bytes..."
"2"," [78%] Downloaded 22685921 bytes..."
"2"," [78%] Downloaded 22702305 bytes..."
"2"," [78%] Downloaded 22750329 bytes..."
"2"," [78%] Downloaded 22766713 bytes..."
"2"," [78%] Downloaded 22799481 bytes..."
"2"," [78%] Downloaded 22815865 bytes..."
"2"," [78%] Downloaded 22832249 bytes..."
"2"," [79%] Downloaded 22881401 bytes..."
"2"," [79%] Downloaded 22945809 bytes..."
"2"," [79%] Downloaded 22962193 bytes..."
"2"," [79%] Downloaded 23011345 bytes..."
"2"," [79%] Downloaded 23044113 bytes..."
"2"," [79%] Downloaded 23060497 bytes..."
"2"," [79%] Downloaded 23076881 bytes..."
"2"," [80%] Downloaded 23124905 bytes..."
"2"," [80%] Downloaded 23141289 bytes..."
"2"," [80%] Downloaded 23190441 bytes..."
"2"," [80%] Downloaded 23206825 bytes..."
"2"," [80%] Downloaded 23223209 bytes..."
"2"," [80%] Downloaded 23255977 bytes..."
"2"," [80%] Downloaded 23272361 bytes..."
"2"," [80%] Downloaded 23320385 bytes..."
"2"," [80%] Downloaded 23336769 bytes..."
"2"," [80%] Downloaded 23385921 bytes..."
"2"," [80%] Downloaded 23402305 bytes..."
"2"," [81%] Downloaded 23451457 bytes..."
"2"," [81%] Downloaded 23467841 bytes..."
"2"," [81%] Downloaded 23515865 bytes..."
"2"," [81%] Downloaded 23532249 bytes..."
"2"," [81%] Downloaded 23581401 bytes..."
"2"," [81%] Downloaded 23597785 bytes..."
"2"," [81%] Downloaded 23646937 bytes..."
"2"," [81%] Downloaded 23663321 bytes..."
"2"," [82%] Downloaded 23711345 bytes..."
"2"," [82%] Downloaded 23727729 bytes..."
"2"," [82%] Downloaded 23776881 bytes..."
"2"," [82%] Downloaded 23793265 bytes..."
"2"," [82%] Downloaded 23842417 bytes..."
"2"," [82%] Downloaded 23858801 bytes..."
"2"," [82%] Downloaded 23890441 bytes..."
"2"," [82%] Downloaded 23906825 bytes..."
"2"," [82%] Downloaded 23923209 bytes..."
"2"," [82%] Downloaded 23955977 bytes..."
"2"," [82%] Downloaded 23972361 bytes..."
"2"," [82%] Downloaded 23988745 bytes..."
"2"," [83%] Downloaded 24021513 bytes..."
"2"," [83%] Downloaded 24037897 bytes..."
"2"," [83%] Downloaded 24054281 bytes..."
"2"," [83%] Downloaded 24085921 bytes..."
"2"," [83%] Downloaded 24102305 bytes..."
"2"," [83%] Downloaded 24151457 bytes..."
"2"," [83%] Downloaded 24167841 bytes..."
"2"," [83%] Downloaded 24233377 bytes..."
"2"," [84%] Downloaded 24281401 bytes..."
"2"," [84%] Downloaded 24297785 bytes..."
"2"," [84%] Downloaded 24363321 bytes..."
"2"," [84%] Downloaded 24412473 bytes..."
"2"," [84%] Downloaded 24428857 bytes..."
"2"," [84%] Downloaded 24476881 bytes..."
"2"," [84%] Downloaded 24493265 bytes..."
"2"," [84%] Downloaded 24558801 bytes..."
"2"," [85%] Downloaded 24607953 bytes..."
"2"," [85%] Downloaded 24624337 bytes..."
"2"," [85%] Downloaded 24672361 bytes..."
"2"," [85%] Downloaded 24688745 bytes..."
"2"," [85%] Downloaded 24737897 bytes..."
"2"," [85%] Downloaded 24754281 bytes..."
"2"," [85%] Downloaded 24787049 bytes..."
"2"," [85%] Downloaded 24819817 bytes..."
"2"," [86%] Downloaded 24867841 bytes..."
"2"," [86%] Downloaded 24884225 bytes..."
"2"," [86%] Downloaded 24900609 bytes..."
"2"," [86%] Downloaded 24949761 bytes..."
"2"," [86%] Downloaded 24998913 bytes..."
"2"," [86%] Downloaded 25015297 bytes..."
"2"," [86%] Downloaded 25079705 bytes..."
"2"," [86%] Downloaded 25128857 bytes..."
"2"," [86%] Downloaded 25145241 bytes..."
"2"," [87%] Downloaded 25194393 bytes..."
"2"," [87%] Downloaded 25210777 bytes..."
"2"," [87%] Downloaded 25258801 bytes..."
"2"," [87%] Downloaded 25275185 bytes..."
"2"," [87%] Downloaded 25307953 bytes..."
"2"," [87%] Downloaded 25324337 bytes..."
"2"," [87%] Downloaded 25389873 bytes..."
"2"," [88%] Downloaded 25454281 bytes..."
"2"," [88%] Downloaded 25503433 bytes..."
"2"," [88%] Downloaded 25519817 bytes..."
"2"," [88%] Downloaded 25568969 bytes..."
"2"," [88%] Downloaded 25585353 bytes..."
"2"," [88%] Downloaded 25634505 bytes..."
"2"," [88%] Downloaded 25649761 bytes..."
"2"," [88%] Downloaded 25682529 bytes..."
"2"," [88%] Downloaded 25715297 bytes..."
"2"," [89%] Downloaded 25764449 bytes..."
"2"," [89%] Downloaded 25780833 bytes..."
"2"," [89%] Downloaded 25845241 bytes..."
"2"," [89%] Downloaded 25910777 bytes..."
"2"," [89%] Downloaded 25959929 bytes..."
"2"," [89%] Downloaded 25976313 bytes..."
"2"," [90%] Downloaded 26040721 bytes..."
"2"," [90%] Downloaded 26106257 bytes..."
"2"," [90%] Downloaded 26171793 bytes..."
"2"," [90%] Downloaded 26220945 bytes..."
"2"," [90%] Downloaded 26236201 bytes..."
"2"," [90%] Downloaded 26301737 bytes..."
"2"," [91%] Downloaded 26318121 bytes..."
"2"," [91%] Downloaded 26350889 bytes..."
"2"," [91%] Downloaded 26367273 bytes..."
"2"," [91%] Downloaded 26400041 bytes..."
"2"," [91%] Downloaded 26431681 bytes..."
"2"," [91%] Downloaded 26464449 bytes..."
"2"," [91%] Downloaded 26480833 bytes..."
"2"," [91%] Downloaded 26529985 bytes..."
"2"," [91%] Downloaded 26546369 bytes..."
"2"," [92%] Downloaded 26595521 bytes..."
"2"," [92%] Downloaded 26611905 bytes..."
"2"," [92%] Downloaded 26659929 bytes..."
"2"," [92%] Downloaded 26676313 bytes..."
"2"," [92%] Downloaded 26709081 bytes..."
"2"," [92%] Downloaded 26725465 bytes..."
"2"," [92%] Downloaded 26741849 bytes..."
"2"," [92%] Downloaded 26774617 bytes..."
"2"," [92%] Downloaded 26791001 bytes..."
"2"," [92%] Downloaded 26807385 bytes..."
"2"," [92%] Downloaded 26822641 bytes..."
"2"," [92%] Downloaded 26855409 bytes..."
"2"," [92%] Downloaded 26871793 bytes..."
"2"," [93%] Downloaded 26888177 bytes..."
"2"," [93%] Downloaded 26904561 bytes..."
"2"," [93%] Downloaded 26937329 bytes..."
"2"," [93%] Downloaded 26953713 bytes..."
"2"," [93%] Downloaded 26970097 bytes..."
"2"," [93%] Downloaded 27002865 bytes..."
"2"," [93%] Downloaded 27018121 bytes..."
"2"," [93%] Downloaded 27034505 bytes..."
"2"," [93%] Downloaded 27067273 bytes..."
"2"," [93%] Downloaded 27083657 bytes..."
"2"," [93%] Downloaded 27100041 bytes..."
"2"," [93%] Downloaded 27132809 bytes..."
"2"," [93%] Downloaded 27149193 bytes..."
"2"," [93%] Downloaded 27165577 bytes..."
"2"," [94%] Downloaded 27198345 bytes..."
"2"," [94%] Downloaded 27213601 bytes..."
"2"," [94%] Downloaded 27229985 bytes..."
"2"," [94%] Downloaded 27262753 bytes..."
"2"," [94%] Downloaded 27279137 bytes..."
"2"," [94%] Downloaded 27295521 bytes..."
"2"," [94%] Downloaded 27311905 bytes..."
"2"," [94%] Downloaded 27328289 bytes..."
"2"," [94%] Downloaded 27344673 bytes..."
"2"," [94%] Downloaded 27361057 bytes..."
"2"," [94%] Downloaded 27393825 bytes..."
"2"," [94%] Downloaded 27425465 bytes..."
"2"," [94%] Downloaded 27458233 bytes..."
"2"," [95%] Downloaded 27491001 bytes..."
"2"," [95%] Downloaded 27523769 bytes..."
"2"," [95%] Downloaded 27556537 bytes..."
"2"," [95%] Downloaded 27589305 bytes..."
"2"," [95%] Downloaded 27620945 bytes..."
"2"," [95%] Downloaded 27653713 bytes..."
"2"," [95%] Downloaded 27686481 bytes..."
"2"," [95%] Downloaded 27719249 bytes..."
"2"," [96%] Downloaded 27752017 bytes..."
"2"," [96%] Downloaded 27768401 bytes..."
"2"," [96%] Downloaded 27784785 bytes..."
"2"," [96%] Downloaded 27816425 bytes..."
"2"," [96%] Downloaded 27832809 bytes..."
"2"," [96%] Downloaded 27849193 bytes..."
"2"," [96%] Downloaded 27881961 bytes..."
"2"," [96%] Downloaded 27898345 bytes..."
"2"," [96%] Downloaded 27947497 bytes..."
"2"," [96%] Downloaded 27963881 bytes..."
"2"," [96%] Downloaded 28011905 bytes..."
"2"," [96%] Downloaded 28028289 bytes..."
"2"," [97%] Downloaded 28077441 bytes..."
"2"," [97%] Downloaded 28093825 bytes..."
"2"," [97%] Downloaded 28110209 bytes..."
"2"," [97%] Downloaded 28142977 bytes..."
"2"," [97%] Downloaded 28159361 bytes..."
"2"," [97%] Downloaded 28190337 bytes..."
"2"," [97%] Downloaded 28206721 bytes..."
"2"," [97%] Downloaded 28223105 bytes..."
"2"," [97%] Downloaded 28272257 bytes..."
"2"," [97%] Downloaded 28288641 bytes..."
"2"," [97%] Downloaded 28305025 bytes..."
"2"," [98%] Downloaded 28337793 bytes..."
"2"," [98%] Downloaded 28354177 bytes..."
"2"," [98%] Downloaded 28370561 bytes..."
"2"," [98%] Downloaded 28402201 bytes..."
"2"," [98%] Downloaded 28418585 bytes..."
"2"," [98%] Downloaded 28434969 bytes..."
"2"," [98%] Downloaded 28451353 bytes..."
"2"," [98%] Downloaded 28467737 bytes..."
"2"," [98%] Downloaded 28484121 bytes..."
"2"," [98%] Downloaded 28500505 bytes..."
"2"," [98%] Downloaded 28516889 bytes..."
"2"," [98%] Downloaded 28533273 bytes..."
"2"," [98%] Downloaded 28549657 bytes..."
"2"," [98%] Downloaded 28597681 bytes..."
"2"," [98%] Downloaded 28614065 bytes..."
"2"," [99%] Downloaded 28663217 bytes..."
"2"," [99%] Downloaded 28679601 bytes..."
"2"," [99%] Downloaded 28728753 bytes..."
"2"," [99%] Downloaded 28745137 bytes..."
"2"," [99%] Downloaded 28793161 bytes..."
"2"," [99%] Downloaded 28809545 bytes..."
"2"," [99%] Downloaded 28858697 bytes..."
"2"," [99%] Downloaded 28875081 bytes..."
"2"," [100%] Downloaded 28905140 bytes..."
"2","
"
"2"," [0%] Downloaded 32425 bytes..."
"2"," [0%] Downloaded 48809 bytes..."
"2"," [0%] Downloaded 64881 bytes..."
"2"," [0%] Downloaded 97649 bytes..."
"2"," [0%] Downloaded 114033 bytes..."
"2"," [0%] Downloaded 179193 bytes..."
"2"," [0%] Downloaded 195201 bytes..."
"2"," [0%] Downloaded 244353 bytes..."
"2"," [1%] Downloaded 309513 bytes..."
"2"," [1%] Downloaded 358665 bytes..."
"2"," [1%] Downloaded 375049 bytes..."
"2"," [1%] Downloaded 424201 bytes..."
"2"," [1%] Downloaded 440585 bytes..."
"2"," [1%] Downloaded 488609 bytes..."
"2"," [1%] Downloaded 504993 bytes..."
"2"," [2%] Downloaded 537761 bytes..."
"2"," [2%] Downloaded 570529 bytes..."
"2"," [2%] Downloaded 603297 bytes..."
"2"," [2%] Downloaded 619681 bytes..."
"2"," [2%] Downloaded 636065 bytes..."
"2"," [2%] Downloaded 700473 bytes..."
"2"," [2%] Downloaded 766009 bytes..."
"2"," [3%] Downloaded 815161 bytes..."
"2"," [3%] Downloaded 831545 bytes..."
"2"," [3%] Downloaded 895953 bytes..."
"2"," [3%] Downloaded 961489 bytes..."
"2"," [4%] Downloaded 1027025 bytes..."
"2"," [4%] Downloaded 1091433 bytes..."
"2"," [4%] Downloaded 1140585 bytes..."
"2"," [4%] Downloaded 1156969 bytes..."
"2"," [4%] Downloaded 1206121 bytes..."
"2"," [4%] Downloaded 1222505 bytes..."
"2"," [4%] Downloaded 1270529 bytes..."
"2"," [5%] Downloaded 1286913 bytes..."
"2"," [5%] Downloaded 1336065 bytes..."
"2"," [5%] Downloaded 1352449 bytes..."
"2"," [5%] Downloaded 1401601 bytes..."
"2"," [5%] Downloaded 1466009 bytes..."
"2"," [5%] Downloaded 1482393 bytes..."
"2"," [5%] Downloaded 1531545 bytes..."
"2"," [6%] Downloaded 1597081 bytes..."
"2"," [6%] Downloaded 1661489 bytes..."
"2"," [6%] Downloaded 1710641 bytes..."
"2"," [6%] Downloaded 1727025 bytes..."
"2"," [6%] Downloaded 1792561 bytes..."
"2"," [7%] Downloaded 1824201 bytes..."
"2"," [7%] Downloaded 1856969 bytes..."
"2"," [7%] Downloaded 1922505 bytes..."
"2"," [7%] Downloaded 1971657 bytes..."
"2"," [7%] Downloaded 1988041 bytes..."
"2"," [7%] Downloaded 2036065 bytes..."
"2"," [8%] Downloaded 2052449 bytes..."
"2"," [8%] Downloaded 2117985 bytes..."
"2"," [8%] Downloaded 2183521 bytes..."
"2"," [8%] Downloaded 2231545 bytes..."
"2"," [8%] Downloaded 2247929 bytes..."
"2"," [9%] Downloaded 2313465 bytes..."
"2"," [9%] Downloaded 2362617 bytes..."
"2"," [9%] Downloaded 2379001 bytes..."
"2"," [9%] Downloaded 2395385 bytes..."
"2"," [9%] Downloaded 2443409 bytes..."
"2"," [9%] Downloaded 2492561 bytes..."
"2"," [9%] Downloaded 2508945 bytes..."
"2"," [9%] Downloaded 2541713 bytes..."
"2"," [9%] Downloaded 2558097 bytes..."
"2"," [10%] Downloaded 2606121 bytes..."
"2"," [10%] Downloaded 2622505 bytes..."
"2"," [10%] Downloaded 2638889 bytes..."
"2"," [10%] Downloaded 2671657 bytes..."
"2"," [10%] Downloaded 2688041 bytes..."
"2"," [10%] Downloaded 2753577 bytes..."
"2"," [10%] Downloaded 2817985 bytes..."
"2"," [11%] Downloaded 2883521 bytes..."
"2"," [11%] Downloaded 2932673 bytes..."
"2"," [11%] Downloaded 2949057 bytes..."
"2"," [11%] Downloaded 3013465 bytes..."
"2"," [11%] Downloaded 3062617 bytes..."
"2"," [12%] Downloaded 3079001 bytes..."
"2"," [12%] Downloaded 3144537 bytes..."
"2"," [12%] Downloaded 3192561 bytes..."
"2"," [12%] Downloaded 3208945 bytes..."
"2"," [12%] Downloaded 3274481 bytes..."
"2"," [13%] Downloaded 3340017 bytes..."
"2"," [13%] Downloaded 3388041 bytes..."
"2"," [13%] Downloaded 3404425 bytes..."
"2"," [13%] Downloaded 3453577 bytes..."
"2"," [13%] Downloaded 3469961 bytes..."
"2"," [13%] Downloaded 3535497 bytes..."
"2"," [13%] Downloaded 3568265 bytes..."
"2"," [14%] Downloaded 3599905 bytes..."
"2"," [14%] Downloaded 3632673 bytes..."
"2"," [14%] Downloaded 3649057 bytes..."
"2"," [14%] Downloaded 3665441 bytes..."
"2"," [14%] Downloaded 3698209 bytes..."
"2"," [14%] Downloaded 3714593 bytes..."
"2"," [14%] Downloaded 3763745 bytes..."
"2"," [14%] Downloaded 3779001 bytes..."
"2"," [14%] Downloaded 3795385 bytes..."
"2"," [15%] Downloaded 3844537 bytes..."
"2"," [15%] Downloaded 3910073 bytes..."
"2"," [15%] Downloaded 3959225 bytes..."
"2"," [15%] Downloaded 3974481 bytes..."
"2"," [15%] Downloaded 4007249 bytes..."
"2"," [15%] Downloaded 4040017 bytes..."
"2"," [15%] Downloaded 4056401 bytes..."
"2"," [16%] Downloaded 4105553 bytes..."
"2"," [16%] Downloaded 4154705 bytes..."
"2"," [16%] Downloaded 4169961 bytes..."
"2"," [16%] Downloaded 4202729 bytes..."
"2"," [16%] Downloaded 4235497 bytes..."
"2"," [16%] Downloaded 4301033 bytes..."
"2"," [17%] Downloaded 4365441 bytes..."
"2"," [17%] Downloaded 4414593 bytes..."
"2"," [17%] Downloaded 4430977 bytes..."
"2"," [17%] Downloaded 4496513 bytes..."
"2"," [17%] Downloaded 4560921 bytes..."
"2"," [18%] Downloaded 4626457 bytes..."
"2"," [18%] Downloaded 4675609 bytes..."
"2"," [18%] Downloaded 4691993 bytes..."
"2"," [18%] Downloaded 4741145 bytes..."
"2"," [18%] Downloaded 4756401 bytes..."
"2"," [18%] Downloaded 4789169 bytes..."
"2"," [18%] Downloaded 4805553 bytes..."
"2"," [18%] Downloaded 4821937 bytes..."
"2"," [18%] Downloaded 4854705 bytes..."
"2"," [19%] Downloaded 4871089 bytes..."
"2"," [19%] Downloaded 4920241 bytes..."
"2"," [19%] Downloaded 4936625 bytes..."
"2"," [19%] Downloaded 4984649 bytes..."
"2"," [19%] Downloaded 5001033 bytes..."
"2"," [19%] Downloaded 5050185 bytes..."
"2"," [19%] Downloaded 5066569 bytes..."
"2"," [19%] Downloaded 5115721 bytes..."
"2"," [20%] Downloaded 5132105 bytes..."
"2"," [20%] Downloaded 5196513 bytes..."
"2"," [20%] Downloaded 5262049 bytes..."
"2"," [20%] Downloaded 5311201 bytes..."
"2"," [20%] Downloaded 5327585 bytes..."
"2"," [21%] Downloaded 5391993 bytes..."
"2"," [21%] Downloaded 5457529 bytes..."
"2"," [21%] Downloaded 5523065 bytes..."
"2"," [21%] Downloaded 5587473 bytes..."
"2"," [22%] Downloaded 5636625 bytes..."
"2"," [22%] Downloaded 5653009 bytes..."
"2"," [22%] Downloaded 5718545 bytes..."
"2"," [22%] Downloaded 5766569 bytes..."
"2"," [22%] Downloaded 5782953 bytes..."
"2"," [22%] Downloaded 5815721 bytes..."
"2"," [22%] Downloaded 5848489 bytes..."
"2"," [22%] Downloaded 5881257 bytes..."
"2"," [23%] Downloaded 5897641 bytes..."
"2"," [23%] Downloaded 5914025 bytes..."
"2"," [23%] Downloaded 5978433 bytes..."
"2"," [23%] Downloaded 6027585 bytes..."
"2"," [23%] Downloaded 6043969 bytes..."
"2"," [23%] Downloaded 6093121 bytes..."
"2"," [23%] Downloaded 6109505 bytes..."
"2"," [24%] Downloaded 6157529 bytes..."
"2"," [24%] Downloaded 6173913 bytes..."
"2"," [24%] Downloaded 6206681 bytes..."
"2"," [24%] Downloaded 6223065 bytes..."
"2"," [24%] Downloaded 6288601 bytes..."
"2"," [24%] Downloaded 6353009 bytes..."
"2"," [25%] Downloaded 6418545 bytes..."
"2"," [25%] Downloaded 6451313 bytes..."
"2"," [25%] Downloaded 6484081 bytes..."
"2"," [25%] Downloaded 6515721 bytes..."
"2"," [25%] Downloaded 6548489 bytes..."
"2"," [25%] Downloaded 6581257 bytes..."
"2"," [25%] Downloaded 6614025 bytes..."
"2"," [25%] Downloaded 6646793 bytes..."
"2"," [26%] Downloaded 6679561 bytes..."
"2"," [26%] Downloaded 6727585 bytes..."
"2"," [26%] Downloaded 6743969 bytes..."
"2"," [26%] Downloaded 6793121 bytes..."
"2"," [26%] Downloaded 6809505 bytes..."
"2"," [26%] Downloaded 6875041 bytes..."
"2"," [27%] Downloaded 6939449 bytes..."
"2"," [27%] Downloaded 7004985 bytes..."
"2"," [27%] Downloaded 7070521 bytes..."
"2"," [27%] Downloaded 7134929 bytes..."
"2"," [28%] Downloaded 7184081 bytes..."
"2"," [28%] Downloaded 7200465 bytes..."
"2"," [28%] Downloaded 7233233 bytes..."
"2"," [28%] Downloaded 7249617 bytes..."
"2"," [28%] Downloaded 7266001 bytes..."
"2"," [28%] Downloaded 7314025 bytes..."
"2"," [28%] Downloaded 7330409 bytes..."
"2"," [28%] Downloaded 7379561 bytes..."
"2"," [28%] Downloaded 7395945 bytes..."
"2"," [28%] Downloaded 7428713 bytes..."
"2"," [29%] Downloaded 7445097 bytes..."
"2"," [29%] Downloaded 7493121 bytes..."
"2"," [29%] Downloaded 7509505 bytes..."
"2"," [29%] Downloaded 7525889 bytes..."
"2"," [29%] Downloaded 7575041 bytes..."
"2"," [29%] Downloaded 7640577 bytes..."
"2"," [30%] Downloaded 7688601 bytes..."
"2"," [30%] Downloaded 7704985 bytes..."
"2"," [30%] Downloaded 7770521 bytes..."
"2"," [30%] Downloaded 7803289 bytes..."
"2"," [30%] Downloaded 7836057 bytes..."
"2"," [30%] Downloaded 7868825 bytes..."
"2"," [30%] Downloaded 7900465 bytes..."
"2"," [30%] Downloaded 7916849 bytes..."
"2"," [30%] Downloaded 7933233 bytes..."
"2"," [31%] Downloaded 7966001 bytes..."
"2"," [31%] Downloaded 7998769 bytes..."
"2"," [31%] Downloaded 8031537 bytes..."
"2"," [31%] Downloaded 8064305 bytes..."
"2"," [31%] Downloaded 8095945 bytes..."
"2"," [31%] Downloaded 8128713 bytes..."
"2"," [31%] Downloaded 8161481 bytes..."
"2"," [31%] Downloaded 8194249 bytes..."
"2"," [32%] Downloaded 8227017 bytes..."
"2"," [32%] Downloaded 8259785 bytes..."
"2"," [32%] Downloaded 8291425 bytes..."
"2"," [32%] Downloaded 8324193 bytes..."
"2"," [32%] Downloaded 8356961 bytes..."
"2"," [32%] Downloaded 8389729 bytes..."
"2"," [32%] Downloaded 8422497 bytes..."
"2"," [33%] Downloaded 8455265 bytes..."
"2"," [33%] Downloaded 8486905 bytes..."
"2"," [33%] Downloaded 8519673 bytes..."
"2"," [33%] Downloaded 8536057 bytes..."
"2"," [33%] Downloaded 8552441 bytes..."
"2"," [33%] Downloaded 8585209 bytes..."
"2"," [33%] Downloaded 8601593 bytes..."
"2"," [33%] Downloaded 8650745 bytes..."
"2"," [33%] Downloaded 8666001 bytes..."
"2"," [34%] Downloaded 8715153 bytes..."
"2"," [34%] Downloaded 8731537 bytes..."
"2"," [34%] Downloaded 8797073 bytes..."
"2"," [34%] Downloaded 8861481 bytes..."
"2"," [34%] Downloaded 8910633 bytes..."
"2"," [34%] Downloaded 8927017 bytes..."
"2"," [35%] Downloaded 8976169 bytes..."
"2"," [35%] Downloaded 8992553 bytes..."
"2"," [35%] Downloaded 9056961 bytes..."
"2"," [35%] Downloaded 9122497 bytes..."
"2"," [35%] Downloaded 9171649 bytes..."
"2"," [35%] Downloaded 9188033 bytes..."
"2"," [36%] Downloaded 9252441 bytes..."
"2"," [36%] Downloaded 9317977 bytes..."
"2"," [36%] Downloaded 9350745 bytes..."
"2"," [36%] Downloaded 9383513 bytes..."
"2"," [36%] Downloaded 9432665 bytes..."
"2"," [36%] Downloaded 9447921 bytes..."
"2"," [37%] Downloaded 9513457 bytes..."
"2"," [37%] Downloaded 9578993 bytes..."
"2"," [37%] Downloaded 9643401 bytes..."
"2"," [37%] Downloaded 9676169 bytes..."
"2"," [37%] Downloaded 9692553 bytes..."
"2"," [37%] Downloaded 9708937 bytes..."
"2"," [38%] Downloaded 9741705 bytes..."
"2"," [38%] Downloaded 9758089 bytes..."
"2"," [38%] Downloaded 9823625 bytes..."
"2"," [38%] Downloaded 9838881 bytes..."
"2"," [38%] Downloaded 9888033 bytes..."
"2"," [38%] Downloaded 9953569 bytes..."
"2"," [39%] Downloaded 10002721 bytes..."
"2"," [39%] Downloaded 10019105 bytes..."
"2"," [39%] Downloaded 10083513 bytes..."
"2"," [39%] Downloaded 10149049 bytes..."
"2"," [39%] Downloaded 10214585 bytes..."
"2"," [40%] Downloaded 10262609 bytes..."
"2"," [40%] Downloaded 10278993 bytes..."
"2"," [40%] Downloaded 10344529 bytes..."
"2"," [40%] Downloaded 10410065 bytes..."
"2"," [40%] Downloaded 10441705 bytes..."
"2"," [40%] Downloaded 10474473 bytes..."
"2"," [41%] Downloaded 10540009 bytes..."
"2"," [41%] Downloaded 10572777 bytes..."
"2"," [41%] Downloaded 10605545 bytes..."
"2"," [41%] Downloaded 10653569 bytes..."
"2"," [41%] Downloaded 10669953 bytes..."
"2"," [41%] Downloaded 10735489 bytes..."
"2"," [42%] Downloaded 10801025 bytes..."
"2"," [42%] Downloaded 10865433 bytes..."
"2"," [42%] Downloaded 10914585 bytes..."
"2"," [42%] Downloaded 10930969 bytes..."
"2"," [42%] Downloaded 10947353 bytes..."
"2"," [42%] Downloaded 10980121 bytes..."
"2"," [42%] Downloaded 10996505 bytes..."
"2"," [43%] Downloaded 11044529 bytes..."
"2"," [43%] Downloaded 11060913 bytes..."
"2"," [43%] Downloaded 11110065 bytes..."
"2"," [43%] Downloaded 11126449 bytes..."
"2"," [43%] Downloaded 11142833 bytes..."
"2"," [43%] Downloaded 11175601 bytes..."
"2"," [43%] Downloaded 11240009 bytes..."
"2"," [44%] Downloaded 11305545 bytes..."
"2"," [44%] Downloaded 11354697 bytes..."
"2"," [44%] Downloaded 11371081 bytes..."
"2"," [44%] Downloaded 11403096 bytes..."
"2"," [44%] Downloaded 11435864 bytes..."
"2"," [44%] Downloaded 11501400 bytes..."
"2"," [45%] Downloaded 11566936 bytes..."
"2"," [45%] Downloaded 11631344 bytes..."
"2"," [45%] Downloaded 11696880 bytes..."
"2"," [45%] Downloaded 11762416 bytes..."
"2"," [46%] Downloaded 11826824 bytes..."
"2"," [46%] Downloaded 11875976 bytes..."
"2"," [46%] Downloaded 11892360 bytes..."
"2"," [46%] Downloaded 11941512 bytes..."
"2"," [46%] Downloaded 11957896 bytes..."
"2"," [46%] Downloaded 12005920 bytes..."
"2"," [46%] Downloaded 12022304 bytes..."
"2"," [47%] Downloaded 12071456 bytes..."
"2"," [47%] Downloaded 12087840 bytes..."
"2"," [47%] Downloaded 12136992 bytes..."
"2"," [47%] Downloaded 12153376 bytes..."
"2"," [47%] Downloaded 12201400 bytes..."
"2"," [47%] Downloaded 12217784 bytes..."
"2"," [47%] Downloaded 12266936 bytes..."
"2"," [48%] Downloaded 12316088 bytes..."
"2"," [48%] Downloaded 12332472 bytes..."
"2"," [48%] Downloaded 12396880 bytes..."
"2"," [48%] Downloaded 12446032 bytes..."
"2"," [48%] Downloaded 12462416 bytes..."
"2"," [48%] Downloaded 12527952 bytes..."
"2"," [49%] Downloaded 12592360 bytes..."
"2"," [49%] Downloaded 12641512 bytes..."
"2"," [49%] Downloaded 12657896 bytes..."
"2"," [49%] Downloaded 12674280 bytes..."
"2"," [49%] Downloaded 12723432 bytes..."
"2"," [49%] Downloaded 12771456 bytes..."
"2"," [49%] Downloaded 12787840 bytes..."
"2"," [50%] Downloaded 12853376 bytes..."
"2"," [50%] Downloaded 12918912 bytes..."
"2"," [50%] Downloaded 12983320 bytes..."
"2"," [50%] Downloaded 13032472 bytes..."
"2"," [50%] Downloaded 13048856 bytes..."
"2"," [51%] Downloaded 13114392 bytes..."
"2"," [51%] Downloaded 13178800 bytes..."
"2"," [51%] Downloaded 13227952 bytes..."
"2"," [51%] Downloaded 13244336 bytes..."
"2"," [51%] Downloaded 13277104 bytes..."
"2"," [51%] Downloaded 13293488 bytes..."
"2"," [51%] Downloaded 13309872 bytes..."
"2"," [52%] Downloaded 13342640 bytes..."
"2"," [52%] Downloaded 13357896 bytes..."
"2"," [52%] Downloaded 13374280 bytes..."
"2"," [52%] Downloaded 13407048 bytes..."
"2"," [52%] Downloaded 13423432 bytes..."
"2"," [52%] Downloaded 13488968 bytes..."
"2"," [52%] Downloaded 13553376 bytes..."
"2"," [52%] Downloaded 13569760 bytes..."
"2"," [53%] Downloaded 13618912 bytes..."
"2"," [53%] Downloaded 13684448 bytes..."
"2"," [53%] Downloaded 13748856 bytes..."
"2"," [53%] Downloaded 13765240 bytes..."
"2"," [53%] Downloaded 13814392 bytes..."
"2"," [54%] Downloaded 13863544 bytes..."
"2"," [54%] Downloaded 13879928 bytes..."
"2"," [54%] Downloaded 13896312 bytes..."
"2"," [54%] Downloaded 13944336 bytes..."
"2"," [54%] Downloaded 14009872 bytes..."
"2"," [54%] Downloaded 14059024 bytes..."
"2"," [54%] Downloaded 14075408 bytes..."
"2"," [55%] Downloaded 14124560 bytes..."
"2"," [55%] Downloaded 14139816 bytes..."
"2"," [55%] Downloaded 14205352 bytes..."
"2"," [55%] Downloaded 14254504 bytes..."
"2"," [55%] Downloaded 14270888 bytes..."
"2"," [55%] Downloaded 14335296 bytes..."
"2"," [56%] Downloaded 14384448 bytes..."
"2"," [56%] Downloaded 14400832 bytes..."
"2"," [56%] Downloaded 14449984 bytes..."
"2"," [56%] Downloaded 14466368 bytes..."
"2"," [56%] Downloaded 14499136 bytes..."
"2"," [56%] Downloaded 14530776 bytes..."
"2"," [56%] Downloaded 14579928 bytes..."
"2"," [57%] Downloaded 14629080 bytes..."
"2"," [57%] Downloaded 14645464 bytes..."
"2"," [57%] Downloaded 14711000 bytes..."
"2"," [57%] Downloaded 14726256 bytes..."
"2"," [57%] Downloaded 14759024 bytes..."
"2"," [57%] Downloaded 14775408 bytes..."
"2"," [57%] Downloaded 14840944 bytes..."
"2"," [57%] Downloaded 14857328 bytes..."
"2"," [58%] Downloaded 14890096 bytes..."
"2"," [58%] Downloaded 14906480 bytes..."
"2"," [58%] Downloaded 14954504 bytes..."
"2"," [58%] Downloaded 14970888 bytes..."
"2"," [58%] Downloaded 15020040 bytes..."
"2"," [58%] Downloaded 15036424 bytes..."
"2"," [58%] Downloaded 15085576 bytes..."
"2"," [58%] Downloaded 15101960 bytes..."
"2"," [59%] Downloaded 15149984 bytes..."
"2"," [59%] Downloaded 15166368 bytes..."
"2"," [59%] Downloaded 15231904 bytes..."
"2"," [59%] Downloaded 15297440 bytes..."
"2"," [59%] Downloaded 15329080 bytes..."
"2"," [59%] Downloaded 15361848 bytes..."
"2"," [60%] Downloaded 15411000 bytes..."
"2"," [60%] Downloaded 15427384 bytes..."
"2"," [60%] Downloaded 15476536 bytes..."
"2"," [60%] Downloaded 15492920 bytes..."
"2"," [60%] Downloaded 15557328 bytes..."
"2"," [60%] Downloaded 15606480 bytes..."
"2"," [60%] Downloaded 15622864 bytes..."
"2"," [61%] Downloaded 15672016 bytes..."
"2"," [61%] Downloaded 15688400 bytes..."
"2"," [61%] Downloaded 15720040 bytes..."
"2"," [61%] Downloaded 15752808 bytes..."
"2"," [61%] Downloaded 15801960 bytes..."
"2"," [61%] Downloaded 15818344 bytes..."
"2"," [61%] Downloaded 15867496 bytes..."
"2"," [61%] Downloaded 15883880 bytes..."
"2"," [62%] Downloaded 15931904 bytes..."
"2"," [62%] Downloaded 15948288 bytes..."
"2"," [62%] Downloaded 15981056 bytes..."
"2"," [62%] Downloaded 15997440 bytes..."
"2"," [62%] Downloaded 16013824 bytes..."
"2"," [62%] Downloaded 16030208 bytes..."
"2"," [62%] Downloaded 16046592 bytes..."
"2"," [62%] Downloaded 16062976 bytes..."
"2"," [62%] Downloaded 16127384 bytes..."
"2"," [63%] Downloaded 16192920 bytes..."
"2"," [63%] Downloaded 16258456 bytes..."
"2"," [63%] Downloaded 16322864 bytes..."
"2"," [63%] Downloaded 16388400 bytes..."
"2"," [64%] Downloaded 16453936 bytes..."
"2"," [64%] Downloaded 16518344 bytes..."
"2"," [64%] Downloaded 16551112 bytes..."
"2"," [64%] Downloaded 16583880 bytes..."
"2"," [64%] Downloaded 16649416 bytes..."
"2"," [65%] Downloaded 16697440 bytes..."
"2"," [65%] Downloaded 16713824 bytes..."
"2"," [65%] Downloaded 16762976 bytes..."
"2"," [65%] Downloaded 16779360 bytes..."
"2"," [65%] Downloaded 16828512 bytes..."
"2"," [65%] Downloaded 16844896 bytes..."
"2"," [65%] Downloaded 16892920 bytes..."
"2"," [66%] Downloaded 16909304 bytes..."
"2"," [66%] Downloaded 16974840 bytes..."
"2"," [66%] Downloaded 17023992 bytes..."
"2"," [66%] Downloaded 17040376 bytes..."
"2"," [66%] Downloaded 17088400 bytes..."
"2"," [66%] Downloaded 17104784 bytes..."
"2"," [66%] Downloaded 17121168 bytes..."
"2"," [66%] Downloaded 17153936 bytes..."
"2"," [67%] Downloaded 17170320 bytes..."
"2"," [67%] Downloaded 17219472 bytes..."
"2"," [67%] Downloaded 17283880 bytes..."
"2"," [67%] Downloaded 17300264 bytes..."
"2"," [67%] Downloaded 17349416 bytes..."
"2"," [67%] Downloaded 17414952 bytes..."
"2"," [68%] Downloaded 17431336 bytes..."
"2"," [68%] Downloaded 17479360 bytes..."
"2"," [68%] Downloaded 17528512 bytes..."
"2"," [68%] Downloaded 17544896 bytes..."
"2"," [68%] Downloaded 17594048 bytes..."
"2"," [68%] Downloaded 17610432 bytes..."
"2"," [68%] Downloaded 17658456 bytes..."
"2"," [68%] Downloaded 17674840 bytes..."
"2"," [69%] Downloaded 17723992 bytes..."
"2"," [69%] Downloaded 17740376 bytes..."
"2"," [69%] Downloaded 17805912 bytes..."
"2"," [69%] Downloaded 17822296 bytes..."
"2"," [69%] Downloaded 17853936 bytes..."
"2"," [69%] Downloaded 17870320 bytes..."
"2"," [69%] Downloaded 17886704 bytes..."
"2"," [70%] Downloaded 17935856 bytes..."
"2"," [70%] Downloaded 17985008 bytes..."
"2"," [70%] Downloaded 18001392 bytes..."
"2"," [70%] Downloaded 18065800 bytes..."
"2"," [70%] Downloaded 18114952 bytes..."
"2"," [70%] Downloaded 18131336 bytes..."
"2"," [70%] Downloaded 18147720 bytes..."
"2"," [71%] Downloaded 18196872 bytes..."
"2"," [71%] Downloaded 18261280 bytes..."
"2"," [71%] Downloaded 18326816 bytes..."
"2"," [71%] Downloaded 18375968 bytes..."
"2"," [71%] Downloaded 18392352 bytes..."
"2"," [71%] Downloaded 18408736 bytes..."
"2"," [72%] Downloaded 18456760 bytes..."
"2"," [72%] Downloaded 18505912 bytes..."
"2"," [72%] Downloaded 18522296 bytes..."
"2"," [72%] Downloaded 18538680 bytes..."
"2"," [72%] Downloaded 18571448 bytes..."
"2"," [72%] Downloaded 18587832 bytes..."
"2"," [72%] Downloaded 18635856 bytes..."
"2"," [72%] Downloaded 18652240 bytes..."
"2"," [72%] Downloaded 18701392 bytes..."
"2"," [73%] Downloaded 18717776 bytes..."
"2"," [73%] Downloaded 18766928 bytes..."
"2"," [73%] Downloaded 18783312 bytes..."
"2"," [73%] Downloaded 18831336 bytes..."
"2"," [73%] Downloaded 18847720 bytes..."
"2"," [73%] Downloaded 18896872 bytes..."
"2"," [73%] Downloaded 18913256 bytes..."
"2"," [73%] Downloaded 18946024 bytes..."
"2"," [74%] Downloaded 18962408 bytes..."
"2"," [74%] Downloaded 18978792 bytes..."
"2"," [74%] Downloaded 19011560 bytes..."
"2"," [74%] Downloaded 19026816 bytes..."
"2"," [74%] Downloaded 19043200 bytes..."
"2"," [74%] Downloaded 19092352 bytes..."
"2"," [74%] Downloaded 19108736 bytes..."
"2"," [74%] Downloaded 19157888 bytes..."
"2"," [74%] Downloaded 19174272 bytes..."
"2"," [75%] Downloaded 19222296 bytes..."
"2"," [75%] Downloaded 19238680 bytes..."
"2"," [75%] Downloaded 19287832 bytes..."
"2"," [75%] Downloaded 19304216 bytes..."
"2"," [75%] Downloaded 19320600 bytes..."
"2"," [75%] Downloaded 19353368 bytes..."
"2"," [75%] Downloaded 19386136 bytes..."
"2"," [75%] Downloaded 19417776 bytes..."
"2"," [75%] Downloaded 19450544 bytes..."
"2"," [76%] Downloaded 19483312 bytes..."
"2"," [76%] Downloaded 19516080 bytes..."
"2"," [76%] Downloaded 19548848 bytes..."
"2"," [76%] Downloaded 19581616 bytes..."
"2"," [76%] Downloaded 19613256 bytes..."
"2"," [76%] Downloaded 19646024 bytes..."
"2"," [76%] Downloaded 19678792 bytes..."
"2"," [76%] Downloaded 19695176 bytes..."
"2"," [76%] Downloaded 19711560 bytes..."
"2"," [77%] Downloaded 19727944 bytes..."
"2"," [77%] Downloaded 19744328 bytes..."
"2"," [77%] Downloaded 19760712 bytes..."
"2"," [77%] Downloaded 19793480 bytes..."
"2"," [77%] Downloaded 19808736 bytes..."
"2"," [77%] Downloaded 19825120 bytes..."
"2"," [77%] Downloaded 19874272 bytes..."
"2"," [77%] Downloaded 19890656 bytes..."
"2"," [77%] Downloaded 19923424 bytes..."
"2"," [77%] Downloaded 19956192 bytes..."
"2"," [78%] Downloaded 19988960 bytes..."
"2"," [78%] Downloaded 20020600 bytes..."
"2"," [78%] Downloaded 20053368 bytes..."
"2"," [78%] Downloaded 20086136 bytes..."
"2"," [78%] Downloaded 20102520 bytes..."
"2"," [78%] Downloaded 20118904 bytes..."
"2"," [78%] Downloaded 20151672 bytes..."
"2"," [78%] Downloaded 20184440 bytes..."
"2"," [78%] Downloaded 20216080 bytes..."
"2"," [79%] Downloaded 20248848 bytes..."
"2"," [79%] Downloaded 20281616 bytes..."
"2"," [79%] Downloaded 20314384 bytes..."
"2"," [79%] Downloaded 20330768 bytes..."
"2"," [79%] Downloaded 20347152 bytes..."
"2"," [79%] Downloaded 20379920 bytes..."
"2"," [79%] Downloaded 20411560 bytes..."
"2"," [79%] Downloaded 20444328 bytes..."
"2"," [79%] Downloaded 20477096 bytes..."
"2"," [80%] Downloaded 20509864 bytes..."
"2"," [80%] Downloaded 20542632 bytes..."
"2"," [80%] Downloaded 20575400 bytes..."
"2"," [80%] Downloaded 20607040 bytes..."
"2"," [80%] Downloaded 20639808 bytes..."
"2"," [80%] Downloaded 20672576 bytes..."
"2"," [80%] Downloaded 20705344 bytes..."
"2"," [80%] Downloaded 20738112 bytes..."
"2"," [81%] Downloaded 20770880 bytes..."
"2"," [81%] Downloaded 20802520 bytes..."
"2"," [81%] Downloaded 20835288 bytes..."
"2"," [81%] Downloaded 20868056 bytes..."
"2"," [81%] Downloaded 20900824 bytes..."
"2"," [81%] Downloaded 20933592 bytes..."
"2"," [81%] Downloaded 20966360 bytes..."
"2"," [81%] Downloaded 20998000 bytes..."
"2"," [82%] Downloaded 21030768 bytes..."
"2"," [82%] Downloaded 21063536 bytes..."
"2"," [82%] Downloaded 21096304 bytes..."
"2"," [82%] Downloaded 21129072 bytes..."
"2"," [82%] Downloaded 21161840 bytes..."
"2"," [82%] Downloaded 21193480 bytes..."
"2"," [82%] Downloaded 21226248 bytes..."
"2"," [82%] Downloaded 21259016 bytes..."
"2"," [83%] Downloaded 21291784 bytes..."
"2"," [83%] Downloaded 21324552 bytes..."
"2"," [83%] Downloaded 21357320 bytes..."
"2"," [83%] Downloaded 21388960 bytes..."
"2"," [83%] Downloaded 21421728 bytes..."
"2"," [83%] Downloaded 21470880 bytes..."
"2"," [83%] Downloaded 21487264 bytes..."
"2"," [83%] Downloaded 21520032 bytes..."
"2"," [84%] Downloaded 21552800 bytes..."
"2"," [84%] Downloaded 21584440 bytes..."
"2"," [84%] Downloaded 21617208 bytes..."
"2"," [84%] Downloaded 21649976 bytes..."
"2"," [84%] Downloaded 21666360 bytes..."
"2"," [84%] Downloaded 21715512 bytes..."
"2"," [84%] Downloaded 21731896 bytes..."
"2"," [84%] Downloaded 21748280 bytes..."
"2"," [85%] Downloaded 21796304 bytes..."
"2"," [85%] Downloaded 21812688 bytes..."
"2"," [85%] Downloaded 21861840 bytes..."
"2"," [85%] Downloaded 21927376 bytes..."
"2"," [85%] Downloaded 21975400 bytes..."
"2"," [85%] Downloaded 21991784 bytes..."
"2"," [86%] Downloaded 22040936 bytes..."
"2"," [86%] Downloaded 22057320 bytes..."
"2"," [86%] Downloaded 22106472 bytes..."
"2"," [86%] Downloaded 22122856 bytes..."
"2"," [86%] Downloaded 22170880 bytes..."
"2"," [86%] Downloaded 22187264 bytes..."
"2"," [86%] Downloaded 22252800 bytes..."
"2"," [87%] Downloaded 22301952 bytes..."
"2"," [87%] Downloaded 22318336 bytes..."
"2"," [87%] Downloaded 22382744 bytes..."
"2"," [87%] Downloaded 22399128 bytes..."
"2"," [87%] Downloaded 22448280 bytes..."
"2"," [87%] Downloaded 22497432 bytes..."
"2"," [87%] Downloaded 22513816 bytes..."
"2"," [87%] Downloaded 22530200 bytes..."
"2"," [88%] Downloaded 22561840 bytes..."
"2"," [88%] Downloaded 22578224 bytes..."
"2"," [88%] Downloaded 22627376 bytes..."
"2"," [88%] Downloaded 22643760 bytes..."
"2"," [88%] Downloaded 22660144 bytes..."
"2"," [88%] Downloaded 22676528 bytes..."
"2"," [88%] Downloaded 22692912 bytes..."
"2"," [88%] Downloaded 22709296 bytes..."
"2"," [88%] Downloaded 22725680 bytes..."
"2"," [88%] Downloaded 22757320 bytes..."
"2"," [88%] Downloaded 22773704 bytes..."
"2"," [89%] Downloaded 22806472 bytes..."
"2"," [89%] Downloaded 22839240 bytes..."
"2"," [89%] Downloaded 22855624 bytes..."
"2"," [89%] Downloaded 22872008 bytes..."
"2"," [89%] Downloaded 22888392 bytes..."
"2"," [89%] Downloaded 22936416 bytes..."
"2"," [89%] Downloaded 22952800 bytes..."
"2"," [89%] Downloaded 22985568 bytes..."
"2"," [89%] Downloaded 23034720 bytes..."
"2"," [90%] Downloaded 23067488 bytes..."
"2"," [90%] Downloaded 23083872 bytes..."
"2"," [90%] Downloaded 23131896 bytes..."
"2"," [90%] Downloaded 23164664 bytes..."
"2"," [90%] Downloaded 23181048 bytes..."
"2"," [90%] Downloaded 23213816 bytes..."
"2"," [90%] Downloaded 23230200 bytes..."
"2"," [90%] Downloaded 23279352 bytes..."
"2"," [91%] Downloaded 23343760 bytes..."
"2"," [91%] Downloaded 23392912 bytes..."
"2"," [91%] Downloaded 23458448 bytes..."
"2"," [91%] Downloaded 23522856 bytes..."
"2"," [92%] Downloaded 23572008 bytes..."
"2"," [92%] Downloaded 23637544 bytes..."
"2"," [92%] Downloaded 23703080 bytes..."
"2"," [92%] Downloaded 23767488 bytes..."
"2"," [93%] Downloaded 23833024 bytes..."
"2"," [93%] Downloaded 23898560 bytes..."
"2"," [93%] Downloaded 23930200 bytes..."
"2"," [93%] Downloaded 23946584 bytes..."
"2"," [93%] Downloaded 23962968 bytes..."
"2"," [93%] Downloaded 24012120 bytes..."
"2"," [93%] Downloaded 24028504 bytes..."
"2"," [94%] Downloaded 24094040 bytes..."
"2"," [94%] Downloaded 24142064 bytes..."
"2"," [94%] Downloaded 24158448 bytes..."
"2"," [94%] Downloaded 24223984 bytes..."
"2"," [94%] Downloaded 24240368 bytes..."
"2"," [94%] Downloaded 24273136 bytes..."
"2"," [94%] Downloaded 24289520 bytes..."
"2"," [94%] Downloaded 24337544 bytes..."
"2"," [95%] Downloaded 24353928 bytes..."
"2"," [95%] Downloaded 24403080 bytes..."
"2"," [95%] Downloaded 24419464 bytes..."
"2"," [95%] Downloaded 24452232 bytes..."
"2"," [95%] Downloaded 24468616 bytes..."
"2"," [95%] Downloaded 24485000 bytes..."
"2"," [95%] Downloaded 24516640 bytes..."
"2"," [95%] Downloaded 24533024 bytes..."
"2"," [95%] Downloaded 24549408 bytes..."
"2"," [96%] Downloaded 24598560 bytes..."
"2"," [96%] Downloaded 24647712 bytes..."
"2"," [96%] Downloaded 24664096 bytes..."
"2"," [96%] Downloaded 24712120 bytes..."
"2"," [96%] Downloaded 24728504 bytes..."
"2"," [96%] Downloaded 24777656 bytes..."
"2"," [96%] Downloaded 24794040 bytes..."
"2"," [97%] Downloaded 24859576 bytes..."
"2"," [97%] Downloaded 24923984 bytes..."
"2"," [97%] Downloaded 24973136 bytes..."
"2"," [97%] Downloaded 24989520 bytes..."
"2"," [97%] Downloaded 25022288 bytes..."
"2"," [97%] Downloaded 25055056 bytes..."
"2"," [97%] Downloaded 25103080 bytes..."
"2"," [98%] Downloaded 25119464 bytes..."
"2"," [98%] Downloaded 25152232 bytes..."
"2"," [98%] Downloaded 25185000 bytes..."
"2"," [98%] Downloaded 25250536 bytes..."
"2"," [98%] Downloaded 25282176 bytes..."
"2"," [98%] Downloaded 25314944 bytes..."
"2"," [99%] Downloaded 25380480 bytes..."
"2"," [99%] Downloaded 25429632 bytes..."
"2"," [99%] Downloaded 25446016 bytes..."
"2"," [99%] Downloaded 25477656 bytes..."
"2"," [99%] Downloaded 25510424 bytes..."
"2"," [99%] Downloaded 25575960 bytes..."
"2"," [100%] Downloaded 25619901 bytes..."
"2","
"
"2","Extracting downloaded ZIP files...
"
